productId,name,productFamily,active,candidateCapabilities,relationTypes,confidence,evidence,coverageStatus,reviewReason
723,Pack 10 Palmetas de Caucho 100x100cm 15mm,FLOORING,true,,,,,NO_CAPABILITY_APPLICABLE,
319,Palmeta de Caucho 100x100cm 15mm (Unidad),FLOORING,true,,,,,NO_CAPABILITY_APPLICABLE,
534,Polea de Muro 2.0 ZR Series | PROmachine,CABLE_MACHINE,false,,,,,INSUFFICIENT_EVIDENCE,
252,Power Rack Hell Series | HWM®,RACK_CAGE,false,,,,,UNMODELED,
1427,Polea de Muro 1.0 ZR Series | PROmachine,CABLE_MACHINE,true,,,,,INSUFFICIENT_EVIDENCE,
1237,Trotadora Comercial S1 Series LED | Obelix®,CARDIO_MACHINE,true,,,,,UNMODELED,
679,Bicicleta de Spinning SP9 | Obelix,CARDIO_MACHINE,true,,,,,UNMODELED,
176,Crossover Lat Pulldown ZR Series | PROmachine,CABLE_MACHINE,true,LAT_PULLDOWN;PULL_UP,DIRECT;SUPPORTED,EXPLICIT;HIGH,NAME:NAME:lat pulldown:NAME_LAT_PULLDOWN_EXPLICIT_V1: | STRUCTURED_FEATURE:11:Peso máximo de usuario: Barra Pull Up: 100 kg.:FEATURE_NAME_PULL_UP_DIRECT_EXPLICIT_V1:Explicit module/configuration evidence; supported relation. | STRUCTURED_FEATURE:47:Diámetro de agarre: Barra Pull Up: 32 mm.:FEATURE_NAME_PULL_UP_DIRECT_EXPLICIT_V1:Explicit module/configuration evidence; supported relation.,UNMODELED,SUPPORTED assignment requires explicit module/configuration evidence.
638,Banco Regulable Amarillo Flúor | KONG,BENCH,true,,,,,NO_CAPABILITY_APPLICABLE,
1238,Trotadora Comercial S1 Series TFT Touch | Obelix®,CARDIO_MACHINE,true,,,,,UNMODELED,
1504,Dual Cuádriceps / Femoral Sentado MO 2.0 | Obelix®,SELECTORIZED_MACHINE,true,,,,,INSUFFICIENT_EVIDENCE,
1125,Cajón Hip Thrust Acolchado | FullFit,BENCH,true,,,,,NO_CAPABILITY_APPLICABLE,
212,Banco Regulable Hell | HWM,BENCH,false,,,,,NO_CAPABILITY_APPLICABLE,
29,Barra Olímpica 15kg 220cm Eco Serie | PROmachine,BARBELL,true,,,,,NO_CAPABILITY_APPLICABLE,
32,Barra Olímpica 20kg Training | HWM®,BARBELL,true,,,,,NO_CAPABILITY_APPLICABLE,
1198,Piso de Caucho Interlock 100x100cm x 15mm (Unidad) Sin Bordes,FLOORING,true,,,,,NO_CAPABILITY_APPLICABLE,
1338,Banco Regulable Negro | KONG,BENCH,true,,,,,NO_CAPABILITY_APPLICABLE,
1505,Dual Abductor / Aductor MO 2.0 | Obelix®,SELECTORIZED_MACHINE,true,ABDUCTOR;ADDUCTOR,DIRECT,EXPLICIT,NAME:NAME:abductor:NAME_ABDUCTOR_EXPLICIT_V1: | NAME:NAME:aductor:NAME_ADDUCTOR_EXPLICIT_V1:,UNMODELED,
31,Barra Olímpica 20kg Classic Serie | PROmachine,BARBELL,true,,,,,NO_CAPABILITY_APPLICABLE,
1273,Prensa Inclinada 45° Lineal MO 2.0 | Obelix®,PLATE_LOADED_MACHINE,true,,,,,UNMODELED,
537,Set 50kg Maletí­n Cast Iron,DUMBBELL,true,,,,,NO_CAPABILITY_APPLICABLE,
1517,Polea Cruzada Corta MO 2.0 | Obelix®,CABLE_MACHINE,true,,,,,INSUFFICIENT_EVIDENCE,
439,Banco Regulable Pro | HWM,BENCH,false,,,,,NO_CAPABILITY_APPLICABLE,
1551,Banco Multifunción Leg/Curl Extension ZR Series | PROmachine,BENCH,true,LEG_CURL,DIRECT,EXPLICIT,NAME:NAME:leg curl:NAME_LEG_CURL_EXPLICIT_V1: | STRUCTURED_FEATURE:12:Peso máximo de carga: Leg/Curl: 100 kg.:FEATURE_NAME_LEG_CURL_EXPLICIT_V1:,UNMODELED,
366,Set 20kg Maletín Cast Iron,DUMBBELL,true,,,,,NO_CAPABILITY_APPLICABLE,
536,Set 30kg Maletín Cast Iron,DUMBBELL,true,,,,,NO_CAPABILITY_APPLICABLE,
1183,Pack 105kg Mancuernas Hexagonales + Rack Vertical | HWM®,DUMBBELL,true,,,,,NO_CAPABILITY_APPLICABLE,
1550,Banco Regulable Alpha | HWM®,BENCH,true,,,,,NO_CAPABILITY_APPLICABLE,
1543,Power Rack Alpha | HWM®,RACK_CAGE,true,DIP;PULL_UP,SUPPORTED,HIGH,STRUCTURED_FEATURE:11:Peso máximo de usuario: 150 kg (barra pull up - soporte de fondos):FEATURE_NAME_DIP_DIRECT_EXPLICIT_V1:Explicit module/configuration evidence; supported relation. | STRUCTURED_FEATURE:11:Peso máximo de usuario: 150 kg (barra pull up - soporte de fondos):FEATURE_NAME_PULL_UP_DIRECT_EXPLICIT_V1:Explicit module/configuration evidence; supported relation.,UNMODELED,SUPPORTED assignment requires explicit module/configuration evidence.
611,Barra Olímpica Cerakote Rojo 20kg | KONG,BARBELL,true,,,,,NO_CAPABILITY_APPLICABLE,
33,Barra Olímpica 15kg Training | HWM®,BARBELL,true,,,,,NO_CAPABILITY_APPLICABLE,
824,Par Bumper Plates Eco 10kg | HWM®,WEIGHT_PLATE,true,,,,,UNMODELED,
1455,Wall Crossover Black ZR Series | PROmachine,CABLE_MACHINE,true,,,,,UNMODELED,
899,Lat Pulldown Heavy Duty Series | HWM®,CABLE_MACHINE,true,LAT_PULLDOWN,DIRECT,EXPLICIT,NAME:NAME:lat pulldown:NAME_LAT_PULLDOWN_EXPLICIT_V1:,UNMODELED,
154,Colchoneta Pu Negro 100x50x5cm| HWM®,FLOORING,true,,,,,NO_CAPABILITY_APPLICABLE,
1506,Dual Polea Alta / Remo Bajo MO 2.0 | Obelix®,CABLE_MACHINE,true,LAT_PULLDOWN;ROW,DIRECT,EXPLICIT,NAME:NAME:polea alta:NAME_LAT_PULLDOWN_EXPLICIT_V1: | NAME:NAME:polea alta remo:NAME_ROW_EXPLICIT_V1:,UNMODELED,
1532,Cámara Hiperbárica ST801 1.5ATA | O2Life,RECOVERY_TOOL,true,,,,,UNMODELED,
230,Par Mancuernas Hexagonales 15kg | HWM®,DUMBBELL,true,,,,,NO_CAPABILITY_APPLICABLE,
506,Palmeta de Caucho 50x50cm x 25mm (Unidad),FLOORING,true,,,,,NO_CAPABILITY_APPLICABLE,
229,Par Mancuernas Hexagonales 12.5kg | HWM®,DUMBBELL,true,,,,,NO_CAPABILITY_APPLICABLE,
1322,Tatami Eva Mat Negro/Gris Puzzle c/borde 100x100cm 20mm (Unidad),FLOORING,true,,,,,NO_CAPABILITY_APPLICABLE,
153,Par Colchonetas de Impacto | HWM®,FLOORING,true,,,,,NO_CAPABILITY_APPLICABLE,
232,Par Mancuernas Hexagonales 20kg | HWM®,DUMBBELL,true,,,,,NO_CAPABILITY_APPLICABLE,
228,Par Mancuernas Hexagonales 10kg | HWM®,DUMBBELL,true,,,,,NO_CAPABILITY_APPLICABLE,
722,Pack 4 Palmetas de Caucho 100x100cm 15mm,FLOORING,true,,,,,NO_CAPABILITY_APPLICABLE,
7,Pack 4 Bandas de Resistencia | HWM®,BAND_SUSPENSION,true,,,,,NO_CAPABILITY_APPLICABLE,
111,Par Crumb Bumper Plates 25Lbs | HWM®,WEIGHT_PLATE,true,,,,,UNMODELED,
816,Cinturón de Levantamiento Heavy Duty | HWM,PROTECTIVE_GEAR,true,,,,,NO_CAPABILITY_APPLICABLE,
1486,Bicicleta de Spinning 850S | VORTEC,CARDIO_MACHINE,true,,,,,UNMODELED,
227,Par Mancuernas Hexagonales 7.5kg | HWM®,DUMBBELL,true,,,,,NO_CAPABILITY_APPLICABLE,
746,Squat Rack | KONG,RACK_CAGE,false,PULL_UP,SUPPORTED,HIGH,STRUCTURED_FEATURE:11:Peso máximo de usuario: Barra dominadas: 250 kg.:FEATURE_NAME_PULL_UP_DIRECT_EXPLICIT_V1:Explicit module/configuration evidence; supported relation. | STRUCTURED_FEATURE:47:Diámetro de agarre: Barra dominadas: 30 mm.:FEATURE_NAME_PULL_UP_DIRECT_EXPLICIT_V1:Explicit module/configuration evidence; supported relation.,UNMODELED,SUPPORTED assignment requires explicit module/configuration evidence. | SQUAT: Candidate capability is deferred from Training Semantics V1.
330,Pack 15kg Fraccionales | HWM®,WEIGHT_PLATE,false,,,,,UNMODELED,
430,Bicicleta de Spinning Move | Obelix,CARDIO_MACHINE,true,,,,,UNMODELED,
823,Par Bumper Plates Eco 5kg | HWM®,WEIGHT_PLATE,true,,,,,UNMODELED,
1862,Jaula Smith Machine ZR Series | PROmachine,PLATE_LOADED_MACHINE,true,PULL_UP,SUPPORTED,HIGH,STRUCTURED_FEATURE:11:Peso máximo de usuario: 100 kg. barra de dominadas:FEATURE_NAME_PULL_UP_DIRECT_EXPLICIT_V1:Explicit module/configuration evidence; supported relation.,UNMODELED,SUPPORTED assignment requires explicit module/configuration evidence.
85,Cajón Pliométrico Acolchado 3 en 1 (75x50x60cm) | HWM®,,true,,,,,UNMODELED,
872,Colchoneta Oxford Negro/Rojo 100x50x5cm | FullFit,FLOORING,true,,,,,NO_CAPABILITY_APPLICABLE,
1499,Par Discos Olímpicos Grip Rubber 20kg | PROmachine,WEIGHT_PLATE,true,,,,,NO_CAPABILITY_APPLICABLE,
1497,Par Discos Olímpicos Grip Rubber 10kg | PROmachine,WEIGHT_PLATE,true,,,,,NO_CAPABILITY_APPLICABLE,
144,Par Discos Preolímpicos 5kg | Barbell,WEIGHT_PLATE,true,,,,,NO_CAPABILITY_APPLICABLE,
110,Par Crumb Bumper Plates 15Lbs | HWM®,WEIGHT_PLATE,true,,,,,UNMODELED,
389,Rack de Almacenamiento Mancuernas 3 Niveles | HWM®,STORAGE,true,,,,,NO_CAPABILITY_APPLICABLE,
1118,Banco Preolímpico Multifuncional Pro | Forza,BENCH,true,LEG_CURL,DIRECT,HIGH,STRUCTURED_FEATURE:12:Peso máximo de carga: Accesorio Leg Curl/Extension: 40 kg.:FEATURE_NAME_LEG_CURL_EXPLICIT_V1:,UNMODELED,
887,Power Rack Heavy Duty Series | HWM,RACK_CAGE,false,PULL_UP,SUPPORTED,HIGH,STRUCTURED_FEATURE:11:Peso máximo de usuario: 300 kg. (Barra pull up):FEATURE_NAME_PULL_UP_DIRECT_EXPLICIT_V1:Explicit module/configuration evidence; supported relation.,UNMODELED,SUPPORTED assignment requires explicit module/configuration evidence.
251,Power Rack de Muro Plegable | HWM,RACK_CAGE,false,,,,,UNMODELED,
35,Barra Olímpica Z 6.5kg | PROmachine,BARBELL,true,,,,,NO_CAPABILITY_APPLICABLE,
57,Balón Medicinal 5kg Color Series | HWM®,BALL_BAG,true,,,,,UNMODELED,
610,Barra Olímpica Cerakote Pink 15kg | KONG,BARBELL,true,,,,,NO_CAPABILITY_APPLICABLE,
109,Par Crumb Bumper Plates 10Lbs | HWM®,WEIGHT_PLATE,true,,,,,UNMODELED,
724,Pack 100kg Classic Black + Training 20kg | HWM®,,false,,,,,UNMODELED,
1867,Banco Regulable Multifuncional B814 ZR Series | PROmachine,BENCH,true,,,,,NO_CAPABILITY_APPLICABLE,
425,Set Body Pump | FullFit,,true,,,,,UNMODELED,
774,Rack de Almacenamiento Discos y Barra Olímpica con ruedas | HWM®,STORAGE,true,,,,,NO_CAPABILITY_APPLICABLE,
80,Magnesio 56gr (Unidad) | Araknido,,true,,,,,UNMODELED,
155,Colchoneta Pu Negro/Rojo 100x50x5cm | FullFit,FLOORING,true,,,,,NO_CAPABILITY_APPLICABLE,
575,Par Discos Olímpicos 45lb | Barbell Standard,WEIGHT_PLATE,true,,,,,NO_CAPABILITY_APPLICABLE,
1117,Banco Regulable Plegable 1.0 | Forza,BENCH,true,,,,,NO_CAPABILITY_APPLICABLE,
58,Balón Medicinal 7kg Color Series | HWM®,BALL_BAG,true,,,,,UNMODELED,
90,Soga de Trepa 7mt | HWM®,ROPE_SLED,true,,,,,UNMODELED,
1152,Pack 100kg Eco Series | HWM®,WEIGHT_PLATE,false,,,,,UNMODELED,
2061,Banco Regulable Delta | HWM®,BENCH,true,,,,,NO_CAPABILITY_APPLICABLE,
1548,Banco Regulable Plegable Delta | HWM®,BENCH,true,,,,,NO_CAPABILITY_APPLICABLE,
795,Barra Olímpica Cerakote Black 20kg | KONG,BARBELL,true,,,,,NO_CAPABILITY_APPLICABLE,
545,Barra Olímpica 20kg 220cm Eco Serie | PROmachine,BARBELL,true,,,,,NO_CAPABILITY_APPLICABLE,
145,Par Discos Preolímpicos 10kg | Barbell,WEIGHT_PLATE,true,,,,,NO_CAPABILITY_APPLICABLE,
976,Wall Crossover ZR Series | PROmachine,CABLE_MACHINE,false,,,,,UNMODELED,
1187,Dual Cable Cross Max II MO Series | Obelix,CABLE_MACHINE,false,,,,,UNMODELED,
186,Kettlebell Acero 20kg | HWM®,KETTLEBELL,true,,,,,UNMODELED,
1055,Piso De Caucho 1x1mt 15mm (Unidad) | 2° Selección,FLOORING,,,,,,NO_CAPABILITY_APPLICABLE,
24,Barra Olímpica Hexagonal 20kg | HWM®,BARBELL,true,,,,,NO_CAPABILITY_APPLICABLE,
226,Par Mancuernas Hexagonales 5kg | HWM®,DUMBBELL,true,,,,,NO_CAPABILITY_APPLICABLE,
761,Squat Rack Lite Series | HWM®,RACK_CAGE,true,,,,,UNMODELED,SQUAT: Candidate capability is deferred from Training Semantics V1.
113,Par Crumb Bumper Plates 45Lbs | HWM®,WEIGHT_PLATE,true,,,,,UNMODELED,
21,Barra Olímpica 20kg Elite | HWM®,BARBELL,true,,,,,NO_CAPABILITY_APPLICABLE,
1112,Banco Sentadilla Búlgara | HWM®,BENCH,true,,,,,NO_CAPABILITY_APPLICABLE,SQUAT: Candidate capability is deferred from Training Semantics V1.
1577,2da Selección - Palmeta De Caucho 100x100cm 15mm (Unidad),FLOORING,,,,,,NO_CAPABILITY_APPLICABLE,
245,Banco Hip Thrust 1.0 | HWM,BENCH,false,HIP_THRUST,DIRECT,EXPLICIT,NAME:NAME:hip thrust:NAME_HIP_THRUST_EXPLICIT_V1:,UNMODELED,
1337,Banco Hip Thrust 2.0 | HWM®,BENCH,true,HIP_THRUST,DIRECT,EXPLICIT,NAME:NAME:hip thrust:NAME_HIP_THRUST_EXPLICIT_V1:,UNMODELED,
231,Par Mancuernas Hexagonales 17.5kg | HWM®,DUMBBELL,true,,,,,NO_CAPABILITY_APPLICABLE,
1161,Bicicleta de Spinning Training Lite Series | Obelix,CARDIO_MACHINE,true,,,,,UNMODELED,
1323,Piso de Caucho Interlock 100x100cm x 10mm (Unidad) Incluye Bordes,FLOORING,true,,,,,NO_CAPABILITY_APPLICABLE,
1208,Barra Olímpica Cerakote Black Camo 700lb 20kg | HWM,BARBELL,true,,,,,NO_CAPABILITY_APPLICABLE,
1240,Escalera LED S1 Series | Obelix®,CARDIO_MACHINE,true,,,,,UNMODELED,
827,Par Bumper Plates Eco 20kg | HWM®,WEIGHT_PLATE,true,,,,,UNMODELED,
185,Kettlebell Acero 16kg | HWM®,KETTLEBELL,true,,,,,UNMODELED,
557,Servicio de armado tipo A-40,,true,,,,,UNMODELED,
825,Par Bumper Plates Eco 15kg | HWM®,WEIGHT_PLATE,true,,,,,UNMODELED,
1151,Pack 150kg Eco Series | HWM®,WEIGHT_PLATE,false,,,,,UNMODELED,
1269,Extensión de Cuádriceps MO 2.0 Obelix®,SELECTORIZED_MACHINE,true,LEG_EXTENSION,DIRECT,EXPLICIT,NAME:NAME:extension de cuadriceps:NAME_LEG_EXTENSION_EXPLICIT_V1:,UNMODELED,
234,Par Mancuernas Hexagonales 25kg | HWM®,DUMBBELL,true,,,,,NO_CAPABILITY_APPLICABLE,
1093,Airbike Hurricane 2.0 | 2° Selección | HWM,CARDIO_MACHINE,,,,,,UNMODELED,
184,Kettlebell Acero 12kg | HWM®,KETTLEBELL,true,,,,,UNMODELED,
1734,Piso de Caucho Interlock 50x50cm x 20mm (Unidad) Incluye 3 Conectores,FLOORING,true,,,,,NO_CAPABILITY_APPLICABLE,
233,Par Mancuernas Hexagonales 22.5kg | HWM®,DUMBBELL,true,,,,,NO_CAPABILITY_APPLICABLE,
1498,Par Discos Olímpicos Grip Rubber 15kg | PROmachine,WEIGHT_PLATE,true,,,,,NO_CAPABILITY_APPLICABLE,
1272,Hack Squat Lineal MO 2.0 | Obelix®,PLATE_LOADED_MACHINE,true,,,,,UNMODELED,SQUAT: Candidate capability is deferred from Training Semantics V1.
1150,Pack 8 Palmetas de Caucho 50x50cm x 25mm,FLOORING,true,,,,,NO_CAPABILITY_APPLICABLE,
100,Par Bumper Plates Classic Black 10kg | HWM®,WEIGHT_PLATE,true,,,,,UNMODELED,
112,Par Crumb Bumper Plates 35Lbs | HWM®,WEIGHT_PLATE,true,,,,,UNMODELED,
147,Par Discos Preolímpicos 20kg | Barbell,WEIGHT_PLATE,true,,,,,NO_CAPABILITY_APPLICABLE,
898,Banco Plano Amarillo Flúor | KONG,BENCH,true,,,,,NO_CAPABILITY_APPLICABLE,
1199,Piso de Caucho Rollo 10x1mt x 6mm,FLOORING,true,,,,,NO_CAPABILITY_APPLICABLE,
727,Pack 150kg Classic Black + Training 20kg | HWM®,,false,,,,,UNMODELED,
818,Cinturón de Levantamiento Straight Black | HWM,PROTECTIVE_GEAR,true,,,,,NO_CAPABILITY_APPLICABLE,
900,Set 4 Cajones Pliométricos Apilables | HWM®,,true,,,,,UNMODELED,
760,Power Rack | KONG,RACK_CAGE,false,PULL_UP,SUPPORTED,HIGH,STRUCTURED_FEATURE:11:Peso máximo de usuario: Barra dominadas: 250 kg.:FEATURE_NAME_PULL_UP_DIRECT_EXPLICIT_V1:Explicit module/configuration evidence; supported relation. | STRUCTURED_FEATURE:47:Diámetro de agarre: Barra dominadas: 30 mm.:FEATURE_NAME_PULL_UP_DIRECT_EXPLICIT_V1:Explicit module/configuration evidence; supported relation.,UNMODELED,SUPPORTED assignment requires explicit module/configuration evidence.
1496,Par Discos Olímpicos Grip Rubber 5kg | PROmachine,WEIGHT_PLATE,true,,,,,NO_CAPABILITY_APPLICABLE,
59,Balón Medicinal 9kg Color Series | HWM®,BALL_BAG,true,,,,,UNMODELED,
901,Trineo Multifuncional 3.0 Power Sled | HWM®,ROPE_SLED,true,,,,,UNMODELED,
420,Rep Timer | HWM®,,true,,,,,UNMODELED,
1508,Dual Press Pectoral / Hombros MO 2.0 | Obelix®,SELECTORIZED_MACHINE,true,,,,,INSUFFICIENT_EVIDENCE,
82,Cajón Pliométrico de Madera 3 en 1 (75x50x60cm) | HWM®,,true,,,,,UNMODELED,
1255,Par Discos Powerlifting Chromed Steel 25kg | XMASTER,WEIGHT_PLATE,true,,,,,UNMODELED,
1155,Pack 10 Palmetas de Caucho 100x100cm 15mm,FLOORING,false,,,,,NO_CAPABILITY_APPLICABLE,
549,Set 30kg Mancuernas Eco Rojo | Forza,DUMBBELL,true,,,,,NO_CAPABILITY_APPLICABLE,
725,Pack 100kg Classic Black | HWM®,WEIGHT_PLATE,false,,,,,UNMODELED,
934,Barras Paralelas Ajustables 77-98cm (Par) | HWM,BODYWEIGHT_GYMNASTICS,true,DIP,DIRECT,EXPLICIT,NAME:NAME:paralelas:NAME_DIP_DIRECT_EXPLICIT_V1: | TRUSTED_CATEGORY:430:Barras Paralelas:CATEGORY_NAME_DIP_DIRECT_EXPLICIT_V1:SEMANTIC_STRONG,UNMODELED,
1122,Multiestación de Poder 1.0 | Forza,,true,,,,,UNMODELED,
396,Rack de Almacenamiento Barra Olímpica 9pcs de Suelo | HWM®,STORAGE,true,,,,,NO_CAPABILITY_APPLICABLE,
666,Barra Olímpica Cerakote Amarillo 15kg | KONG,BARBELL,true,,,,,NO_CAPABILITY_APPLICABLE,
814,Cinturón de Levantamiento Black Leather | HWM,PROTECTIVE_GEAR,true,,,,,NO_CAPABILITY_APPLICABLE,
1171,Barra Olímpica 15kg Classic Serie | PROmachine,BARBELL,true,,,,,NO_CAPABILITY_APPLICABLE,
494,Polea Cruzada Corta V8 Series | Obelix,CABLE_MACHINE,true,,,,,INSUFFICIENT_EVIDENCE,
1339,Banco Plano Negro | KONG,BENCH,true,,,,,NO_CAPABILITY_APPLICABLE,
81,Par Collarines Olímpicos de PVC 50mm Negro | HWM®,MACHINE_ATTACHMENT,true,,,,,UNMODELED,
1604,Powerlifting Combo Rack Heavy Duty | KONG,RACK_CAGE,true,,,,,UNMODELED,
497,Dual Abductor/Aductor V8 Series | Obelix,SELECTORIZED_MACHINE,false,ABDUCTOR;ADDUCTOR,DIRECT,EXPLICIT,NAME:NAME:abductor:NAME_ABDUCTOR_EXPLICIT_V1: | NAME:NAME:aductor:NAME_ADDUCTOR_EXPLICIT_V1:,UNMODELED,
966,Pack 10 Colchonetas Black/Red Pu 100x50x5cm | FullFit,FLOORING,true,,,,,NO_CAPABILITY_APPLICABLE,
146,Par Discos Preolímpicos 15kg | Barbell,WEIGHT_PLATE,true,,,,,NO_CAPABILITY_APPLICABLE,
1266,Aperturas Pec Fly / Rear Delt MO 2.0 Obelix®,SELECTORIZED_MACHINE,true,,,,,UNMODELED,
1538,Power Rack Delta | HWM®,RACK_CAGE,true,PULL_UP,SUPPORTED,HIGH,STRUCTURED_FEATURE:11:Peso máximo de usuario: 150 kg (Barra pull-up):FEATURE_NAME_PULL_UP_DIRECT_EXPLICIT_V1:Explicit module/configuration evidence; supported relation.,UNMODELED,SUPPORTED assignment requires explicit module/configuration evidence.
183,Kettlebell Acero 10kg | HWM®,KETTLEBELL,true,,,,,UNMODELED,
1025,Dual Polea Alta/Remo V8 Series | Obelix,CABLE_MACHINE,false,LAT_PULLDOWN;ROW,DIRECT,EXPLICIT,NAME:NAME:polea alta:NAME_LAT_PULLDOWN_EXPLICIT_V1: | NAME:NAME:polea alta remo:NAME_ROW_EXPLICIT_V1:,UNMODELED,
9,Banda de Resistencia Light 22mm 50Lbs Negro | HWM®,BAND_SUSPENSION,true,,,,,NO_CAPABILITY_APPLICABLE,
1189,Plataforma de Levantamiento 2.4mt*1.2mt | HWM®,FLOORING,true,,,,,NO_CAPABILITY_APPLICABLE,
2134,Multifuncional Smith ZR Series | PROmachine,PLATE_LOADED_MACHINE,true,,,,,UNMODELED,
1547,Power Rack Magnum | HWM®,RACK_CAGE,true,PULL_UP,SUPPORTED,HIGH,STRUCTURED_FEATURE:11:Peso máximo de usuario: 200 kg (barra pull up):FEATURE_NAME_PULL_UP_DIRECT_EXPLICIT_V1:Explicit module/configuration evidence; supported relation.,UNMODELED,SUPPORTED assignment requires explicit module/configuration evidence.
1553,2da Selección - Airbike Hurricane 3.0 | HWM®,CARDIO_MACHINE,,,,,,UNMODELED,
871,Colchoneta Pu Negro/Rojo Plegable 100x50x5cm | FullFit,FLOORING,true,,,,,NO_CAPABILITY_APPLICABLE,
1158,Trotadora Escaladora Lite Series | Obelix,CARDIO_MACHINE,true,,,,,UNMODELED,
981,Banco Olímpico Ajustable ZR Series| PROmachine,BENCH,true,,,,,NO_CAPABILITY_APPLICABLE,
28,Barra Olímpica 8.5kg 150cm Eco Serie | PROmachine,BARBELL,true,,,,,NO_CAPABILITY_APPLICABLE,
54,Par Anillas Olímpicas de Gimnasia Madera | HWM®,BODYWEIGHT_GYMNASTICS,true,,,,,UNMODELED,
151,AbMat 1.0 | HWM®,,true,,,,,NO_CAPABILITY_APPLICABLE,
791,Barra Olímpica Hex Trap Bar Black Series 27kg | HWM®,BARBELL,true,,,,,NO_CAPABILITY_APPLICABLE,
2084,Máquina Home Gym ULTRA FZ410 68kg - 2da Selección | Forza,,,,,,,UNMODELED,
187,Kettlebell Acero 24kg | HWM®,KETTLEBELL,true,,,,,UNMODELED,
84,Set 4 Cajones Pliométricos | HWM,,false,,,,,UNMODELED,
1501,Dual Dominada / Fondo Asistida MO 2.0 Obelix®,SELECTORIZED_MACHINE,true,PULL_UP,SUPPORTED,EXPLICIT,NAME:NAME:dominada:NAME_PULL_UP_DIRECT_EXPLICIT_V1_SUPPORTED:Explicit module/configuration on a rack or multifunction station.,UNMODELED,SUPPORTED assignment requires explicit module/configuration evidence.
681,Banco GHD Glute Ham Developer 1.0 | HWM,BENCH,true,,,,,NO_CAPABILITY_APPLICABLE,
1059,Multifuncional Smith ZR Series | PROmachine,PLATE_LOADED_MACHINE,true,DIP;PULL_UP,SUPPORTED,HIGH,STRUCTURED_FEATURE:11:Peso máximo de usuario: Barra dominadas y Soporte para fondos: 150 kg.:FEATURE_NAME_DIP_DIRECT_EXPLICIT_V1:Explicit module/configuration evidence; supported relation. | STRUCTURED_FEATURE:11:Peso máximo de usuario: Barra dominadas y Soporte para fondos: 150 kg.:FEATURE_NAME_PULL_UP_DIRECT_EXPLICIT_V1:Explicit module/configuration evidence; supported relation.,UNMODELED,SUPPORTED assignment requires explicit module/configuration evidence.
1153,Pack 150kg Full Color | HWM®,WEIGHT_PLATE,false,,,,,UNMODELED,
495,Polea Cruzada V8 Series | Obelix,CABLE_MACHINE,true,,,,,INSUFFICIENT_EVIDENCE,
703,Pack 8 Pares de Mancuernas Hexagonales 180kg Deluxe Pvc | HWM,DUMBBELL,false,,,,,NO_CAPABILITY_APPLICABLE,
1971,Palmeta de Caucho 100x100cm 15mm (Unidad) - 2da Selección,FLOORING,,,,,,NO_CAPABILITY_APPLICABLE,
10,Banda de Resistencia Medium 32mm 80Lbs Morado | HWM®,BAND_SUSPENSION,true,,,,,NO_CAPABILITY_APPLICABLE,
1209,Barra Olímpica Cerakote Pink Camo 500lb 15kg | HWM,BARBELL,true,,,,,NO_CAPABILITY_APPLICABLE,
1970,Airbike Hurricane 3.0 - 2da Selección | HWM®,CARDIO_MACHINE,,,,,,UNMODELED,
1239,Trotadora Curva AirRunner 1.0 | HWM®,CARDIO_MACHINE,true,,,,,UNMODELED,
102,Par Bumper Plates Classic Black 20kg | HWM®,WEIGHT_PLATE,true,,,,,UNMODELED,
613,Par Bumper Plates 15lb Wodstock Edición Limitada | HWM,WEIGHT_PLATE,true,,,,,UNMODELED,
492,Extensión de Cuadriceps V8 Series | Obelix,SELECTORIZED_MACHINE,false,LEG_EXTENSION,DIRECT,EXPLICIT,NAME:NAME:extension de cuadriceps:NAME_LEG_EXTENSION_EXPLICIT_V1:,UNMODELED,
22,Barra Olímpica 15kg Elite | HWM®,BARBELL,true,,,,,NO_CAPABILITY_APPLICABLE,
1177,Rack de Almacenamiento Mancuernas 6 pares Vertical | HWM®,STORAGE,true,,,,,NO_CAPABILITY_APPLICABLE,
8,Banda de Resistencia X-Light 13mm 25Lbs Rojo | HWM®,BAND_SUSPENSION,true,,,,,NO_CAPABILITY_APPLICABLE,
840,Par Bumper Plates Pink Color 10kg | HWM®,WEIGHT_PLATE,true,,,,,UNMODELED,
101,Par Bumper Plates Classic Black 15kg | HWM®,WEIGHT_PLATE,true,,,,,UNMODELED,
1451,Máquina Home Gym ULTRA FZ410 68kg | Forza,CABLE_MACHINE,true,,,,,UNMODELED,
414,Pack 8 Pares de Mancuernas de Caucho + Rack | HWM,DUMBBELL,false,,,,,NO_CAPABILITY_APPLICABLE,
1205,Set 30kg Mancuernas Eco + Kettlebell (Color Verde) | Forza,DUMBBELL,true,,,,,NO_CAPABILITY_APPLICABLE,
1207,Multi Estación 4 Stacks V8 Series | Obelix,CABLE_MACHINE,true,LAT_PULLDOWN;ROW,DIRECT,HIGH,STRUCTURED_FEATURE:34:Pila de Stack: Polea alta: 295 Lbs (133 kg).:FEATURE_NAME_LAT_PULLDOWN_EXPLICIT_V1: | STRUCTURED_FEATURE:34:Pila de Stack: Remo bajo: 295 Lbs (133 kg).:FEATURE_NAME_ROW_EXPLICIT_V1:,UNMODELED,
435,Set 10 Body Pump + Rack | FullFit,RACK_CAGE,true,,,,,UNMODELED,
1885,Remo Sentado ISO ZR Series | PROmachine,PLATE_LOADED_MACHINE,true,ROW,DIRECT,EXPLICIT,NAME:NAME:remo sentado:NAME_ROW_EXPLICIT_V1:,UNMODELED,
60,Balón Medicinal 10kg Color Series | HWM®,BALL_BAG,true,,,,,UNMODELED,
1494,Par Discos Olímpicos Grip Rubber 2.5kg | PROmachine,WEIGHT_PLATE,true,,,,,NO_CAPABILITY_APPLICABLE,
119,Par Discos Olímpicos Fraccionales 2.5kg | HWM®,WEIGHT_PLATE,true,,,,,UNMODELED,
1021,Multipower ZR Series | PROmachine,PLATE_LOADED_MACHINE,true,,,,,UNMODELED,
247,Polea Alta Remo (Accesorio Jaula Hell - MJHWM2) | HWM,CABLE_MACHINE,false,,,,,NO_CAPABILITY_APPLICABLE,
1934,Pack 155kg Grip Rubber | PROmachine,WEIGHT_PLATE,true,,,,,NO_CAPABILITY_APPLICABLE,
43,Barra Preolímpica 150cm 7.5kg,BARBELL,true,,,,,NO_CAPABILITY_APPLICABLE,
711,Pack Garage Kong HWM,,,,,,,UNMODELED,
573,Par Discos Olímpicos 25lb | Barbell Standard,WEIGHT_PLATE,true,,,,,NO_CAPABILITY_APPLICABLE,
1270,Curl de Femoral Acostado MO 2.0 Obelix®,SELECTORIZED_MACHINE,true,,,,,INSUFFICIENT_EVIDENCE,
302,Barras Paralelas 70cm (Par) | HWM,BODYWEIGHT_GYMNASTICS,true,DIP,DIRECT,EXPLICIT,NAME:NAME:paralelas:NAME_DIP_DIRECT_EXPLICIT_V1: | TRUSTED_CATEGORY:430:Barras Paralelas:CATEGORY_NAME_DIP_DIRECT_EXPLICIT_V1:SEMANTIC_STRONG,UNMODELED,
1487,Bicicleta de Spinning 812NX | VORTEC,CARDIO_MACHINE,true,,,,,UNMODELED,
1119,Banco Preolímpico Plegable con Soporte para Fondos | Forza,BENCH,true,,,,,NO_CAPABILITY_APPLICABLE,
166,Step Aeróbico 2 Niveles Basic 1.0 | FullFit,,true,,,,,UNMODELED,
11,Banda de Resistencia Heavy 45mm 120Lbs Verde | HWM®,BAND_SUSPENSION,true,,,,,NO_CAPABILITY_APPLICABLE,
788,Banco Sentadilla Búlgara ZR Series | PROmachine,BENCH,true,,,,,NO_CAPABILITY_APPLICABLE,SQUAT: Candidate capability is deferred from Training Semantics V1.
1121,Atril de Sentadillas 1.0 (Par) | Forza,RACK_CAGE,true,,,,,UNMODELED,
2068,Smith Machine ZR Series | PROmachine,PLATE_LOADED_MACHINE,true,,,,,UNMODELED,
182,Kettlebell Acero 8kg | HWM®,KETTLEBELL,true,,,,,UNMODELED,
548,Set 20kg Mancuernas Eco Rojo | PROmachine,DUMBBELL,true,,,,,NO_CAPABILITY_APPLICABLE,
726,Pack 150kg Classic Black | HWM®,WEIGHT_PLATE,false,,,,,UNMODELED,
841,Par Bumper Plates Pink Color 20kg | HWM®,WEIGHT_PLATE,true,,,,,UNMODELED,
983,Mancuernas Ajustables 2 x 20kg + Rack | PROmachine,DUMBBELL,true,,,,,NO_CAPABILITY_APPLICABLE,
1429,Dual Cable Cross MAX 1.0 Lite Series | Obelix,CABLE_MACHINE,false,,,,,UNMODELED,
1089,Pack 8 Pares de Mancuernas Black + Rack | HWM,DUMBBELL,,,,,,NO_CAPABILITY_APPLICABLE,
1533,Pack 105kg Discos Olímpicos Grip Rubber | PROmachine,WEIGHT_PLATE,false,,,,,NO_CAPABILITY_APPLICABLE,
1537,Half Rack Delta | HWM®,RACK_CAGE,true,PULL_UP,SUPPORTED,HIGH,STRUCTURED_FEATURE:11:Peso máximo de usuario: 150 kg (Barra pull-up):FEATURE_NAME_PULL_UP_DIRECT_EXPLICIT_V1:Explicit module/configuration evidence; supported relation.,UNMODELED,SUPPORTED assignment requires explicit module/configuration evidence.
175,Polea Alta Remo Bajo | PROmachine,CABLE_MACHINE,false,LAT_PULLDOWN;ROW,DIRECT,EXPLICIT,NAME:NAME:polea alta:NAME_LAT_PULLDOWN_EXPLICIT_V1: | NAME:NAME:polea alta remo:NAME_ROW_EXPLICIT_V1:,UNMODELED,
1881,Escalera Home Led S1 Series | Obelix®,CARDIO_MACHINE,true,,,,,UNMODELED,
1581,Cinturón de Levantamiento Iconlift™ 1.0 Negro | HWM®,PROTECTIVE_GEAR,true,,,,,NO_CAPABILITY_APPLICABLE,
235,Mancuerna Hexagonal 30kg (Unidad) | HWM®,DUMBBELL,true,,,,,NO_CAPABILITY_APPLICABLE,
368,Pack 260Lbs Crumb | HWM®,WEIGHT_PLATE,false,,,,,UNMODELED,
1274,Jaula Smith Vertical MO 2.0 | Obelix®,PLATE_LOADED_MACHINE,true,,,,,UNMODELED,
173,Almohadilla De Barra Nailon Negro | FullFit,BARBELL,true,,,,,NO_CAPABILITY_APPLICABLE,
263,Polea Alta Remo MO Series | Obelix,CABLE_MACHINE,false,LAT_PULLDOWN;ROW,DIRECT,EXPLICIT,NAME:NAME:polea alta:NAME_LAT_PULLDOWN_EXPLICIT_V1: | NAME:NAME:polea alta remo:NAME_ROW_EXPLICIT_V1:,UNMODELED,
242,Par Mancuernas Hexagonales de Caucho 30Lbs,DUMBBELL,true,,,,,NO_CAPABILITY_APPLICABLE,
1649,Botas de Compresión Therapy Boots 6.0 | O2Life,RECOVERY_TOOL,true,,,,,UNMODELED,
1481,2° Selección - Airbike Hurricane 3.0 | HWM,CARDIO_MACHINE,,,,,,UNMODELED,
1296,Pack 150kg Discos Powerlifting Chromed Steel | XMASTER,WEIGHT_PLATE,false,,,,,UNMODELED,
1879,Banco Plano Delta | HWM®,BENCH,true,,,,,NO_CAPABILITY_APPLICABLE,
1008,Par Correas de Levantamiento Lifting Straps | HWM®,PROTECTIVE_GEAR,true,,,,,NO_CAPABILITY_APPLICABLE,
1619,Pack Dúo Leg Curl/Extension MO 2.0 | Obelix,,true,LEG_CURL;LEG_EXTENSION,DIRECT,EXPLICIT;HIGH,NAME:NAME:leg curl:NAME_LEG_CURL_EXPLICIT_V1: | STRUCTURED_FEATURE:34:Pila de Stack: Curl Femoral: 117 Kg + 4.6 Kg (Peso Incremental Desplegable):FEATURE_NAME_LEG_CURL_EXPLICIT_V1: | STRUCTURED_FEATURE:34:Pila de Stack: Extensión de cuádriceps: 138 Kg + 4.6 Kg (Peso Incremental Desplegable):FEATURE_NAME_LEG_EXTENSION_EXPLICIT_V1:,UNMODELED,
1449,Banco Multifuncional + Bandas de Resistencia | Forza,BENCH,true,LEG_CURL,DIRECT,HIGH,STRUCTURED_FEATURE:12:Peso máximo de carga: Accesorio leg curl / scott: 50 kg.:FEATURE_NAME_LEG_CURL_EXPLICIT_V1:,UNMODELED,
1660,Dual Prensa Hack Beast | Obelix,PLATE_LOADED_MACHINE,true,,,,,UNMODELED,
1918,Trotadora Comercial S1Pro Series TFT Touch | Obelix®,CARDIO_MACHINE,true,,,,,UNMODELED,
797,Safety Squat Bar Black Series | HWM,,true,,,,,UNMODELED,SQUAT: Candidate capability is deferred from Training Semantics V1.
804,Botella Shaker Acero Inoxidable 800ml Blanco | HWM®,,true,,,,,UNMODELED,
1001,Rack de Almacenamiento Disco Olímpicos de Suelo | HWM®,STORAGE,true,,,,,NO_CAPABILITY_APPLICABLE,
1447,Banco Regulable Plegable 2.0 | Forza,BENCH,true,,,,,NO_CAPABILITY_APPLICABLE,
1708,Trotadora Home FZ100 Pro | Forza,CARDIO_MACHINE,true,,,,,UNMODELED,
103,Par Bumper Plates Classic Black 25kg | HWM®,WEIGHT_PLATE,true,,,,,UNMODELED,
437,Soga de Tríceps - Accesorio Polea | Obelix,CABLE_MACHINE,true,,,,,NO_CAPABILITY_APPLICABLE,
56,Balón Medicinal 3kg Color Series | HWM®,BALL_BAG,true,,,,,UNMODELED,
1083,Pack 245Lbs Full | Barbell Standard,,false,,,,,NO_CAPABILITY_APPLICABLE,
1549,Banco Plano Alpha | HWM®,BENCH,true,,,,,NO_CAPABILITY_APPLICABLE,
1645,Rodilleras de Neopreno XBarbell 5mm Negro | HWM®,PROTECTIVE_GEAR,true,,,,,NO_CAPABILITY_APPLICABLE,
244,Par Mancuernas Hexagonales de Caucho 40Lbs,DUMBBELL,true,,,,,NO_CAPABILITY_APPLICABLE,
66,Barra Olímpica 7.5kg Blue Technique Series | HWM,BARBELL,true,,,,,NO_CAPABILITY_APPLICABLE,
807,"Barra Olímpica 7,5kg Pink Technique Series | HWM",BARBELL,true,,,,,NO_CAPABILITY_APPLICABLE,
873,Colchoneta Pu Negro/Rojo Plegable 180x60x4cm | FullFit,FLOORING,true,,,,,NO_CAPABILITY_APPLICABLE,
189,Kettlebell Acero 32kg | HWM®,KETTLEBELL,true,,,,,UNMODELED,
188,Kettlebell Acero 28kg | HWM®,KETTLEBELL,true,,,,,UNMODELED,
392,Squat Rack | HWM,RACK_CAGE,false,,,,,UNMODELED,SQUAT: Candidate capability is deferred from Training Semantics V1.
99,Par Bumper Plates Classic Black 5kg | HWM®,WEIGHT_PLATE,true,,,,,UNMODELED,
821,Collarines Olímpicos de Aluminio 50mm Silver (Par) | HWM,MACHINE_ATTACHMENT,true,,,,,UNMODELED,
19,Barra Olímpica C-175 35Lbs | HWM®,BARBELL,true,,,,,NO_CAPABILITY_APPLICABLE,
47,"Barra Preolímpica ""Z"" 120cm 6,5kg 25mm",BARBELL,true,,,,,NO_CAPABILITY_APPLICABLE,
1925,Pack 150kg Classic Black | HWM®,WEIGHT_PLATE,true,,,,,UNMODELED,
143,Par Discos Preolímpicos 3kg | Barbell,WEIGHT_PLATE,true,,,,,NO_CAPABILITY_APPLICABLE,
1516,Polea Cruzada MO 2.0 | Obelix®,CABLE_MACHINE,true,,,,,INSUFFICIENT_EVIDENCE,
52,Banda de Suspensión | FullFit,BAND_SUSPENSION,true,,,,,UNMODELED,
1431,Ventilador Cooler 1.0 | HWM®,,true,,,,,UNMODELED,
1926,Pack 150kg Eco Series | HWM®,WEIGHT_PLATE,true,,,,,UNMODELED,
25,Par Barra Olímpica Mancuerna 4kg | PROmachine,BARBELL,true,,,,,NO_CAPABILITY_APPLICABLE,
1509,Air Rower 2.0 Smart Connect | XEBEX,CARDIO_MACHINE,true,,,,,UNMODELED,
1620,Pack Dúo Abductor/Aductor MO 2.0 | Obelix,,true,ABDUCTOR;ADDUCTOR,DIRECT,EXPLICIT,NAME:NAME:abductor:NAME_ABDUCTOR_EXPLICIT_V1: | NAME:NAME:aductor:NAME_ADDUCTOR_EXPLICIT_V1:,UNMODELED,
1664,Multi Fly de Pie MO 2.0 | Obelix®,SELECTORIZED_MACHINE,true,,,,,UNMODELED,
440,Leg Curl/Extension | Accesorio Banco Regulable Pro | HWM,BENCH,false,,,,,NO_CAPABILITY_APPLICABLE,
1888,Banco Lumbar GHD ZR Series | PROmachine,BENCH,true,,,,,NO_CAPABILITY_APPLICABLE,
819,Cinturón de Levantamiento Straight Pink | HWM,PROTECTIVE_GEAR,true,,,,,NO_CAPABILITY_APPLICABLE,
382,Set 10 Pares Mancuernas PU (desde 2.5kg a 25kg) + Rack | Obelix,DUMBBELL,true,,,,,NO_CAPABILITY_APPLICABLE,
69,Cuerda Battle Rope 38mm | HWM®,ROPE_SLED,true,,,,,UNMODELED,
1173,Quick Speed Rope Red | HWM,ROPE_SLED,true,,,,,UNMODELED,
2133,Smith Machine Half Rack ZR Series | PROmachine,PLATE_LOADED_MACHINE,true,,,,,UNMODELED,
1628,Set 20kg Maletín Cast Iron | 2da Selección,,,,,,,UNMODELED,
1197,Piso de Caucho Interlock 50x50cm x 15mm (Unidad) Sin Bordes,FLOORING,true,,,,,NO_CAPABILITY_APPLICABLE,
1884,Squat Machine ZR Series | PROmachine,PLATE_LOADED_MACHINE,true,,,,,UNMODELED,SQUAT: Candidate capability is deferred from Training Semantics V1.
1276,Banco Olímpico Plano MO 2.0 | Obelix®,BENCH,true,,,,,NO_CAPABILITY_APPLICABLE,
2174,Palmeta de Caucho 100x100cm 15mm - 2da Selección StrongFit (Unidad),FLOORING,,,,,,NO_CAPABILITY_APPLICABLE,
1552,Par Discos Olímpicos Grip Rubber 25kg | PROmachine,WEIGHT_PLATE,true,,,,,NO_CAPABILITY_APPLICABLE,
1928,Pack 260Lbs Crumb | HWM®,WEIGHT_PLATE,true,,,,,UNMODELED,
114,Par Crumb Bumper Plates 55Lbs | HWM®,WEIGHT_PLATE,true,,,,,UNMODELED,
1922,Multipower MO 2.0 | Obelix®,PLATE_LOADED_MACHINE,true,,,,,UNMODELED,
1004,Set 3 Agarres Ergonómicos - Accesorio Polea | Obelix,CABLE_MACHINE,false,,,,,NO_CAPABILITY_APPLICABLE,
546,Barra Olímpica 11.5kg 180cm Eco Serie | PROmachine,BARBELL,true,,,,,NO_CAPABILITY_APPLICABLE,
1267,Polea Alta MO 2.0 Obelix®,CABLE_MACHINE,true,LAT_PULLDOWN,DIRECT,EXPLICIT,NAME:NAME:polea alta:NAME_LAT_PULLDOWN_EXPLICIT_V1:,UNMODELED,
817,Cinturón de Levantamiento Camo | HWM,PROTECTIVE_GEAR,true,,,,,NO_CAPABILITY_APPLICABLE,
1188,Pasto Sintético Rollo 10x2mt,FLOORING,true,,,,,NO_CAPABILITY_APPLICABLE,
1541,Half Rack Alpha | HWM®,RACK_CAGE,true,PULL_UP,SUPPORTED,HIGH,STRUCTURED_FEATURE:11:Peso máximo de usuario: 150 kg (Barra pull up):FEATURE_NAME_PULL_UP_DIRECT_EXPLICIT_V1:Explicit module/configuration evidence; supported relation.,UNMODELED,SUPPORTED assignment requires explicit module/configuration evidence.
177,Barra Pull Ups 1.0 | HWM®,BODYWEIGHT_GYMNASTICS,true,PULL_UP,DIRECT,EXPLICIT,NAME:NAME:barra pull ups:NAME_PULL_UP_DIRECT_EXPLICIT_V1: | TRUSTED_CATEGORY:429:Barras de Dominadas:CATEGORY_NAME_PULL_UP_DIRECT_EXPLICIT_V1:SEMANTIC_STRONG,UNMODELED,
655,Pack 3 Pares de Mancuernas de Caucho 10-15-20kg | HWM®,DUMBBELL,false,,,,,NO_CAPABILITY_APPLICABLE,
1275,Prensa Horizontal Sentado MO 2.0 Obelix®,PLATE_LOADED_MACHINE,true,,,,,UNMODELED,
574,Par Discos Olímpicos 35lb | Barbell Standard,WEIGHT_PLATE,true,,,,,NO_CAPABILITY_APPLICABLE,
837,Par Bumper Plates Full Color 20kg | HWM®,WEIGHT_PLATE,true,,,,,UNMODELED,
1546,Half Rack Magnum | HWM®,RACK_CAGE,true,PULL_UP,SUPPORTED,HIGH,STRUCTURED_FEATURE:11:Peso máximo de usuario: 200 kg (barra pull up):FEATURE_NAME_PULL_UP_DIRECT_EXPLICIT_V1:Explicit module/configuration evidence; supported relation.,UNMODELED,SUPPORTED assignment requires explicit module/configuration evidence.
1450,Máquina Home Gym PRO FZ402B 68kg | Forza,CABLE_MACHINE,true,,,,,UNMODELED,
1651,Barra Olímpica Power Bar 20kg | KONG,BARBELL,true,,,,,NO_CAPABILITY_APPLICABLE,
1172,Quick Speed Rope Gold | HWM,ROPE_SLED,true,,,,,UNMODELED,
1026,Mancuerna Hexagonal 40kg (Unidad) | HWM®,DUMBBELL,true,,,,,NO_CAPABILITY_APPLICABLE,
1646,Rodilleras de Neopreno XBarbell 5mm FullColor | HWM®,PROTECTIVE_GEAR,true,,,,,NO_CAPABILITY_APPLICABLE,
40,Barra Preolímpica Mancuerna (Unidad),BARBELL,true,,,,,NO_CAPABILITY_APPLICABLE,
2058,Wall Rack Plegable Alpha | HWM®,RACK_CAGE,true,DIP;PULL_UP,SUPPORTED,HIGH,STRUCTURED_FEATURE:11:Peso máximo de usuario: 150 kg (Barra pull up - soporte de fondos):FEATURE_NAME_DIP_DIRECT_EXPLICIT_V1:Explicit module/configuration evidence; supported relation. | STRUCTURED_FEATURE:11:Peso máximo de usuario: 150 kg (Barra pull up - soporte de fondos):FEATURE_NAME_PULL_UP_DIRECT_EXPLICIT_V1:Explicit module/configuration evidence; supported relation.,UNMODELED,SUPPORTED assignment requires explicit module/configuration evidence.
1706,Banco Lumbar Ajustable Multifuncional 1.0 | Forza,BENCH,true,,,,,NO_CAPABILITY_APPLICABLE,
117,Par Discos Olímpicos Fraccionales 1.5kg | HWM®,WEIGHT_PLATE,true,,,,,UNMODELED,
116,Par Discos Olímpicos Fraccionales 1.0kg | HWM®,WEIGHT_PLATE,true,,,,,UNMODELED,
1123,Bicicleta de Spinning Home FZ1.0 | Forza,CARDIO_MACHINE,true,,,,,UNMODELED,
1478,2° Selección - Piso De Caucho 1x1mt 15mm (Unidad),FLOORING,,,,,,NO_CAPABILITY_APPLICABLE,
167,Step Aeróbico Pro 2.0 | FullFit,,true,,,,,UNMODELED,
1582,Cinturón de Levantamiento Iconlift™ 1.0 Gris | HWM®,PROTECTIVE_GEAR,true,,,,,NO_CAPABILITY_APPLICABLE,
491,Prensa Horizontal Sentado V8 Series | Obelix,PLATE_LOADED_MACHINE,true,,,,,UNMODELED,
1160,Elíptica Stepper Lite Series | Obelix,CARDIO_MACHINE,true,,,,,UNMODELED,
466,Agarre Remo Neutro - Accesorio Polea | Obelix,CABLE_MACHINE,true,,,,,NO_CAPABILITY_APPLICABLE,
487,Curl Femoral Sentado V8 Series | Obelix,SELECTORIZED_MACHINE,true,LEG_CURL,DIRECT,EXPLICIT,NAME:NAME:curl femoral:NAME_LEG_CURL_EXPLICIT_V1:,UNMODELED,
776,Bosu Ball Pro 2.0 | Mindfullness,BALL_BAG,true,,,,,UNMODELED,
1178,Elevador de Talones de Caucho 20°grados | HWM,,true,,,,,UNMODELED,
839,Par Bumper Plates Pink Color 5kg | HWM®,WEIGHT_PLATE,true,,,,,UNMODELED,
793,Barra Olímpica 2.2kg Junior Series (Azul) | HWM,BARBELL,true,,,,,NO_CAPABILITY_APPLICABLE,
1285,Banco Regulable MO 2.0 | Obelix®,BENCH,true,,,,,NO_CAPABILITY_APPLICABLE,
838,Par Bumper Plates Full Color 25kg | HWM®,WEIGHT_PLATE,true,,,,,UNMODELED,
775,Bosu Ball 1.0 | Mindfullness,BALL_BAG,true,,,,,UNMODELED,
142,Par Discos Preolímpicos 2.5kg | Barbell,WEIGHT_PLATE,true,,,,,NO_CAPABILITY_APPLICABLE,
181,Kettlebell Acero 6kg | HWM®,KETTLEBELL,true,,,,,UNMODELED,
828,Par Bumper Plates Eco 25kg | HWM®,WEIGHT_PLATE,true,,,,,UNMODELED,
1415,Set 10 Barras Rectas Peso Fijo PU (10 a 55kg) + Rack | Obelix,BARBELL,true,,,,,NO_CAPABILITY_APPLICABLE,
434,Set 10 Barras Peso Fijo Pu (desde 10kg a 30kg) + Rack | Obelix,BARBELL,true,,,,,NO_CAPABILITY_APPLICABLE,
89,Speed Rope 1.0 Pvc Negro | HWM®,ROPE_SLED,true,,,,,UNMODELED,
1937,Pack Training Evolve | HWM®,,true,,,,,UNMODELED,
1586,Cinturón de Levantamiento Iconlift™ 1.0 Magenta | HWM®,PROTECTIVE_GEAR,true,,,,,NO_CAPABILITY_APPLICABLE,
1545,Squat Rack Magnum | HWM®,RACK_CAGE,true,,,,,UNMODELED,SQUAT: Candidate capability is deferred from Training Semantics V1.
572,Par Discos Olímpicos 10lb | Barbell Standard,WEIGHT_PLATE,true,,,,,NO_CAPABILITY_APPLICABLE,
1507,Dual Bíceps / Tríceps MO 2.0 | Obelix®,SELECTORIZED_MACHINE,true,,,,,UNMODELED,
1647,Rodilleras de Neopreno XBarbell 5mm Magenta | HWM®,PROTECTIVE_GEAR,true,,,,,NO_CAPABILITY_APPLICABLE,
646,Pack 8 Pares De Mancuernas Deluxe Pvc + Rack | HWM,DUMBBELL,false,,,,,NO_CAPABILITY_APPLICABLE,
20,Barra Olímpica C-160 25Lbs | HWM®,BARBELL,true,,,,,NO_CAPABILITY_APPLICABLE,
1502,Curl Femoral Sentado MO 2.0 Obelix®,SELECTORIZED_MACHINE,true,LEG_CURL,DIRECT,EXPLICIT,NAME:NAME:curl femoral:NAME_LEG_CURL_EXPLICIT_V1:,UNMODELED,
329,Pack 170Lbs Crumbs + Training 20kg | HWM®,,false,,,,,UNMODELED,
1594,Par Muñequeras Elásticas Fight 2.0 Negro | HWM®,PROTECTIVE_GEAR,true,,,,,NO_CAPABILITY_APPLICABLE,
1196,Rack de Almacenamiento Discos Olímpicos Vertical con Ruedas | HWM®,STORAGE,true,,,,,NO_CAPABILITY_APPLICABLE,
1584,Cinturón de Levantamiento Iconlift™ 1.0 Turquesa | HWM®,PROTECTIVE_GEAR,true,,,,,NO_CAPABILITY_APPLICABLE,
571,Par Discos Olímpicos 5lb | Barbell Standard,WEIGHT_PLATE,true,,,,,NO_CAPABILITY_APPLICABLE,
1539,Atril de Sentadillas Alpha | HWM®,RACK_CAGE,true,,,,,UNMODELED,
118,Par Discos Olímpicos Fraccionales 2.0kg | HWM®,WEIGHT_PLATE,true,,,,,UNMODELED,
1324,Colchoneta Rollout Mat 180x70cm 25mm | HWM,FLOORING,true,,,,,NO_CAPABILITY_APPLICABLE,
307,Set 4 Mini Bandas de Resistencia | FullFit,BAND_SUSPENSION,true,,,,,NO_CAPABILITY_APPLICABLE,
2142,Polea Alta/Remo 70kg ZR Series | PROmachine,CABLE_MACHINE,true,LAT_PULLDOWN;ROW,DIRECT,EXPLICIT,NAME:NAME:polea alta:NAME_LAT_PULLDOWN_EXPLICIT_V1: | NAME:NAME:polea alta remo:NAME_ROW_EXPLICIT_V1:,UNMODELED,
454,Barra Lat Pull Down - Accesorio Polea | Obelix,CABLE_MACHINE,true,,,,,NO_CAPABILITY_APPLICABLE,
820,Cinturón de Lastre Camo | HWM,PROTECTIVE_GEAR,true,,,,,NO_CAPABILITY_APPLICABLE,
394,Rack de Almacenamiento Barra Olímpica 8pcs Horizontal de Muro | HWM®,STORAGE,true,,,,,NO_CAPABILITY_APPLICABLE,
1503,Remo Bajo MO 2.0 | Obelix®,SELECTORIZED_MACHINE,true,ROW,DIRECT,EXPLICIT,NAME:NAME:remo bajo:NAME_ROW_EXPLICIT_V1:,UNMODELED,
12,Barra Pull Ups Multigrip 2.0 | HWM®,BODYWEIGHT_GYMNASTICS,true,,,,,UNMODELED,
1293,Fast Speed Rope Pvc | HWM,ROPE_SLED,true,,,,,UNMODELED,
225,Par Mancuernas Hexagonales 2.5kg | HWM®,DUMBBELL,true,,,,,NO_CAPABILITY_APPLICABLE,
1616,Pack 4 Pisos de Caucho Interlock 50x50cm x 20mm (Incluye Conectores),FLOORING,true,,,,,NO_CAPABILITY_APPLICABLE,
2139,Polea Dual Multifuncional 70kg ZR Series | PROmachine,CABLE_MACHINE,true,,,,,INSUFFICIENT_EVIDENCE,
87,Heavy Speed Rope | HWM®,ROPE_SLED,true,,,,,UNMODELED,
1260,Par Discos Olímpicos Rubber Hand Grip 25kg | XMASTER,WEIGHT_PLATE,true,,,,,NO_CAPABILITY_APPLICABLE,
1203,Set 30kg Mancuernas Eco + Kettlebell (Color Rojo) | Forza,DUMBBELL,true,,,,,NO_CAPABILITY_APPLICABLE,
1571,Rampa Caminata de Manos | HWM® | 2da Selección,BODYWEIGHT_GYMNASTICS,,,,,,UNMODELED,
1707,Squat Rack Ajustable Con Soporte De Fondos | Forza,RACK_CAGE,true,DIP,SUPPORTED,EXPLICIT,NAME:NAME:fondos:NAME_DIP_DIRECT_EXPLICIT_V1_SUPPORTED:Explicit module/configuration on a rack or multifunction station. | STRUCTURED_FEATURE:11:Peso máximo de usuario: 100 kg. soporte de fondos:FEATURE_NAME_DIP_DIRECT_EXPLICIT_V1:Explicit module/configuration evidence; supported relation.,UNMODELED,SUPPORTED assignment requires explicit module/configuration evidence. | SQUAT: Candidate capability is deferred from Training Semantics V1.
1942,Pack 8 Pares de Mancuernas Hexagonales (2.5 a 20kg) | HWM®,DUMBBELL,true,,,,,NO_CAPABILITY_APPLICABLE,
1133,Par Rodilleras de Neopreno Camo 5mm | HWM®,PROTECTIVE_GEAR,true,,,,,NO_CAPABILITY_APPLICABLE,
1388,Magnesio en Bolsa 1kg | Araknido,,true,,,,,UNMODELED,
1443,Pack 5 Sand Bags Training | HWM®,BALL_BAG,true,,,,,UNMODELED,
547,Set 20kg Mancuernas Acero Engomado | 2° Selección,DUMBBELL,false,,,,,NO_CAPABILITY_APPLICABLE,
1280,Banco Abdominal Ajustable MO 2.0 | Obelix®,BENCH,true,,,,,NO_CAPABILITY_APPLICABLE,
1167,Almohadilla de Barra Pink Piton | FullFit,BARBELL,true,,,,,NO_CAPABILITY_APPLICABLE,
2077,Máquina Home Gym PRO FZ402B 68kg - 2da Selección | Forza,,,,,,,UNMODELED,
1289,Air Cycle Eco Smart Connect | XEBEX,CARDIO_MACHINE,true,,,,,UNMODELED,
16,Bola de Masaje Lacrosse | HWM®,RECOVERY_TOOL,true,,,,,UNMODELED,
1325,Botella Shaker Acero Inoxidable 800ml Negro | HWM®,,true,,,,,UNMODELED,
1288,Air Ski Trainer Eco Smart Connect | XEBEX,CARDIO_MACHINE,true,,,,,UNMODELED,
1149,Pack 4 Palmetas de Caucho 50x50cm x 25mm,FLOORING,true,,,,,NO_CAPABILITY_APPLICABLE,
455,Barra Corta Recta - Accesorio Polea | Obelix,CABLE_MACHINE,true,,,,,NO_CAPABILITY_APPLICABLE,
463,Par Ankle Straps de Cuero | FullFit,MACHINE_ATTACHMENT,true,,,,,UNMODELED,
238,Par Mancuernas Hexagonales de Caucho 10Lbs,DUMBBELL,true,,,,,NO_CAPABILITY_APPLICABLE,
1330,Par Collarines Olímpicos de PVC 50mm Rosado | HWM®,MACHINE_ATTACHMENT,true,,,,,UNMODELED,
1648,Rodilleras de Neopreno XBarbell 5mm Blanco | HWM®,PROTECTIVE_GEAR,true,,,,,NO_CAPABILITY_APPLICABLE,
1941,Pack 10 Pares de Mancuernas (2.5 a 25kg) + Rack | HWM®,DUMBBELL,true,,,,,NO_CAPABILITY_APPLICABLE,
1251,Par Discos Powerlifting Chromed Steel 5kg | XMASTER,WEIGHT_PLATE,true,,,,,UNMODELED,
1518,Heavy Mug 8kg | XMASTER,,true,,,,,UNMODELED,
1652,Barra Olímpica Squat Bar 25kg | KONG,BARBELL,true,,,,,NO_CAPABILITY_APPLICABLE,SQUAT: Candidate capability is deferred from Training Semantics V1.
835,Par Bumper Plates Full Color 10kg | HWM®,WEIGHT_PLATE,true,,,,,UNMODELED,
809,Par Calleras Stone 1.0 con 3 Orificios Pink | HWM®,PROTECTIVE_GEAR,true,,,,,NO_CAPABILITY_APPLICABLE,
1880,Dual Bíceps/Tríceps ZR Series | PROmachine,PLATE_LOADED_MACHINE,true,,,,,UNMODELED,
236,Mancuerna Hexagonal 35kg (Unidad) | HWM®,DUMBBELL,true,,,,,NO_CAPABILITY_APPLICABLE,
23,Barra Olímpica Fat | HWM®,BARBELL,true,,,,,NO_CAPABILITY_APPLICABLE,
1944,Pack 100kg PROGrip | PROmachine,WEIGHT_PLATE,true,,,,,UNMODELED,
1949,Set 4 Plyo Box Apilables - 2da Selección | HWM,,,,,,,UNMODELED,
528,Banco Abdominal/Fondo y Dominada MO Series | Obelix,BENCH,true,PULL_UP,DIRECT,EXPLICIT,NAME:NAME:dominada:NAME_PULL_UP_DIRECT_EXPLICIT_V1:,UNMODELED,
1615,Pack 10 Pisos de Caucho Interlock 50x50cm x 20mm (Incluye Conectores),FLOORING,true,,,,,NO_CAPABILITY_APPLICABLE,
1132,Par Rodilleras Elásticas Black | HWM®,PROTECTIVE_GEAR,true,,,,,NO_CAPABILITY_APPLICABLE,
174,Almohadilla De Barra Espuma Negro | FullFit,BARBELL,true,,,,,NO_CAPABILITY_APPLICABLE,
1883,Banco Plano Plegable ZR Series | PROmachine,BENCH,true,,,,,NO_CAPABILITY_APPLICABLE,
375,Pack 150kg Competición | HWM®,WEIGHT_PLATE,false,,,,,UNMODELED,
674,Pack 4 Pares de Mancuernas Hexagonales Deluxe Pvc 50kg | HWM,DUMBBELL,false,,,,,NO_CAPABILITY_APPLICABLE,
1589,Cinturón de Lastre Push & Pull Negro | HWM®,PROTECTIVE_GEAR,true,,,,,NO_CAPABILITY_APPLICABLE,
1291,Chaleco de Lastre Táctico Black 20kg | HWM,,true,,,,,UNMODELED,
1658,Prensa Inclinada 45° Lineal Beast | Obelix,PLATE_LOADED_MACHINE,true,,,,,UNMODELED,
1195,Rack de Almacenamiento Kettlebells 3 Niveles | HWM®,STORAGE,true,,,,,NO_CAPABILITY_APPLICABLE,
1090,Banco GHD Ergo 2.0 | HWM®,BENCH,true,,,,,NO_CAPABILITY_APPLICABLE,
1585,Cinturón de Levantamiento Iconlift™ 1.0 Coral | HWM®,PROTECTIVE_GEAR,true,,,,,NO_CAPABILITY_APPLICABLE,
1874,Leg Curl/Extension Accesorio Banco B814 | PROmachine,BENCH,true,,,,,NO_CAPABILITY_APPLICABLE,
2056,Elíptica Magnética Home FZLUX | Forza,CARDIO_MACHINE,true,,,,,UNMODELED,
1344,Agarre Ergonómico Medio - Accesorio Polea | Obelix,CABLE_MACHINE,true,,,,,NO_CAPABILITY_APPLICABLE,
17,Banco Preolímpico Multifuncional | PROmachine,BENCH,false,,,,,NO_CAPABILITY_APPLICABLE,
2069,Extensión de Cuádriceps ISO ZR Series | PROmachine,PLATE_LOADED_MACHINE,true,LEG_EXTENSION,DIRECT,EXPLICIT,NAME:NAME:extension de cuadriceps:NAME_LEG_EXTENSION_EXPLICIT_V1:,UNMODELED,
1284,Elevación de Talones de Pie MO 2.0 | Obelix®,SELECTORIZED_MACHINE,true,,,,,UNMODELED,
2055,Bicicleta Reclinada Magnética Home FZLUX | Forza,CARDIO_MACHINE,true,,,,,UNMODELED,
1860,Chaleco de Lastre 20kg | Rising,,true,,,,,UNMODELED,
1595,Par Muñequeras Elásticas Fight 2.0 Magenta | HWM®,PROTECTIVE_GEAR,true,,,,,NO_CAPABILITY_APPLICABLE,
1159,Elíptica Cross Trainer Lite Series | Obelix,CARDIO_MACHINE,true,,,,,UNMODELED,
1088,Pack Squat Bench 85lbs | PROmachine,,false,,,,,UNMODELED,SQUAT: Candidate capability is deferred from Training Semantics V1.
1755,Par Mancuernas de Neopreno 5kg Morado | FullFit,DUMBBELL,true,,,,,NO_CAPABILITY_APPLICABLE,
498,Dual Dominada/Fondo Asistida V8 Series | Obelix,SELECTORIZED_MACHINE,false,PULL_UP,SUPPORTED,EXPLICIT,NAME:NAME:dominada:NAME_PULL_UP_DIRECT_EXPLICIT_V1_SUPPORTED:Explicit module/configuration on a rack or multifunction station.,UNMODELED,SUPPORTED assignment requires explicit module/configuration evidence.
1168,Almohadilla de Barra Camo | FullFit,BARBELL,true,,,,,NO_CAPABILITY_APPLICABLE,
1136,Par Rodilleras de Neopreno Red 5mm | HWM®,PROTECTIVE_GEAR,true,,,,,NO_CAPABILITY_APPLICABLE,
367,Pack 170Lbs Crumb | HWM®,WEIGHT_PLATE,false,,,,,UNMODELED,
115,Par Discos Olímpicos Fraccionales 0.5kg | HWM®,WEIGHT_PLATE,true,,,,,UNMODELED,
1535,Atril de Sentadillas Delta | HWM®,RACK_CAGE,true,,,,,UNMODELED,
370,Pack Grip 105kg | PROmachine,,,,,,,NO_CAPABILITY_APPLICABLE,
1572,Set 4 Plyo Box Apilables | HWM | 2da Selección,,,,,,,UNMODELED,
1353,Agarre T-Bar Landmine | HWM®,MACHINE_ATTACHMENT,true,,,,,NO_CAPABILITY_APPLICABLE,
794,Barra Olímpica 2.2kg Junior Series (Morado) | HWM®,BARBELL,true,,,,,NO_CAPABILITY_APPLICABLE,
1281,Banco Lumbar Ajustable MO 2.0 | Obelix®,BENCH,true,,,,,NO_CAPABILITY_APPLICABLE,
1609,Par Calleras Black Widow Sin Orificios | HWM®,PROTECTIVE_GEAR,true,,,,,NO_CAPABILITY_APPLICABLE,
1583,Cinturón de Levantamiento Iconlift™ 1.0 Blanco | HWM®,PROTECTIVE_GEAR,true,,,,,NO_CAPABILITY_APPLICABLE,
301,Barras Paralelas 34cm (Par) | HWM,BODYWEIGHT_GYMNASTICS,true,DIP,DIRECT,EXPLICIT,NAME:NAME:paralelas:NAME_DIP_DIRECT_EXPLICIT_V1: | TRUSTED_CATEGORY:430:Barras Paralelas:CATEGORY_NAME_DIP_DIRECT_EXPLICIT_V1:SEMANTIC_STRONG,UNMODELED,
815,Cinturón de Levantamiento Golden Spark | HWM,PROTECTIVE_GEAR,true,,,,,NO_CAPABILITY_APPLICABLE,
249,Soporte Para Discos (Accesorio Jaula Hell - MJHWM2) | HWM,MACHINE_ATTACHMENT,false,,,,,NO_CAPABILITY_APPLICABLE,
1190,Nano Timer Magnético | HWM,,true,,,,,UNMODELED,
1236,Eliptica Comercial S1 Series LED | Obelix®,CARDIO_MACHINE,true,,,,,UNMODELED,
1753,Par Mancuernas de Neopreno 3kg Rosado | FullFit,DUMBBELL,true,,,,,NO_CAPABILITY_APPLICABLE,
168,Foam Roller Relax1.0 | HWM,RECOVERY_TOOL,true,,,,,UNMODELED,
1131,Par Rodilleras Elásticas Red | HWM®,PROTECTIVE_GEAR,true,,,,,NO_CAPABILITY_APPLICABLE,
475,Banco Olímpico Inclinado V8 Series | Obelix,BENCH,true,,,,,NO_CAPABILITY_APPLICABLE,
1602,Par Calleras Essentials Sin Orificios Rosado/Negro | HWM®,PROTECTIVE_GEAR,true,,,,,NO_CAPABILITY_APPLICABLE,
894,Par Jammer Press | Accesorio Power Rack Heavy Duty Series | HWM®,MACHINE_ATTACHMENT,false,,,,,NO_CAPABILITY_APPLICABLE,
836,Par Bumper Plates Full Color 15kg | HWM®,WEIGHT_PLATE,true,,,,,UNMODELED,
1345,Agarre Ergonómico Amplio - Accesorio Polea | Obelix,CABLE_MACHINE,true,,,,,NO_CAPABILITY_APPLICABLE,
15,Barra Olímpica Multi Agarre | HWM®,BARBELL,true,,,,,NO_CAPABILITY_APPLICABLE,
462,Agarre Manilla Simple de Acero - Accesorio Polea (Unidad) | Obelix,CABLE_MACHINE,true,,,,,NO_CAPABILITY_APPLICABLE,
1352,Agarre Amplio Landmine | HWM®,MACHINE_ATTACHMENT,true,,,,,NO_CAPABILITY_APPLICABLE,
1654,V-Squat Beast | Obelix,PLATE_LOADED_MACHINE,true,,,,,UNMODELED,SQUAT: Candidate capability is deferred from Training Semantics V1.
1206,Set 40kg Mancuernas Eco + Kettlebell (Color Verde) | Forza,DUMBBELL,false,,,,,NO_CAPABILITY_APPLICABLE,
1540,Squat Rack Alpha | HWM®,RACK_CAGE,true,,,,,UNMODELED,SQUAT: Candidate capability is deferred from Training Semantics V1.
1596,Par Muñequeras Elásticas Fight 2.0 Turquesa | HWM®,PROTECTIVE_GEAR,true,,,,,NO_CAPABILITY_APPLICABLE,
1544,Atril de Sentadillas Magnum | HWM®,RACK_CAGE,true,,,,,UNMODELED,
53,Par Anillas Olímpicas de Gimnasia Pvc | HWM®,BODYWEIGHT_GYMNASTICS,true,,,,,UNMODELED,
196,Kettlebell de Vinilo 20kg,KETTLEBELL,true,,,,,UNMODELED,
834,Par Bumper Plates Full Color 5kg | HWM®,WEIGHT_PLATE,true,,,,,UNMODELED,
869,Balance Pad TPE Rojo 40x34x5cm | FullFit,,true,,,,,NO_CAPABILITY_APPLICABLE,
300,Par Barras Paralelas 17cm | HWM®,BODYWEIGHT_GYMNASTICS,true,DIP,DIRECT,EXPLICIT,NAME:NAME:paralelas:NAME_DIP_DIRECT_EXPLICIT_V1: | TRUSTED_CATEGORY:430:Barras Paralelas:CATEGORY_NAME_DIP_DIRECT_EXPLICIT_V1:SEMANTIC_STRONG,UNMODELED,
1605,Par Calleras Essentials Sin Orificios Blanco/Negro | HWM®,PROTECTIVE_GEAR,true,,,,,NO_CAPABILITY_APPLICABLE,
1656,Extensión de Cuádriceps Iso Lateral Beast | Obelix,PLATE_LOADED_MACHINE,true,LEG_EXTENSION,DIRECT,EXPLICIT,NAME:NAME:extension de cuadriceps:NAME_LEG_EXTENSION_EXPLICIT_V1:,UNMODELED,
427,Set Glute Bands | FullFit,,true,,,,,UNMODELED,
1268,Remo Sentado MO 2.0 Obelix®,SELECTORIZED_MACHINE,true,ROW,DIRECT,EXPLICIT,NAME:NAME:remo sentado:NAME_ROW_EXPLICIT_V1:,UNMODELED,
578,Pack Barbell Standard 245lbs Men,,false,,,,,NO_CAPABILITY_APPLICABLE,
1887,Polea Alta/Remo ZR Series | PROmachine,CABLE_MACHINE,true,LAT_PULLDOWN;ROW,DIRECT,EXPLICIT,NAME:NAME:polea alta:NAME_LAT_PULLDOWN_EXPLICIT_V1: | NAME:NAME:polea alta remo:NAME_ROW_EXPLICIT_V1:,UNMODELED,
1441,Sand Bag Training 20kg | HWM®,BALL_BAG,true,,,,,UNMODELED,
2019,V-Squat | Peach Builder,PLATE_LOADED_MACHINE,true,,,,,UNMODELED,SQUAT: Candidate capability is deferred from Training Semantics V1.
1852,Banco Step Aeróbico Ajustable | Rising,BENCH,true,,,,,NO_CAPABILITY_APPLICABLE,
1444,Multi Estación 5 Stacks V8 Series | Obelix,CABLE_MACHINE,false,LAT_PULLDOWN;ROW,DIRECT,HIGH,STRUCTURED_FEATURE:34:Pila de Stack: Polea alta: 270 Lbs (122 kg).:FEATURE_NAME_LAT_PULLDOWN_EXPLICIT_V1: | STRUCTURED_FEATURE:34:Pila de Stack: Remo bajo: 270 Lbs (122 kg).:FEATURE_NAME_ROW_EXPLICIT_V1:,UNMODELED,
1298,Set 10 Pares Mancuernas Hard Chrome (desde 1 a 10kg) + Rack | Obelix,DUMBBELL,true,,,,,NO_CAPABILITY_APPLICABLE,
2020,Hip Thrust | Peach Builder,PLATE_LOADED_MACHINE,true,HIP_THRUST,DIRECT,EXPLICIT,NAME:NAME:hip thrust:NAME_HIP_THRUST_EXPLICIT_V1:,UNMODELED,
1294,Pack 150kg Discos Olímpicos Rubber Hand Grip | XMASTER,WEIGHT_PLATE,false,,,,,NO_CAPABILITY_APPLICABLE,
1343,Agarre Ergonómico Neutro - Accesorio Polea | Obelix,CABLE_MACHINE,true,,,,,NO_CAPABILITY_APPLICABLE,
258,Extensión de Tríceps MO Series | Obelix,,true,,,,,INSUFFICIENT_EVIDENCE,TRICEPS_EXTENSION: Candidate capability is deferred from Training Semantics V1.
1283,Banco Scott MO 2.0 | Obelix®,BENCH,true,,,,,NO_CAPABILITY_APPLICABLE,
441,Banco Scott | Accesorio Banco Regulable Pro | HWM,BENCH,true,,,,,NO_CAPABILITY_APPLICABLE,
1512,Squat Rack MO 2.0 | Obelix®,RACK_CAGE,true,,,,,UNMODELED,SQUAT: Candidate capability is deferred from Training Semantics V1.
1489,Pistola de Masaje M16PRO | HWM®,RECOVERY_TOOL,true,,,,,UNMODELED,
1601,Par Calleras Essentials Sin Orificios Negro/Rojo | HWM®,PROTECTIVE_GEAR,true,,,,,NO_CAPABILITY_APPLICABLE,
1358,Strongman Sandbag 150lbs (Sin relleno) | KONG,BALL_BAG,true,,,,,UNMODELED,
1091,Banco Nórdico 1.0 | HWM®,BENCH,true,,,,,NO_CAPABILITY_APPLICABLE,
141,Par Discos Preolímpicos 2kg | Barbell,WEIGHT_PLATE,true,,,,,NO_CAPABILITY_APPLICABLE,
925,Muñequeras Elásticas Pink (Par) | HWM,PROTECTIVE_GEAR,true,,,,,NO_CAPABILITY_APPLICABLE,
30,Barra Olímpica Romana 8kg | PROmachine,BARBELL,true,,,,,NO_CAPABILITY_APPLICABLE,
1202,Set 20kg Mancuernas Eco + Kettlebell (Color Rojo) | Forza,DUMBBELL,true,,,,,NO_CAPABILITY_APPLICABLE,
328,Pack 260Lbs Crumb + Elite 20kg | HWM®,,false,,,,,UNMODELED,
1175,Slam Ball Smooth 100lbs | HWM,BALL_BAG,true,,,,,UNMODELED,
830,Par Bumper Plates Color Stripe 10kg | HWM®,WEIGHT_PLATE,true,,,,,UNMODELED,
1856,Rack Multifuncional Pull Up / Dip Bar | Rising,BODYWEIGHT_GYMNASTICS,true,DIP;PULL_UP,DIRECT,EXPLICIT;HIGH,NAME:NAME:pull up dip bar:NAME_DIP_DIRECT_EXPLICIT_V1: | TRUSTED_CATEGORY:430:Barras Paralelas:CATEGORY_NAME_DIP_DIRECT_EXPLICIT_V1:SEMANTIC_STRONG | TRUSTED_CATEGORY:429:Barras de Dominadas:CATEGORY_NAME_PULL_UP_DIRECT_EXPLICIT_V1:SEMANTIC_STRONG,UNMODELED,
1347,Soga de Tríceps Ergonómica - Accesorio Polea | Obelix,CABLE_MACHINE,true,,,,,NO_CAPABILITY_APPLICABLE,
426,Set Tubos Elásticos | FullFit,BAND_SUSPENSION,true,,,,,UNMODELED,
1536,Squat Rack Delta | HWM®,RACK_CAGE,true,,,,,UNMODELED,SQUAT: Candidate capability is deferred from Training Semantics V1.
471,Banco Abdominal Ajustable V8 Series | Obelix,BENCH,true,,,,,NO_CAPABILITY_APPLICABLE,
570,Par Discos Olímpicos 2.5lb | Barbell Standard,WEIGHT_PLATE,true,,,,,NO_CAPABILITY_APPLICABLE,
1931,Pack 100kg Pink Series | HWM®,WEIGHT_PLATE,true,,,,,UNMODELED,
1138,Par Ankle Straps Pink Piton | FullFit,MACHINE_ATTACHMENT,true,,,,,UNMODELED,
1354,Deadlift Jack Bar | HWM®,,true,,,,,UNMODELED,DEADLIFT: Candidate capability is deferred from Training Semantics V1.
1290,Chaleco de Lastre Táctico Black 10kg | HWM,,true,,,,,UNMODELED,
670,Pack 100lbs Crumb Bumpers | KONG,,,,,,,UNMODELED,
1176,Slam Ball Smooth 150lbs | HWM,BALL_BAG,true,,,,,UNMODELED,
180,Kettlebell Acero 4kg | HWM®,KETTLEBELL,true,,,,,UNMODELED,
932,Dual Aducción/Abducción MO Series | Obelix,,false,,,,,UNMODELED,
1657,Curl Femoral Acostado Iso Lateral Beast | Obelix,PLATE_LOADED_MACHINE,true,LEG_CURL,DIRECT,EXPLICIT,NAME:NAME:curl femoral:NAME_LEG_CURL_EXPLICIT_V1:,UNMODELED,
2006,Polea Lateral Dual Accesorio Alpha | HWM®,CABLE_MACHINE,true,,,,,NO_CAPABILITY_APPLICABLE,
395,Rack de Almacenamiento Barra Olímpica 10pcs Vertical de Muro | HWM®,STORAGE,true,,,,,NO_CAPABILITY_APPLICABLE,
1192,Par Elevador de Talones Metálicos 30°grados | HWM®,,true,,,,,UNMODELED,
34,Barra Olímpica W 7kg | PROmachine,BARBELL,true,,,,,NO_CAPABILITY_APPLICABLE,
808,Arm Blaster Biceps Isolator | FullFit,,true,,,,,UNMODELED,
2051,Bicicleta Reclinada NextGen EB8800 | Obelix,CARDIO_MACHINE,true,,,,,UNMODELED,
2070,Banco Lumbar ZR Series | PROmachine,BENCH,true,,,,,NO_CAPABILITY_APPLICABLE,
50,Slam Ball Grip 60Lbs | HWM®,BALL_BAG,true,,,,,NO_CAPABILITY_APPLICABLE,
415,Pack 10 Pares de Mancuernas de Caucho + Rack | HWM,DUMBBELL,false,,,,,NO_CAPABILITY_APPLICABLE,
1126,Rampa Caminata de Manos | HWM®,BODYWEIGHT_GYMNASTICS,true,,,,,UNMODELED,
64,Balón Medicinal 9kg Black Series | HWM®,BALL_BAG,true,,,,,UNMODELED,
2018,Prensa Inclinada 45° Unilateral MO 2.0 | Obelix®,PLATE_LOADED_MACHINE,true,,,,,UNMODELED,
1886,T-Bar Row ZR Series | PROmachine,PLATE_LOADED_MACHINE,true,,,,,UNMODELED,
1250,Par Discos Fraccionados Chromed Steel 2.5kg | XMASTER,WEIGHT_PLATE,true,,,,,UNMODELED,
832,Par Bumper Plates Color Stripe 20kg | HWM®,WEIGHT_PLATE,true,,,,,UNMODELED,
1297,Pack 9kg Discos Fraccionados Chromed Steel | XMASTER,WEIGHT_PLATE,false,,,,,UNMODELED,
1357,Strongman Sandbag 100lbs (Sin relleno) | KONG,BALL_BAG,true,,,,,UNMODELED,
62,Balón Medicinal 5kg Black Series | HWM®,BALL_BAG,true,,,,,UNMODELED,
63,Balón Medicinal 7kg Black Series | HWM®,BALL_BAG,true,,,,,UNMODELED,
1943,Pack 10 Pares de Mancuernas Hexagonales (2.5 a 25kg) | HWM®,DUMBBELL,true,,,,,NO_CAPABILITY_APPLICABLE,
194,Kettlebell de Vinilo 12kg,KETTLEBELL,true,,,,,UNMODELED,
1754,Par Mancuernas de Neopreno 4kg Verde | FullFit,DUMBBELL,true,,,,,NO_CAPABILITY_APPLICABLE,
1500,Press de Hombro MO 2.0 Obelix®,SELECTORIZED_MACHINE,true,SHOULDER_PRESS,DIRECT,EXPLICIT,NAME:NAME:press de hombro:NAME_SHOULDER_PRESS_EXPLICIT_V1:,UNMODELED,
1663,Prensa Péndulo Beast | Obelix,PLATE_LOADED_MACHINE,true,,,,,UNMODELED,
1340,Banda de Resistencia X-Heavy 64mm 175lbs Azul | HWM,BAND_SUSPENSION,true,,,,,NO_CAPABILITY_APPLICABLE,
1355,Par Mini Farmer's Carry | HWM®,,true,,,,,UNMODELED,
1022,"Barra de Tríceps ""V"" Grip - Accesorio Polea | Obelix",CABLE_MACHINE,true,,,,,NO_CAPABILITY_APPLICABLE,
2140,Banco Hip Thrust 3.0 ZR Series | PROmachine,BENCH,true,HIP_THRUST,DIRECT,EXPLICIT,NAME:NAME:hip thrust:NAME_HIP_THRUST_EXPLICIT_V1:,UNMODELED,
1440,Sand Bag Training 15kg | HWM®,BALL_BAG,true,,,,,UNMODELED,
1612,Par Calleras Stone 2.0 Sin Orificios Turquesa | HWM®,PROTECTIVE_GEAR,true,,,,,NO_CAPABILITY_APPLICABLE,
1611,Par Calleras Stone 2.0 Sin Orificios Magenta | HWM®,PROTECTIVE_GEAR,true,,,,,NO_CAPABILITY_APPLICABLE,
1823,Core Roller | Rising,,true,,,,,INSUFFICIENT_EVIDENCE,
1712,2da Selección - Set 50kg Maletí­n Cast Iron,,,,,,,UNMODELED,
250,Landmine (Accesorio Jaula Hell - MJHWM2) | HWM,MACHINE_ATTACHMENT,false,,,,,NO_CAPABILITY_APPLICABLE,
1864,2da Selección - Set 20kg Maletín Cast Iron,,,,,,,UNMODELED,
1277,Banco Olímpico Inclinado MO 2.0 | Obelix®,BENCH,true,,,,,NO_CAPABILITY_APPLICABLE,
335,Pack Grip 105kg,,,,,,,NO_CAPABILITY_APPLICABLE,
1607,Par Calleras Essentials 3 Orificios Rosado/Negro | HWM®,PROTECTIVE_GEAR,true,,,,,NO_CAPABILITY_APPLICABLE,
1524,Par Discos Calibrados Powerlifting 25kg Rojo | XMASTER,WEIGHT_PLATE,true,,,,,UNMODELED,
195,Kettlebell de Vinilo 16kg,KETTLEBELL,true,,,,,UNMODELED,
1811,Polea Crossover Accesorio Delta | HWM®,CABLE_MACHINE,true,,,,,NO_CAPABILITY_APPLICABLE,
1613,Par Calleras Stone 2.0 Sin Orificios Negro | HWM®,PROTECTIVE_GEAR,true,,,,,NO_CAPABILITY_APPLICABLE,
326,Par Bumper Plates Competición 25kg | HWM®,WEIGHT_PLATE,true,,,,,UNMODELED,
1263,Collarines Olímpicos Competición (Par) | XMASTER,MACHINE_ATTACHMENT,true,,,,,UNMODELED,
1752,Par Mancuernas de Neopreno 2kg Celeste | FullFit,DUMBBELL,true,,,,,NO_CAPABILITY_APPLICABLE,
1265,Press de Pectoral MO 2.0 Obelix®,SELECTORIZED_MACHINE,true,CHEST_PRESS,DIRECT,EXPLICIT,NAME:NAME:press de pectoral:NAME_CHEST_PRESS_EXPLICIT_V1:,UNMODELED,
1588,Cinturón de Levantamiento Bloody | HWM®,PROTECTIVE_GEAR,true,,,,,NO_CAPABILITY_APPLICABLE,
1185,Chaleco de Lastre Running 10kg | HWM®,,true,,,,,UNMODELED,
140,Par Discos Preolímpicos 1kg | Barbell,WEIGHT_PLATE,true,,,,,NO_CAPABILITY_APPLICABLE,
312,Pack 4 Balones Medicinales | HWM®,BALL_BAG,false,,,,,UNMODELED,
1130,Par Correas de Levantamiento V-Lifting Straps Negro | HWM®,PROTECTIVE_GEAR,true,,,,,NO_CAPABILITY_APPLICABLE,
1259,Par Discos Olímpicos Rubber Hand Grip 20kg | XMASTER,WEIGHT_PLATE,true,,,,,NO_CAPABILITY_APPLICABLE,
644,Pack 10 Pares De Mancuernas HWM Deluxe Pvc + Rack HWM,DUMBBELL,false,,,,,NO_CAPABILITY_APPLICABLE,
65,Balón Medicinal 12kg Black Series | HWM®,BALL_BAG,true,,,,,UNMODELED,
1139,Par Ankle Straps Diamond | FullFit,MACHINE_ATTACHMENT,true,,,,,UNMODELED,
1137,Par Ankle Straps Skull | FullFit,MACHINE_ATTACHMENT,true,,,,,UNMODELED,
643,Pack 10 Pares de Mancuernas Black + Rack | HWM,DUMBBELL,false,,,,,NO_CAPABILITY_APPLICABLE,
1515,Banco Sissy Squat MO 2.0 | Obelix®,BENCH,true,,,,,NO_CAPABILITY_APPLICABLE,SQUAT: Candidate capability is deferred from Training Semantics V1.
1439,Sand Bag Training 10kg | HWM®,BALL_BAG,true,,,,,UNMODELED,
61,Balón Medicinal 3kg Black Series | HWM®,BALL_BAG,true,,,,,UNMODELED,
1606,Par Calleras Essentials 3 Orificios Negro/Rojo | HWM®,PROTECTIVE_GEAR,true,,,,,NO_CAPABILITY_APPLICABLE,
388,Par Push Ups 1.0 | FullFit,,true,DIP,DIRECT,HIGH,TRUSTED_CATEGORY:430:Barras Paralelas:CATEGORY_NAME_DIP_DIRECT_EXPLICIT_V1:SEMANTIC_STRONG,UNMODELED,
1933,Pack 245Lbs Cast Iron | Barbell Standard,WEIGHT_PLATE,true,,,,,NO_CAPABILITY_APPLICABLE,
347,Pack 60kg Kettlebells Acero | HWM,KETTLEBELL,false,,,,,UNMODELED,
477,Squat Rack V8 Series | Obelix,RACK_CAGE,false,,,,,UNMODELED,SQUAT: Candidate capability is deferred from Training Semantics V1.
246,Spotter Arms (Par) (Accesorio Jaula Hell - MJHWM2) | HWM,MACHINE_ATTACHMENT,false,,,,,NO_CAPABILITY_APPLICABLE,
1140,Par Ankle Straps Camo | FullFit,MACHINE_ATTACHMENT,true,,,,,UNMODELED,
1174,Slam Ball Smooth 80lbs | HWM,BALL_BAG,true,,,,,UNMODELED,
1350,"Barra Pulldown ""D"" Grip - Accesorio Polea | Obelix",CABLE_MACHINE,true,,,,,NO_CAPABILITY_APPLICABLE,
1341,Banda de Resistencia Super Heavy 83mm 230lbs Naranjo | HWM,BAND_SUSPENSION,true,,,,,NO_CAPABILITY_APPLICABLE,
1356,Strongman Sandbag 80lbs (Sin relleno) | KONG,BALL_BAG,true,,,,,UNMODELED,
310,Pack 150kg Classic Black + Elite 20kg | HWM®,,false,,,,,UNMODELED,
483,Banco Vertical V8 Series | Obelix,BENCH,true,,,,,NO_CAPABILITY_APPLICABLE,
1442,Sand Bag Training 25kg | HWM®,BALL_BAG,true,,,,,UNMODELED,
1528,Par Discos Powerlifting Premium Grip 20kg | XMASTER,WEIGHT_PLATE,true,,,,,NO_CAPABILITY_APPLICABLE,
248,Banco Hip Thrust (Accesorio Jaula Hell - MJHWM2) | HWM,RACK_CAGE,false,,,,,NO_CAPABILITY_APPLICABLE,
76,Cinturón Lumbar Black/Pink c/velcro | FullFit,PROTECTIVE_GEAR,true,,,,,NO_CAPABILITY_APPLICABLE,
1033,Shaker PVC 600ml Negro | HWM®,,true,,,,,UNMODELED,
1610,Par Calleras Phanter Sin Orificios | HWM®,PROTECTIVE_GEAR,true,,,,,NO_CAPABILITY_APPLICABLE,
1813,Polea Alta/Remo Accesorio Delta | HWM®,CABLE_MACHINE,true,,,,,NO_CAPABILITY_APPLICABLE,
641,Pack 19kg Discos Eco + Barras Mancuerna de Acero (Par),WEIGHT_PLATE,false,,,,,NO_CAPABILITY_APPLICABLE,
2024,Hip Thrust de Pie | Peach Builder,PLATE_LOADED_MACHINE,true,HIP_THRUST,DIRECT,EXPLICIT,NAME:NAME:hip thrust:NAME_HIP_THRUST_EXPLICIT_V1:,UNMODELED,
1493,Rack de Almacenamiento Balones Medicinales Horizontal | HWM®,STORAGE,true,,,,,NO_CAPABILITY_APPLICABLE,
1590,Par Muñequeras de Tela Spiral 2.0 Negro | HWM®,PROTECTIVE_GEAR,true,,,,,NO_CAPABILITY_APPLICABLE,
1919,Rack de Almacenamiento Mancuernas Monster Horizontal 3 Bandejas | HWM®,STORAGE,true,,,,,NO_CAPABILITY_APPLICABLE,
950,Pack 150Lbs Woman | Barbell Standard,,false,,,,,NO_CAPABILITY_APPLICABLE,
1511,Elevación de Talones Sentado MO 2.0 | Obelix®,PLATE_LOADED_MACHINE,true,,,,,UNMODELED,
1816,Par de Soportes Para Discos Olímpicos Accesorio Delta | HWM®,MACHINE_ATTACHMENT,true,,,,,NO_CAPABILITY_APPLICABLE,
2022,Reverse Hyper | Peach Builder,PLATE_LOADED_MACHINE,true,,,,,UNMODELED,
419,Rack de Almacenamiento Body Pump | FullFit,STORAGE,true,,,,,NO_CAPABILITY_APPLICABLE,
1348,Agarre Multipropósito - Accesorio Polea | Obelix,CABLE_MACHINE,true,,,,,NO_CAPABILITY_APPLICABLE,
1194,Rack de Almacenamiento Balones Medicinales 10pcs | HWM,STORAGE,true,,,,,NO_CAPABILITY_APPLICABLE,
1124,Lat Pull Down | Accesorio Smith Machine ZR Series | PROmachine,PLATE_LOADED_MACHINE,true,,,,,NO_CAPABILITY_APPLICABLE,
1204,Set 40kg Mancuernas Eco + Kettlebell (Color Rojo) | Forza,DUMBBELL,false,,,,,NO_CAPABILITY_APPLICABLE,
424,Sandbag 25kg | HWM,BALL_BAG,true,,,,,UNMODELED,
1936,Pack Econ Glow | HWM®,,true,,,,,UNMODELED,
1256,Par Discos Olímpicos Rubber Hand Grip 5kg | XMASTER,WEIGHT_PLATE,true,,,,,NO_CAPABILITY_APPLICABLE,
1667,Par Guantes Grab QuickPro Negro | FullFit,PROTECTIVE_GEAR,true,,,,,NO_CAPABILITY_APPLICABLE,
1169,Almohadilla de Barra Diamond | FullFit,BARBELL,true,,,,,NO_CAPABILITY_APPLICABLE,
673,Pack 100lbs Crumb Bumper Kong + Barra Training 20kg HWM,WEIGHT_PLATE,,,,,,UNMODELED,
157,Escalera de Agilidad | FullFit,,true,,,,,UNMODELED,
833,Par Bumper Plates Color Stripe 25kg | HWM®,WEIGHT_PLATE,true,,,,,UNMODELED,
2025,Multi Hip Extension | Peach Builder,PLATE_LOADED_MACHINE,true,,,,,INSUFFICIENT_EVIDENCE,
1825,Banco Sentadilla Búlgara | Rising,BENCH,true,,,,,NO_CAPABILITY_APPLICABLE,SQUAT: Candidate capability is deferred from Training Semantics V1.
1875,Pec Fly Accesorio Banco B814 | PROmachine,BENCH,true,,,,,NO_CAPABILITY_APPLICABLE,
1587,Cinturón de Levantamiento Darkness | HWM®,PROTECTIVE_GEAR,true,,,,,NO_CAPABILITY_APPLICABLE,
1127,AbMat Ergo | HWM®,,true,,,,,NO_CAPABILITY_APPLICABLE,
1458,Par Bumper Plates Classic Color 10kg | HWM®,WEIGHT_PLATE,true,,,,,UNMODELED,
193,Kettlebell de Vinilo 10kg,KETTLEBELL,true,,,,,UNMODELED,
269,Banco Olímpico Declinado MO Series | Obelix,BENCH,true,,,,,NO_CAPABILITY_APPLICABLE,
870,Par Discos Deslizantes Sliding Disc | FullFit,WEIGHT_PLATE,true,,,,,UNMODELED,
2094,Banco Multifunción Magnum | HWM®,BENCH,true,,,,,NO_CAPABILITY_APPLICABLE,
46,"Barra Preolímpica ""W"" 120cm 7kg 25mm",BARBELL,true,,,,,NO_CAPABILITY_APPLICABLE,
1617,Pack 4 Bicicletas de Spinning SP9 | Obelix,CARDIO_MACHINE,false,,,,,UNMODELED,
1081,Pack Streght Equipment Men | KONG,,,,,,,UNMODELED,
1932,Pack 15kg Fraccionales | HWM®,WEIGHT_PLATE,true,,,,,UNMODELED,
1921,Dual Crossover MO 2.0 | Obelix®,CABLE_MACHINE,true,,,,,UNMODELED,
896,Landmine | Accesorio Power Rack Heavy Duty Series | HWM,MACHINE_ATTACHMENT,false,,,,,NO_CAPABILITY_APPLICABLE,
86,Cuerda de Salto 1.0 Pvc Negro | FullFit,ROPE_SLED,true,,,,,UNMODELED,
1843,Clubbell 12kg | Rising,KETTLEBELL,true,,,,,UNMODELED,
361,Par Pesos de Tobillo Gris 2.5kg | FullFit,,true,,,,,UNMODELED,
891,Spotter Arms (Par) | Accesorio Power Rack Heavy Duty Series | HWM,MACHINE_ATTACHMENT,false,,,,,NO_CAPABILITY_APPLICABLE,
1349,Agarre Manilla Simple de Caucho - Accesorio Polea (Par) | Obelix,CABLE_MACHINE,true,,,,,NO_CAPABILITY_APPLICABLE,
1974,Pack Crossover + Banco Regulable MO 2.0 | Obelix,CABLE_MACHINE,false,,,,,UNMODELED,
1248,Par Discos Fraccionados Chromed Steel 0.5kg | XMASTER,WEIGHT_PLATE,true,,,,,UNMODELED,
831,Par Bumper Plates Color Stripe 15kg | HWM®,WEIGHT_PLATE,true,,,,,UNMODELED,
919,Mini Bosu Ball Morado | FullFit,BALL_BAG,true,,,,,UNMODELED,
91,Disco de Equilibrio de Madera | FullFit,,true,,,,,UNMODELED,
45,Barra Preolímpica Romana,BARBELL,true,,,,,NO_CAPABILITY_APPLICABLE,
192,Kettlebell de Vinilo 8kg,KETTLEBELL,true,,,,,UNMODELED,
2083,Rack de Almacenamiento Mancuernas 12 pares Vertical | HWM®,STORAGE,true,,,,,NO_CAPABILITY_APPLICABLE,
1129,Par Correas de Levantamiento V-Lifting Straps Rojo | HWM®,PROTECTIVE_GEAR,true,,,,,NO_CAPABILITY_APPLICABLE,
1946,Pack Delta Pro | HWM®,,true,,,,,UNMODELED,
489,Remo Sentado V8 Series | Obelix,SELECTORIZED_MACHINE,true,ROW,DIRECT,EXPLICIT,NAME:NAME:remo sentado:NAME_ROW_EXPLICIT_V1:,UNMODELED,
311,Pack Preolímpico Iniciación | Barbell,,false,,,,,NO_CAPABILITY_APPLICABLE,
1438,Sand Bag Training 5kg | HWM®,BALL_BAG,true,,,,,UNMODELED,
486,Press de Pectoral V8 Series | Obelix,SELECTORIZED_MACHINE,true,CHEST_PRESS,DIRECT,EXPLICIT,NAME:NAME:press de pectoral:NAME_CHEST_PRESS_EXPLICIT_V1:,UNMODELED,
1035,Barra Dominadas Puerta | FullFit,BODYWEIGHT_GYMNASTICS,true,PULL_UP,DIRECT,EXPLICIT,NAME:NAME:dominadas:NAME_PULL_UP_DIRECT_EXPLICIT_V1: | TRUSTED_CATEGORY:429:Barras de Dominadas:CATEGORY_NAME_PULL_UP_DIRECT_EXPLICIT_V1:SEMANTIC_STRONG,UNMODELED,
1818,Bosu Ball | Rising,BALL_BAG,true,,,,,UNMODELED,
2092,T-Bar Row Beast | Obelix,PLATE_LOADED_MACHINE,true,,,,,UNMODELED,
1271,Aductor MO 2.0 | Obelix®,SELECTORIZED_MACHINE,true,ADDUCTOR,DIRECT,EXPLICIT,NAME:NAME:aductor:NAME_ADDUCTOR_EXPLICIT_V1:,UNMODELED,
464,Par Tenazas Olímpicas | HWM,,true,,,,,UNMODELED,
1278,Abductor MO 2.0 | Obelix®,SELECTORIZED_MACHINE,true,ABDUCTOR,DIRECT,EXPLICIT,NAME:NAME:abductor:NAME_ABDUCTOR_EXPLICIT_V1:,UNMODELED,
1492,Rack de Almacenamiento Balones Medicinales Circular | HWM®,STORAGE,true,,,,,NO_CAPABILITY_APPLICABLE,
1597,Par Correas de Levantamiento Hard 3.0 Negro | HWM®,PROTECTIVE_GEAR,true,,,,,NO_CAPABILITY_APPLICABLE,
476,Banco Olímpico Declinado V8 Series | Obelix,BENCH,true,,,,,NO_CAPABILITY_APPLICABLE,
1841,Clubbell 8kg | Rising,KETTLEBELL,true,,,,,UNMODELED,
2021,Belt Squat | Peach Builder,PLATE_LOADED_MACHINE,true,,,,,UNMODELED,SQUAT: Candidate capability is deferred from Training Semantics V1.
1808,Landmine de Suelo Accesorio Delta | HWM®,MACHINE_ATTACHMENT,true,,,,,NO_CAPABILITY_APPLICABLE,
1598,Par Correas de Levantamiento Hard 3.0 Turquesa | HWM®,PROTECTIVE_GEAR,true,,,,,NO_CAPABILITY_APPLICABLE,
829,Par Bumper Plates Color Stripe 5kg | HWM®,WEIGHT_PLATE,true,,,,,UNMODELED,
556,Servicio de armado tipo A-30,,true,,,,,UNMODELED,
2059,Barra Pull Ups Multigrip Pro | HWM®,BODYWEIGHT_GYMNASTICS,true,,,,,UNMODELED,
1229,Hack Squat Solid Rock | BODYTONE,PLATE_LOADED_MACHINE,true,,,,,UNMODELED,SQUAT: Candidate capability is deferred from Training Semantics V1.
1448,Banco de Abdominales + Bandas de Resistencia | Forza,BENCH,true,,,,,NO_CAPABILITY_APPLICABLE,
1845,Clubbell 20kg | Rising,KETTLEBELL,true,,,,,UNMODELED,
1812,Polea Rack Lite Accesorio Delta | HWM®,CABLE_MACHINE,false,,,,,NO_CAPABILITY_APPLICABLE,
353,Pesos de Tobillo Morado 2.5kg (Par) | FullFit,,true,,,,,UNMODELED,
478,Banco Plano V8 Series | Obelix,BENCH,true,,,,,NO_CAPABILITY_APPLICABLE,
1927,Pack 150kg Full Color | HWM®,WEIGHT_PLATE,true,,,,,UNMODELED,
1751,Par Mancuernas de Neopreno 1kg Amarillo | FullFit,DUMBBELL,true,,,,,NO_CAPABILITY_APPLICABLE,
1514,Banco Dip Chin / Abs MO 2.0 | Obelix®,BENCH,true,,,,,NO_CAPABILITY_APPLICABLE,
1454,Par Barras Paralelas de Madera High 17cm | Araknido,BODYWEIGHT_GYMNASTICS,true,DIP,DIRECT,EXPLICIT,NAME:NAME:paralelas:NAME_DIP_DIRECT_EXPLICIT_V1: | TRUSTED_CATEGORY:430:Barras Paralelas:CATEGORY_NAME_DIP_DIRECT_EXPLICIT_V1:SEMANTIC_STRONG,UNMODELED,
1359,Strongman Sandbag 200lbs (Sin relleno) | KONG,BALL_BAG,true,,,,,UNMODELED,
1873,Bíceps Curl Accesorio Banco B814 | PROmachine,BENCH,true,,,,,NO_CAPABILITY_APPLICABLE,BICEPS_CURL: Candidate capability is deferred from Training Semantics V1.
2052,Banco Plano Plegable 1.0 | Forza,BENCH,true,,,,,NO_CAPABILITY_APPLICABLE,
2141,Banco Hip Thrust/Nordic Curl ZR Series | PROmachine,BENCH,true,HIP_THRUST,DIRECT,EXPLICIT,NAME:NAME:hip thrust:NAME_HIP_THRUST_EXPLICIT_V1:,UNMODELED,
2057,Bicicleta Estática Magnética Home FZLUX | Forza,CARDIO_MACHINE,true,,,,,UNMODELED,
1592,Par Muñequeras de Tela Spiral 2.0 Magenta | HWM®,PROTECTIVE_GEAR,true,,,,,NO_CAPABILITY_APPLICABLE,
888,Safety Straps (Par) | Accesorio Power Rack Heavy Duty Series | HWM,MACHINE_ATTACHMENT,false,,,,,NO_CAPABILITY_APPLICABLE,
309,Pack 100kg Classic Black + Elite 20kg | HWM®,,false,,,,,UNMODELED,
1346,Soga de Tríceps Unilateral - Accesorio Polea | Obelix,CABLE_MACHINE,true,,,,,NO_CAPABILITY_APPLICABLE,
1184,Chaleco de Lastre Running 5kg | HWM,,true,,,,,UNMODELED,
505,Costo logistico,,true,,,,,UNMODELED,
1844,Clubbell 15kg | Rising,KETTLEBELL,true,,,,,UNMODELED,
1778,Banda de Resistencia Thera Band 20lb | FullFit,BAND_SUSPENSION,true,,,,,NO_CAPABILITY_APPLICABLE,
1170,Almohadilla de Barra Skull | FullFit,BARBELL,true,,,,,NO_CAPABILITY_APPLICABLE,
1295,Pack 9kg Discos Fraccionados Gold Steel | XMASTER,WEIGHT_PLATE,false,,,,,UNMODELED,
2182,Multifuncional Trainer ZR Series | PROmachine,PLATE_LOADED_MACHINE,true,PULL_UP,SUPPORTED,HIGH,STRUCTURED_FEATURE:11:Peso máximo de usuario: Barra pull up: 100 kg.:FEATURE_NAME_PULL_UP_DIRECT_EXPLICIT_V1:Explicit module/configuration evidence; supported relation.,UNMODELED,SUPPORTED assignment requires explicit module/configuration evidence.
1939,Pack 8 Pares de Mancuernas (2.5 a 20kg) + Rack | HWM®,DUMBBELL,true,,,,,NO_CAPABILITY_APPLICABLE,
878,Glute Band Black | FullFit,,true,,,,,UNMODELED,
325,Par Bumper Plates Competición 20kg | HWM®,WEIGHT_PLATE,true,,,,,UNMODELED,
890,Dip Horn | Accesorio Power Rack Heavy Duty Series | HWM,MACHINE_ATTACHMENT,false,,,,,NO_CAPABILITY_APPLICABLE,
220,Par Mancuernas PU 20kg | Obelix®,DUMBBELL,true,,,,,NO_CAPABILITY_APPLICABLE,
1840,Clubbell 6kg | Rising,KETTLEBELL,true,,,,,UNMODELED,
1614,Par Calleras Stone 2.0 Sin Orificios Blanco | HWM®,PROTECTIVE_GEAR,true,,,,,NO_CAPABILITY_APPLICABLE,
1351,Agarre Simple Landmine | HWM®,MACHINE_ATTACHMENT,true,,,,,NO_CAPABILITY_APPLICABLE,
880,Gorra Black Series | HWM,APPAREL,true,,,,,UNMODELED,
1258,Par Discos Olímpicos Rubber Hand Grip 15kg | XMASTER,WEIGHT_PLATE,true,,,,,NO_CAPABILITY_APPLICABLE,
1591,Par Muñequeras de Tela Spiral 2.0 FullColor | HWM®,PROTECTIVE_GEAR,true,,,,,NO_CAPABILITY_APPLICABLE,
457,Mini Tabla de Escalada | HWM,,true,,,,,UNMODELED,
772,Ab Straps (Par) | FullFit,,true,,,,,UNMODELED,
1621,Pack 4 Bicicletas de Spinning Training Lite Series | Obelix,CARDIO_MACHINE,true,,,,,UNMODELED,
1673,Par Guantes Fitness Ranger Black | FullFit,PROTECTIVE_GEAR,true,,,,,NO_CAPABILITY_APPLICABLE,
1608,Par Calleras Essentials 3 Orificios Blanco/Negro | HWM®,PROTECTIVE_GEAR,true,,,,,NO_CAPABILITY_APPLICABLE,
322,Par Bumper Plates Competición 5kg | HWM®,WEIGHT_PLATE,true,,,,,UNMODELED,
2008,Polea Alta/Remo Accesorio Alpha | HWM®,CABLE_MACHINE,true,,,,,NO_CAPABILITY_APPLICABLE,
1387,Magnesio en Bolsa 300gr | Araknido,,true,,,,,UNMODELED,
2053,Bicicleta de Spinning Home FZPRO | Forza,CARDIO_MACHINE,true,,,,,UNMODELED,
1662,Prensa Vertical 90º Beast | Obelix,PLATE_LOADED_MACHINE,true,,,,,UNMODELED,
1459,Par Bumper Plates Classic Color 15kg | HWM®,WEIGHT_PLATE,true,,,,,UNMODELED,
1807,Par J-Cups Accesorio Delta | HWM®,MACHINE_ATTACHMENT,true,,,,,NO_CAPABILITY_APPLICABLE,
1453,Par Barras Paralelas de Madera Standard 10cm | Araknido,BODYWEIGHT_GYMNASTICS,true,DIP,DIRECT,EXPLICIT,NAME:NAME:paralelas:NAME_DIP_DIRECT_EXPLICIT_V1: | TRUSTED_CATEGORY:430:Barras Paralelas:CATEGORY_NAME_DIP_DIRECT_EXPLICIT_V1:SEMANTIC_STRONG,UNMODELED,
1510,Rack de Almacenamiento Discos Olímpicos MO 2.0 | Obelix®,STORAGE,true,,,,,NO_CAPABILITY_APPLICABLE,
354,Pesos de Tobillo Morado 2kg (Par) | Fullfit,,true,,,,,UNMODELED,
1087,Pack 245lbs Smith Bench | PROmachine,PLATE_LOADED_MACHINE,false,,,,,UNMODELED,
219,Par Mancuernas PU 17.5kg | Obelix®,DUMBBELL,true,,,,,NO_CAPABILITY_APPLICABLE,
2005,Par Spotter Arms Accesorio Alpha | HWM®,MACHINE_ATTACHMENT,true,,,,,NO_CAPABILITY_APPLICABLE,
2195,Pack 3 Agarres Ergonómicos - Accesorio Polea | Obelix,CABLE_MACHINE,true,,,,,NO_CAPABILITY_APPLICABLE,
2000,Par Soportes de Discos Olímpicos Accesorio Alpha | HWM®,WEIGHT_PLATE,true,,,,,NO_CAPABILITY_APPLICABLE,
1854,Foam Roller 45*14cm Negro | Rising,RECOVERY_TOOL,true,,,,,UNMODELED,
555,Servicio de armado tipo A-20,,true,,,,,UNMODELED,
1677,Par Guantes Fitness DryTech Pink | FullFit,PROTECTIVE_GEAR,true,,,,,NO_CAPABILITY_APPLICABLE,
1973,Pack 2 Bancos Regulables MO 2.0 | Obelix,BENCH,false,,,,,NO_CAPABILITY_APPLICABLE,
1837,Saco de Boxeo 40kg | Rising,PROTECTIVE_GEAR,true,,,,,NO_CAPABILITY_APPLICABLE,
1674,Par Guantes Fitness Ranger Camo | FullFit,PROTECTIVE_GEAR,true,,,,,NO_CAPABILITY_APPLICABLE,
467,X-Mount Anclaje Banda de Suspensión | FullFit,BAND_SUSPENSION,true,,,,,UNMODELED,
1687,Par Muñequeras de Compresión Purple | HWM®,PROTECTIVE_GEAR,true,,,,,NO_CAPABILITY_APPLICABLE,
1672,Par Guantes Fitness Defender Negro | FullFit,PROTECTIVE_GEAR,true,,,,,NO_CAPABILITY_APPLICABLE,
569,Set 4 Mini Bandas de Resistencia | PROmachine,BAND_SUSPENSION,false,,,,,NO_CAPABILITY_APPLICABLE,
222,Par Mancuernas Pu 25kg | Obelix®,DUMBBELL,true,,,,,NO_CAPABILITY_APPLICABLE,
1876,Tríceps Dip Accesorio Banco B814 | PROmachine,BENCH,true,,,,,NO_CAPABILITY_APPLICABLE,
1029,Balón Pilates 55cm | Mindfullness,YOGA_PILATES,true,,,,,UNMODELED,
1842,Clubbell 10kg | Rising,KETTLEBELL,true,,,,,UNMODELED,
576,Set 30kg Mancuernas Acero Engomado | 2° Selección,DUMBBELL,false,,,,,NO_CAPABILITY_APPLICABLE,
1600,Par Correas de Levantamiento Attack Cuero Negro | HWM®,PROTECTIVE_GEAR,true,,,,,NO_CAPABILITY_APPLICABLE,
1863,Rueda Abdominal | FullFit,,true,,,,,NO_CAPABILITY_APPLICABLE,
1460,Par Bumper Plates Classic Color 20kg | HWM®,WEIGHT_PLATE,true,,,,,UNMODELED,
1838,Saco de Boxeo 50kg | Rising,PROTECTIVE_GEAR,true,,,,,NO_CAPABILITY_APPLICABLE,
1191,Par Agarres OCR Cannonball Acero 75mm | Araknido,,true,,,,,UNMODELED,
1920,Bowl Porta Magnesio Con Pedestal | HWM®,STORAGE,true,,,,,NO_CAPABILITY_APPLICABLE,
879,Glute Band Pink | FullFit,,true,,,,,UNMODELED,
2125,Almohadilla Hip Thrust | Rising,,true,,,,,NO_CAPABILITY_APPLICABLE,
917,Rueda de Yoga | Mindfullness,YOGA_PILATES,true,,,,,UNMODELED,
1839,Clubbell 4kg | Rising,KETTLEBELL,true,,,,,UNMODELED,
2089,3D Hip Thruster Beast | Obelix,PLATE_LOADED_MACHINE,true,,,,,UNMODELED,
1846,Clubbell 25kg | Rising,KETTLEBELL,true,,,,,UNMODELED,
1247,Par Discos Fraccionados Chromed Steel 0.25kg | XMASTER,WEIGHT_PLATE,true,,,,,UNMODELED,
1670,Par Guantes Grab Shiny Morado | FullFit,PROTECTIVE_GEAR,true,,,,,NO_CAPABILITY_APPLICABLE,
2187,Trotadora Comercial S1 Series LED - 2da Selección | Obelix® (OB260-SU40-3),CARDIO_MACHINE,true,,,,,UNMODELED,
1593,Par Muñequeras de Tela Spiral 2.0 Blanco | HWM®,PROTECTIVE_GEAR,true,,,,,NO_CAPABILITY_APPLICABLE,
223,Máscara de Hipoxia | PROmachine,,true,,,,,UNMODELED,
1935,Pack Sweat Pink | HWM®,,true,,,,,UNMODELED,
358,Par Pesos de Tobillo Gris 1.5kg | FullFit,,true,,,,,UNMODELED,
554,Servicio de armado tipo A-10,,true,,,,,UNMODELED,
1824,"Dead Lift Barra ""T"" | Rising",BARBELL,true,,,,,NO_CAPABILITY_APPLICABLE,
473,Banco Scott V8 Series | Obelix,BENCH,true,,,,,NO_CAPABILITY_APPLICABLE,
918,Bloque de Yoga Eva Morado | Mindfullness,YOGA_PILATES,true,,,,,UNMODELED,
1999,Cable Polea Rack Pro 2.0 Accesorio Alpha | HWM®,CABLE_MACHINE,true,,,,,NO_CAPABILITY_APPLICABLE,
2001,Roller de Antebrazo Accesorio Alpha | HWM®,MACHINE_ATTACHMENT,true,,,,,NO_CAPABILITY_APPLICABLE,
1686,Par Muñequeras de Compresión Pink | HWM®,PROTECTIVE_GEAR,true,,,,,NO_CAPABILITY_APPLICABLE,
1461,Par Bumper Plates Classic Color 25kg | HWM®,WEIGHT_PLATE,true,,,,,UNMODELED,
217,Par Mancuernas PU 12.5kg | Obelix®,DUMBBELL,true,,,,,NO_CAPABILITY_APPLICABLE,
351,Pesos de Tobillo Morado 1.5kg (Par) | FullFit,,true,,,,,UNMODELED,
1855,Set Foam Roller 3 en 1 46*15cm Negro/Naranjo | Rising,RECOVERY_TOOL,true,,,,,UNMODELED,
2004,Dip Horns Soporte Para Fondos Accesorio Alpha | HWM®,MACHINE_ATTACHMENT,true,,,,,NO_CAPABILITY_APPLICABLE,
1688,Par Muñequeras de Compresión Lemon | HWM®,PROTECTIVE_GEAR,true,,,,,NO_CAPABILITY_APPLICABLE,
323,Par Bumper Plates Competición 10kg | HWM®,WEIGHT_PLATE,true,,,,,UNMODELED,
1452,Par Mini Barras Paralelas de Madera 7cm | Araknido,BODYWEIGHT_GYMNASTICS,true,DIP,DIRECT,EXPLICIT,NAME:NAME:paralelas:NAME_DIP_DIRECT_EXPLICIT_V1: | TRUSTED_CATEGORY:430:Barras Paralelas:CATEGORY_NAME_DIP_DIRECT_EXPLICIT_V1:SEMANTIC_STRONG,UNMODELED,
324,Par Bumper Plates Competición 15kg | HWM®,WEIGHT_PLATE,true,,,,,UNMODELED,
1676,Par Guantes Fitness DryTech Negro | FullFit,PROTECTIVE_GEAR,true,,,,,NO_CAPABILITY_APPLICABLE,
218,Par Mancuernas PU 15kg | Obelix®,DUMBBELL,true,,,,,NO_CAPABILITY_APPLICABLE,
1938,Pack Elite Conquer | HWM®,,true,,,,,UNMODELED,
1859,Chaleco de Lastre 10kg | Rising,,true,,,,,UNMODELED,
13,Vendaje K-Tape (Unidad),PROTECTIVE_GEAR,true,,,,,NO_CAPABILITY_APPLICABLE,
2166,Sandbag de Competición 20kg (Sin Relleno) | HWM®,BALL_BAG,true,,,,,UNMODELED,
1809,Landmine 1.0 Accesorio Delta | HWM®,MACHINE_ATTACHMENT,true,,,,,NO_CAPABILITY_APPLICABLE,
221,Par Mancuernas PU 22.5kg | Obelix®,DUMBBELL,true,,,,,NO_CAPABILITY_APPLICABLE,
1669,Par Guantes Grab Training 2.0 Negro | FullFit,PROTECTIVE_GEAR,true,,,,,NO_CAPABILITY_APPLICABLE,
1858,Barra Pull Up de Muro | Rising,BODYWEIGHT_GYMNASTICS,true,PULL_UP,DIRECT,EXPLICIT,NAME:NAME:barra pull up:NAME_PULL_UP_DIRECT_EXPLICIT_V1: | TRUSTED_CATEGORY:429:Barras de Dominadas:CATEGORY_NAME_PULL_UP_DIRECT_EXPLICIT_V1:SEMANTIC_STRONG,UNMODELED,
1286,Banco Vertical MO 2.0 | Obelix®,BENCH,true,,,,,NO_CAPABILITY_APPLICABLE,
1684,Par Muñequeras de Compresión Gris | HWM®,PROTECTIVE_GEAR,true,,,,,NO_CAPABILITY_APPLICABLE,
1279,Banco Olímpico Declinado MO 2.0 | Obelix®,BENCH,true,,,,,NO_CAPABILITY_APPLICABLE,
308,Pack Preolímpico Barbell Hard,,false,,,,,NO_CAPABILITY_APPLICABLE,
2263,Barra Olímpica Cerakote Rojo 20kg - 2da Selección (Wodstock) | KONG,BARBELL,true,,,,,NO_CAPABILITY_APPLICABLE,
2088,Hip Thrust Beast | Obelix,PLATE_LOADED_MACHINE,true,HIP_THRUST,DIRECT,EXPLICIT,NAME:NAME:hip thrust:NAME_HIP_THRUST_EXPLICIT_V1:,UNMODELED,
2026,Multi Dead Lift | Peach Builder,PLATE_LOADED_MACHINE,true,,,,,UNMODELED,
1685,Par Muñequeras de Compresión Cian | HWM®,PROTECTIVE_GEAR,true,,,,,NO_CAPABILITY_APPLICABLE,
1857,Cuerda de Salto Speed Rope | Rising,ROPE_SLED,true,,,,,UNMODELED,
1765,Par Mancuernas Cromadas 10kg | Obelix,DUMBBELL,true,,,,,NO_CAPABILITY_APPLICABLE,
1490,Banda de Resistencia Thera Band 15lb | FullFit,BAND_SUSPENSION,true,,,,,NO_CAPABILITY_APPLICABLE,
504,Valla de Salto (Unidad),,true,,,,,UNMODELED,
1693,Wall Crossover Black ZR Series | PROmachine | 2da Selección,CABLE_MACHINE,,,,,,UNMODELED,
1084,Pack 155lbs Barbell Standard Woman,,false,,,,,NO_CAPABILITY_APPLICABLE,
1599,Par Correas de Levantamiento Attack Cuero Café | HWM®,PROTECTIVE_GEAR,true,,,,,NO_CAPABILITY_APPLICABLE,
191,Kettlebell de Vinilo 6kg,KETTLEBELL,true,,,,,UNMODELED,
2095,Rack de Muro Almacenamiento Funcional | HWM®,STORAGE,true,,,,,NO_CAPABILITY_APPLICABLE,
1998,Landmine 360º Accesorio Alpha | HWM®,MACHINE_ATTACHMENT,true,,,,,NO_CAPABILITY_APPLICABLE,
360,Par Pesos de Tobillo Gris 2kg | FullFit,,true,,,,,UNMODELED,
158,Expander Tube Hard Negro | FullFit,BAND_SUSPENSION,true,,,,,UNMODELED,
2091,Pull Over Beast | Obelix,PLATE_LOADED_MACHINE,true,,,,,UNMODELED,
348,Pack 46kg Kettlebell Vinilo Light,KETTLEBELL,false,,,,,UNMODELED,
892,Porta Discos Olímpicos (Par) | Accesorio Power Rack Heavy Duty Series | HWM,MACHINE_ATTACHMENT,false,,,,,NO_CAPABILITY_APPLICABLE,
1675,Par Guantes Fitness ActivPro Negro | FullFit,PROTECTIVE_GEAR,true,,,,,NO_CAPABILITY_APPLICABLE,
2203,Dual Cuádriceps / Femoral Acostado MO 2.0 | Obelix®,SELECTORIZED_MACHINE,true,,,,,INSUFFICIENT_EVIDENCE,
2186,"Pec Fly Accesorio Banco B814 - 2da Selección | PROmachine (PM-B814-A4-FU55,-2)",BENCH,true,,,,,NO_CAPABILITY_APPLICABLE,
2167,Sandbag de Competición 30kg (Sin Relleno) | HWM®,BALL_BAG,true,,,,,UNMODELED,
190,Kettlebell de Vinilo 4kg,KETTLEBELL,true,,,,,UNMODELED,
1831,Martillo Thor 15kg | Rising,,true,,,,,UNMODELED,
803,Shaker PVC 600ml Rojo | HWM®,,true,,,,,UNMODELED,
2107,Dual Abductor/Aductor V8 Series - 2da Selección | Obelix,SELECTORIZED_MACHINE,,ABDUCTOR;ADDUCTOR,DIRECT,EXPLICIT,NAME:NAME:abductor:NAME_ABDUCTOR_EXPLICIT_V1: | NAME:NAME:aductor:NAME_ADDUCTOR_EXPLICIT_V1:,UNMODELED,
2194,Eliptica Comercial S1 Series LED - 2da Selección | Obelix® (OB9001-SU40-1),CARDIO_MACHINE,true,,,,,UNMODELED,
1683,Par Guantes Fitness Zebra Aqua | FullFit,PROTECTIVE_GEAR,true,,,,,NO_CAPABILITY_APPLICABLE,
2023,Abductor de Pie | Peach Builder,PLATE_LOADED_MACHINE,true,ABDUCTOR,DIRECT,EXPLICIT,NAME:NAME:abductor:NAME_ABDUCTOR_EXPLICIT_V1:,UNMODELED,
1691,Par Muñequeras de Compresión Oliva | HWM®,PROTECTIVE_GEAR,true,,,,,NO_CAPABILITY_APPLICABLE,
1629,Set 30kg Maletín Cast Iron | 2da Selección,,,,,,,UNMODELED,
2264,Barra Olímpica Cerakote Amarillo 15kg - 2da Selección (Wodstock) | KONG,BARBELL,true,,,,,NO_CAPABILITY_APPLICABLE,
1851,Saco Búlgaro 16kg | Rising,BALL_BAG,true,,,,,UNMODELED,
2111,Landmine Ball 360 | Rising,MACHINE_ATTACHMENT,true,,,,,UNMODELED,
1181,Agarre OCR Monkey Rope 60cm 38mm (Unidad) | Araknido,ROPE_SLED,true,,,,,NO_CAPABILITY_APPLICABLE,
1817,Soporte Para Fondos Accesorio Delta | HWM®,MACHINE_ATTACHMENT,true,,,,,NO_CAPABILITY_APPLICABLE,
558,Servicio tipo A-PC,,true,,,,,UNMODELED,
1995,Almohadilla Búlgara Accesorio Alpha | HWM®,MACHINE_ATTACHMENT,true,,,,,NO_CAPABILITY_APPLICABLE,
1761,Par Mancuernas Cromadas 6kg | Obelix,DUMBBELL,true,,,,,NO_CAPABILITY_APPLICABLE,
2054,Trineo Power Training Sled | HWM®,ROPE_SLED,true,,,,,UNMODELED,
2164,Morral Live Hard 1.0 | HWM®,APPAREL,true,,,,,UNMODELED,
1163,Cinturón Hip Thrust Pink Piton | FullFit,PROTECTIVE_GEAR,true,,,,,NO_CAPABILITY_APPLICABLE,
2165,Sandbag de Competición 10kg (Sin Relleno) | HWM®,BALL_BAG,true,,,,,UNMODELED,
159,Expander Tube Soft Rojo | FullFit,BAND_SUSPENSION,true,,,,,UNMODELED,
893,Barra Multi Grip | Accesorio Power Rack Heavy Duty Series | HWM,BARBELL,false,,,,,NO_CAPABILITY_APPLICABLE,
485,Press de Hombro V8 Series | Obelix,SELECTORIZED_MACHINE,true,SHOULDER_PRESS,DIRECT,EXPLICIT,NAME:NAME:press de hombro:NAME_SHOULDER_PRESS_EXPLICIT_V1:,UNMODELED,
2011,Dual Pectoral/Hombros MO 2.0 - 2da Selección | Obelix,,,,,,,INSUFFICIENT_EVIDENCE,
2012,Dual Polea Alta/Remo V8 Series - 2da Selección | Obelix,CABLE_MACHINE,,LAT_PULLDOWN;ROW,DIRECT,EXPLICIT,NAME:NAME:polea alta:NAME_LAT_PULLDOWN_EXPLICIT_V1: | NAME:NAME:polea alta remo:NAME_ROW_EXPLICIT_V1:,UNMODELED,
2076,Dual Femoral/Cuádriceps MO 2.0 - 2da Selección | Obelix,SELECTORIZED_MACHINE,,,,,,INSUFFICIENT_EVIDENCE,
2280,Dual Press Pectoral / Hombros MO 2.0 - 2da Selección | Obelix® (OB-MO2-S35-SU40-2),,,,,,,INSUFFICIENT_EVIDENCE,
1832,Preacher Pad Biceps Curl | Rising,,true,,,,,NO_CAPABILITY_APPLICABLE,BICEPS_CURL: Candidate capability is deferred from Training Semantics V1.
1996,Asiento Polea Accesorio Alpha | HWM®,CABLE_MACHINE,true,,,,,NO_CAPABILITY_APPLICABLE,
1853,Foam Roller 33*14cm | Rising,RECOVERY_TOOL,true,,,,,UNMODELED,
2097,Rack Para Balones Medicinales | Rising,STORAGE,true,,,,,NO_CAPABILITY_APPLICABLE,
1334,Agarre OCR Empuñadura Braquet (Unidad)| Araknido,,false,,,,,NO_CAPABILITY_APPLICABLE,
1525,Par Discos Fraccionales Add-On 0.25kg Verde | XMASTER,WEIGHT_PLATE,true,,,,,UNMODELED,
1333,Agarre OCR T-Bar | Araknido,,true,,,,,NO_CAPABILITY_APPLICABLE,
1671,Par Guantes Grab Shiny Cian | FullFit,PROTECTIVE_GEAR,true,,,,,NO_CAPABILITY_APPLICABLE,
1850,Saco Búlgaro 10kg | Rising,BALL_BAG,true,,,,,UNMODELED,
1216,Par Mancuernas PU 40kg | Obelix®,DUMBBELL,true,,,,,NO_CAPABILITY_APPLICABLE,
1386,Par Agarres OCR Pull Up Balls de Madera 90mm | Araknido,BODYWEIGHT_GYMNASTICS,true,,,,,UNMODELED,
642,Pack 29kg Discos Eco + Par de Barras Mancuerna + Barra 1.5mt,WEIGHT_PLATE,false,,,,,NO_CAPABILITY_APPLICABLE,
1214,Par Mancuernas PU 35kg | Obelix®,DUMBBELL,true,,,,,NO_CAPABILITY_APPLICABLE,
216,Par Mancuernas PU 10kg | Obelix®,DUMBBELL,true,,,,,NO_CAPABILITY_APPLICABLE,
169,Mini Foam Roller | HWM,RECOVERY_TOOL,true,,,,,UNMODELED,
1220,Par Mancuernas PU 50kg | Obelix®,DUMBBELL,true,,,,,NO_CAPABILITY_APPLICABLE,
975,Squat Rack Lat Pull Down | PROmachine,RACK_CAGE,false,,,,,UNMODELED,SQUAT: Candidate capability is deferred from Training Semantics V1.
1829,Bola de Masaje 13cm Diam. Pink/Camo | Rising,RECOVERY_TOOL,true,,,,,UNMODELED,
51,Slam Ball Grip 80Lbs | HWM®,BALL_BAG,true,,,,,NO_CAPABILITY_APPLICABLE,
49,Slam Ball Grip 40Lbs | HWM®,BALL_BAG,true,,,,,NO_CAPABILITY_APPLICABLE,
2132,Mat de Yoga TPE C/Colgador 173x61cm 8mm | Rising,YOGA_PILATES,true,,,,,UNMODELED,
215,Par Mancuernas PU 7.5kg | Obelix®,DUMBBELL,true,,,,,NO_CAPABILITY_APPLICABLE,
649,Barra Recta Peso Fijo PU 20kg | Obelix®,BARBELL,true,,,,,NO_CAPABILITY_APPLICABLE,
1491,Banda de Resistencia Thera Band 35lb | FullFit,BAND_SUSPENSION,true,,,,,NO_CAPABILITY_APPLICABLE,
1164,Cinturón Hip Thrust Camo | FullFit,PROTECTIVE_GEAR,true,,,,,NO_CAPABILITY_APPLICABLE,
2113,Mat de Entrenamiento Train Together 120x60cm 8mm | Rising,,true,,,,,UNMODELED,
160,Set Conos de Agilidad | FullFit,,false,,,,,UNMODELED,
1762,Par Mancuernas Cromadas 7kg | Obelix,DUMBBELL,true,,,,,NO_CAPABILITY_APPLICABLE,
784,Par Agarres OCR Pull Up Bars de Madera 50mm | Araknido,BODYWEIGHT_GYMNASTICS,true,,,,,UNMODELED,
1668,Par Guantes Grab Training 2.0 Pink | FullFit,PROTECTIVE_GEAR,true,,,,,NO_CAPABILITY_APPLICABLE,
1820,Balón de Pilates 65cm | Rising,YOGA_PILATES,true,,,,,UNMODELED,
651,Barra Recta Peso Fijo PU 30kg | Obelix®,BARBELL,true,,,,,NO_CAPABILITY_APPLICABLE,
648,Barra Recta Peso Fijo PU 15kg | Obelix®,BARBELL,true,,,,,NO_CAPABILITY_APPLICABLE,
1182,Agarre OCR Monkey Rope 80cm 38mm (Unidad) | Araknido,ROPE_SLED,true,,,,,NO_CAPABILITY_APPLICABLE,
1578,Par Agarres OCR Pull Up Bars de Madera 60mm | Araknido,BODYWEIGHT_GYMNASTICS,true,,,,,UNMODELED,
1639,Crossover Lat Pulldown | PROmachine | 2da Selección,CABLE_MACHINE,,LAT_PULLDOWN,DIRECT,EXPLICIT,NAME:NAME:lat pulldown:NAME_LAT_PULLDOWN_EXPLICIT_V1:,UNMODELED,
671,Pack 260lbs Crumb Bumpers | KONG,,,,,,,UNMODELED,
2126,Cuerda de Salto Weighted Jump | Rising,ROPE_SLED,true,,,,,UNMODELED,
479,Rack de Almacenamiento Discos Olímpicos V8 Series | Obelix,STORAGE,true,,,,,NO_CAPABILITY_APPLICABLE,
930,Bulgarian Squat (Accesorio Jaula Hell - MJHWM2) | HWM,MACHINE_ATTACHMENT,true,,,,,NO_CAPABILITY_APPLICABLE,SQUAT: Candidate capability is deferred from Training Semantics V1.
1653,Hip Thrust de Pie MO 2.0 | Obelix®,PLATE_LOADED_MACHINE,true,HIP_THRUST,DIRECT,EXPLICIT,NAME:NAME:hip thrust:NAME_HIP_THRUST_EXPLICIT_V1:,UNMODELED,
1211,Par Mancuernas PU 27.5kg | Obelix®,DUMBBELL,true,,,,,NO_CAPABILITY_APPLICABLE,
1682,Par Guantes Fitness Fullfinger Azul | FullFit,PROTECTIVE_GEAR,true,,,,,NO_CAPABILITY_APPLICABLE,
1165,Cinturón Hip Thrust Skull | FullFit,PROTECTIVE_GEAR,true,,,,,NO_CAPABILITY_APPLICABLE,
1513,Banco Plano MO 2.0 | Obelix®,BENCH,true,,,,,NO_CAPABILITY_APPLICABLE,
1830,Martillo Thor 10kg | Rising,,true,,,,,UNMODELED,
1520,Par Discos Calibrados Powerlifting 5kg Blanco | XMASTER,WEIGHT_PLATE,true,,,,,UNMODELED,
1690,Par Muñequeras de Compresión White | HWM®,PROTECTIVE_GEAR,true,,,,,NO_CAPABILITY_APPLICABLE,
1836,Par Guantes de Boxeo | Rising,PROTECTIVE_GEAR,true,,,,,NO_CAPABILITY_APPLICABLE,
1317,Par Mancuernas Hard Chrome 8kg | Obelix,DUMBBELL,true,,,,,NO_CAPABILITY_APPLICABLE,
868,Mini Foam Roller EPP Verde | FullFit,RECOVERY_TOOL,true,,,,,UNMODELED,
1705,Barra Pull Up Para Puerta 2.0 | Forza,BODYWEIGHT_GYMNASTICS,true,PULL_UP,DIRECT,EXPLICIT,NAME:NAME:barra pull up:NAME_PULL_UP_DIRECT_EXPLICIT_V1: | TRUSTED_CATEGORY:429:Barras de Dominadas:CATEGORY_NAME_PULL_UP_DIRECT_EXPLICIT_V1:SEMANTIC_STRONG,UNMODELED,
1335,Par Agarres OCR Ninja Hooks Cuadrado | Araknido,,true,,,,,UNMODELED,
332,Pack 155kg Discos Olímpicos | ZV 657.140,WEIGHT_PLATE,,,,,,UNMODELED,
895,Bulgarian Squat | Accesorio Power Rack Heavy Duty Series | HWM,MACHINE_ATTACHMENT,false,,,,,NO_CAPABILITY_APPLICABLE,SQUAT: Candidate capability is deferred from Training Semantics V1.
650,Barra Recta Peso Fijo PU 25kg | Obelix®,BARBELL,true,,,,,NO_CAPABILITY_APPLICABLE,
672,Pack 260lbs Crumb Bumper Kong + Barra Training 20kg HWM,WEIGHT_PLATE,,,,,,UNMODELED,
1759,Par Mancuernas Cromadas 4kg | Obelix,DUMBBELL,true,,,,,NO_CAPABILITY_APPLICABLE,
867,Mini Foam Roller EPP Rojo | FullFit,RECOVERY_TOOL,true,,,,,UNMODELED,
1763,Par Mancuernas Cromadas 8kg | Obelix,DUMBBELL,true,,,,,NO_CAPABILITY_APPLICABLE,
1827,Set 32 Lentejas de Agilidad (Incluye Base) | Rising,,true,,,,,UNMODELED,
214,Par Mancuernas PU 5kg | Obelix®,DUMBBELL,true,,,,,NO_CAPABILITY_APPLICABLE,
1678,Par Guantes Fitness SoftTech Negro | FullFit,PROTECTIVE_GEAR,true,,,,,NO_CAPABILITY_APPLICABLE,
2007,Barra Pull Up Accesorio Alpha | HWM®,BODYWEIGHT_GYMNASTICS,true,,,,,NO_CAPABILITY_APPLICABLE,
608,Rack de Almacenamiento Barras Fijas | Obelix,STORAGE,true,,,,,NO_CAPABILITY_APPLICABLE,
1212,Par Mancuernas PU 30kg | Obelix®,DUMBBELL,true,,,,,NO_CAPABILITY_APPLICABLE,
1433,Cinturón Hip Thrust Gris | FullFit,PROTECTIVE_GEAR,true,,,,,NO_CAPABILITY_APPLICABLE,
1781,Mat de Yoga Plegable 173x61cm 6mm | Mindfullness,YOGA_PILATES,true,,,,,UNMODELED,
777,Par Agarres OCR Pull Up Balls de Madera 68mm | Araknido,BODYWEIGHT_GYMNASTICS,true,,,,,UNMODELED,
1868,Ab Crunch Accesorio Banco B814 | PROmachine,BENCH,true,,,,,NO_CAPABILITY_APPLICABLE,
1000,Rack Horizontal Para Mancuernas Fedesport,RACK_CAGE,false,,,,,UNMODELED,
1760,Par Mancuernas Cromadas 5kg | Obelix,DUMBBELL,true,,,,,NO_CAPABILITY_APPLICABLE,
1680,Par Guantes Fitness Breeze Gris | FullFit,PROTECTIVE_GEAR,true,,,,,NO_CAPABILITY_APPLICABLE,
1821,Balón de Pilates 75cm | Rising,YOGA_PILATES,true,,,,,UNMODELED,
1819,Balón de Pilates 55cm | Rising,YOGA_PILATES,true,,,,,UNMODELED,
1815,Soporte de Barra x2 Accesorio Delta | HWM®,MACHINE_ATTACHMENT,true,,,,,NO_CAPABILITY_APPLICABLE,
1166,Cinturón Hip Thrust Diamond | FullFit,PROTECTIVE_GEAR,true,,,,,NO_CAPABILITY_APPLICABLE,
2090,Martillo Thor 20kg | Rising,,true,,,,,UNMODELED,
1432,Cinturón Hip Thrust Pink | FullFit,PROTECTIVE_GEAR,true,,,,,NO_CAPABILITY_APPLICABLE,
1779,Banda de Resistencia Thera Band 60lb | FullFit,BAND_SUSPENSION,true,,,,,NO_CAPABILITY_APPLICABLE,
1057,Power Rack Kong Series | 2° Selección | HWM,RACK_CAGE,,,,,,UNMODELED,
2085,Barra Preolímpica Mancuerna 1.5kg 29.5 mm (Unidad) - 2da Selección (BPM-SU35-2),BARBELL,true,,,,,NO_CAPABILITY_APPLICABLE,
1689,Par Muñequeras de Compresión Black | HWM®,PROTECTIVE_GEAR,true,,,,,NO_CAPABILITY_APPLICABLE,
1681,Par Guantes Fitness Fullfinger Pink | FullFit,PROTECTIVE_GEAR,true,,,,,NO_CAPABILITY_APPLICABLE,
1826,Set 16 Conos de Agilidad | Rising,,true,,,,,UNMODELED,
1679,Par Guantes Fitness Breeze Azul | FullFit,PROTECTIVE_GEAR,true,,,,,NO_CAPABILITY_APPLICABLE,
2124,Set 5 Vallas de Salto Ajustables | Rising,,true,,,,,UNMODELED,
1758,Par Mancuernas Cromadas 3kg | Obelix,DUMBBELL,true,,,,,NO_CAPABILITY_APPLICABLE,
1814,Soporte de Barra x1 Accesorio Delta | HWM®,MACHINE_ATTACHMENT,true,,,,,NO_CAPABILITY_APPLICABLE,
1764,Par Mancuernas Cromadas 9kg | Obelix,DUMBBELL,true,,,,,NO_CAPABILITY_APPLICABLE,
2017,Barra Pull Up Multigrip Accesorio Alpha | HWM®,BODYWEIGHT_GYMNASTICS,true,,,,,NO_CAPABILITY_APPLICABLE,
1624,Accesorio Polea Alta Remo Jaula Hell | HWM | 2da Selección,CABLE_MACHINE,,,,,,NO_CAPABILITY_APPLICABLE,
417,Rack de Almacenamiento Mancuernas Circulares 2 niveles | Obelix,STORAGE,true,,,,,NO_CAPABILITY_APPLICABLE,
2063,Power Rack Magnum - 2da Selección | HWM®,RACK_CAGE,,,,,,UNMODELED,
1640,Power Rack Heavy Duty Series | HWM | 2da Selección,RACK_CAGE,,,,,,UNMODELED,
2103,Crossover Lat Pulldown - 2da Selección | PROmachine,CABLE_MACHINE,,LAT_PULLDOWN,DIRECT,EXPLICIT,NAME:NAME:lat pulldown:NAME_LAT_PULLDOWN_EXPLICIT_V1:,UNMODELED,
2014,Rack Organizador de Mancuernas Accesorio Alpha | HWM®,STORAGE,true,,,,,NO_CAPABILITY_APPLICABLE,
1315,Par Mancuernas Hard Chrome 6kg | Obelix,DUMBBELL,true,,,,,NO_CAPABILITY_APPLICABLE,
1313,Par Mancuernas Hard Chrome 4kg | Obelix,DUMBBELL,true,,,,,NO_CAPABILITY_APPLICABLE,
647,Barra Recta Peso Fijo PU 10kg | Obelix®,BARBELL,true,,,,,NO_CAPABILITY_APPLICABLE,
1757,Par Mancuernas Cromadas 2kg | Obelix,DUMBBELL,true,,,,,NO_CAPABILITY_APPLICABLE,
1882,2da Selección - Set 30kg Maletín Cast Iron,,,,,,,UNMODELED,
1810,Barra Pull Up Multigrip Accesorio Delta | HWM®,BODYWEIGHT_GYMNASTICS,true,,,,,NO_CAPABILITY_APPLICABLE,
1849,Saco Búlgaro 8kg | Rising,BALL_BAG,true,,,,,UNMODELED,
801,Pulsera de Silicona | HWM,,true,,,,,UNMODELED,
2261,Par Anillas Olímpicas de Gimnasia Madera - 2da Selección (Wodstock) | HWM®,BODYWEIGHT_GYMNASTICS,true,,,,,UNMODELED,
1848,Saco Búlgaro 6kg | Rising,BALL_BAG,true,,,,,UNMODELED,
1828,Bola de Masaje Mani 11cm Diam. Pink/Camo | Rising,RECOVERY_TOOL,true,,,,,UNMODELED,
1997,Par J-Cups Accesorio Alpha | HWM®,MACHINE_ATTACHMENT,true,,,,,NO_CAPABILITY_APPLICABLE,
2127,Escalera de Agilidad Hexagonal Plegable | Rising,,true,,,,,UNMODELED,
1319,Par Mancuernas Hard Chrome 10kg | Obelix,DUMBBELL,true,,,,,NO_CAPABILITY_APPLICABLE,
1218,Par Mancuernas PU 45kg | Obelix®,DUMBBELL,true,,,,,NO_CAPABILITY_APPLICABLE,
2123,Balón Medicinal 10kg | Rising,BALL_BAG,true,,,,,UNMODELED,
787,Agarre OCR Pull Up Balls de Madera 90mm (Par) | Araknido,BODYWEIGHT_GYMNASTICS,false,,,,,NO_CAPABILITY_APPLICABLE,
213,Par Mancuernas PU 2.5kg | Obelix®,DUMBBELL,true,,,,,NO_CAPABILITY_APPLICABLE,
1644,Squat Rack Lite Series | HWM | 2da Selección,RACK_CAGE,,,,,,UNMODELED,SQUAT: Candidate capability is deferred from Training Semantics V1.
2104,Power Rack Alpha - 2da Selección | HWM®,RACK_CAGE,,,,,,UNMODELED,
1215,Par Mancuernas PU 37.5kg | Obelix®,DUMBBELL,true,,,,,NO_CAPABILITY_APPLICABLE,
2002,Soporte de Barra x2 Accesorio Alpha | HWM®,MACHINE_ATTACHMENT,true,,,,,NO_CAPABILITY_APPLICABLE,
374,Pack Press Banco Barbell Home 2.0,BENCH,false,,,,,NO_CAPABILITY_APPLICABLE,
2143,Banco Hip Thrust 1.0 ZR Series | PROmachine,BENCH,true,HIP_THRUST,DIRECT,EXPLICIT,NAME:NAME:hip thrust:NAME_HIP_THRUST_EXPLICIT_V1:,UNMODELED,
2196,Power Rack Alpha - 2da Selección | HWM®,RACK_CAGE,,,,,,UNMODELED,
1312,Par Mancuernas Hard Chrome 3kg | Obelix,DUMBBELL,true,,,,,NO_CAPABILITY_APPLICABLE,
1193,Salmon Ladder | Araknido,,true,PULL_UP,DIRECT,HIGH,TRUSTED_CATEGORY:429:Barras de Dominadas:CATEGORY_NAME_PULL_UP_DIRECT_EXPLICIT_V1:SEMANTIC_STRONG,UNMODELED,
1718,Set 4 Plyo Box Apilables | HWM | 2da Selección,,,,,,,UNMODELED,
2231,Polea Dual Multifuncional 70kg ZR Series - 2da Selección | PROmachine (PM-M853A-SU45-2),CABLE_MACHINE,,,,,,INSUFFICIENT_EVIDENCE,
1224,Barra EZ Peso Fijo PU 25kg | Obelix®,BARBELL,true,,,,,NO_CAPABILITY_APPLICABLE,
2119,Balón Medicinal 6kg | Rising,BALL_BAG,true,,,,,UNMODELED,
1213,Par Mancuernas PU 32.5kg | Obelix®,DUMBBELL,true,,,,,NO_CAPABILITY_APPLICABLE,
1309,Rack de Almacenamiento Mancuernas | Obelix,STORAGE,true,,,,,NO_CAPABILITY_APPLICABLE,
1316,Par Mancuernas Hard Chrome 7kg | Obelix,DUMBBELL,true,,,,,NO_CAPABILITY_APPLICABLE,
782,Climbing Crash Pad | Araknido,,false,,,,,NO_CAPABILITY_APPLICABLE,
373,Pack Press Banco Barbell Home 1.0,BENCH,false,,,,,NO_CAPABILITY_APPLICABLE,
2118,Balón Medicinal 5kg | Rising,BALL_BAG,true,,,,,UNMODELED,
2003,Soporte de Barra x1 Accesorio Alpha | HWM®,MACHINE_ATTACHMENT,true,,,,,NO_CAPABILITY_APPLICABLE,
1314,Par Mancuernas Hard Chrome 5kg | Obelix,DUMBBELL,true,,,,,NO_CAPABILITY_APPLICABLE,
1666,Par Guantes Grab Quick 1.0 Negro | FullFit,PROTECTIVE_GEAR,true,,,,,NO_CAPABILITY_APPLICABLE,
2016,Bowl Porta Magnesio Accesorio Alpha | HWM®,MACHINE_ATTACHMENT,true,,,,,NO_CAPABILITY_APPLICABLE,
1756,Par Mancuernas Cromadas 1kg | Obelix,DUMBBELL,true,,,,,NO_CAPABILITY_APPLICABLE,
2015,Rack Organizador de Kettlebells Accesorio Alpha | HWM®,STORAGE,true,,,,,NO_CAPABILITY_APPLICABLE,
1847,Saco Búlgaro 4kg | Rising,BALL_BAG,true,,,,,UNMODELED,
2122,Balón Medicinal 9kg | Rising,BALL_BAG,true,,,,,UNMODELED,
2116,Balón Medicinal 3kg | Rising,BALL_BAG,true,,,,,UNMODELED,
2121,Balón Medicinal 8kg | Rising,BALL_BAG,true,,,,,UNMODELED,
1665,Par Guantes Grab Quick 1.0 Pink | FullFit,PROTECTIVE_GEAR,true,,,,,NO_CAPABILITY_APPLICABLE,
1861,Balón Pilates Mani 90*45cm Negro | Rising,YOGA_PILATES,true,,,,,UNMODELED,
1835,Par Guantes MMA | Rising,PROTECTIVE_GEAR,true,,,,,NO_CAPABILITY_APPLICABLE,
1416,Rack Barras Peso Fijo | Obelix,BARBELL,false,,,,,NO_CAPABILITY_APPLICABLE,
2117,Balón Medicinal 4kg | Rising,BALL_BAG,true,,,,,UNMODELED,
1704,Rack para Discos de Suelo | HWM | 2da Selección,STORAGE,,,,,,NO_CAPABILITY_APPLICABLE,
2096,Par Paralelas Triple Grip | Rising,BODYWEIGHT_GYMNASTICS,true,,,,,NO_CAPABILITY_APPLICABLE,
1697,Squat Rack | HWM | 2da Selección,RACK_CAGE,,,,,,UNMODELED,SQUAT: Candidate capability is deferred from Training Semantics V1.
2112,Barra Olímpica Hip Thrust 6.5kg | Rising,BARBELL,true,,,,,NO_CAPABILITY_APPLICABLE,
2067,Banco Regulable Multifuncional B814 ZR Series - 2da Selección | PROmachine,BENCH,,,,,,NO_CAPABILITY_APPLICABLE,
2135,Banco Regulable Multifuncional B814 ZR Series - 2da Selección | PROmachine,BENCH,,,,,,NO_CAPABILITY_APPLICABLE,
1080,Squat Rack KONG Series | 2° Selección | HWM,RACK_CAGE,,,,,,UNMODELED,SQUAT: Candidate capability is deferred from Training Semantics V1.
1311,Par Mancuernas Hard Chrome 2kg | Obelix,DUMBBELL,true,,,,,NO_CAPABILITY_APPLICABLE,
2179,Dual Bíceps/Tríceps ZR Series - 2da Selección | PROmachine,,,,,,,UNMODELED,
1834,Par Vendas de Boxeo Talla M - Amarillo | Rising,PROTECTIVE_GEAR,true,,,,,NO_CAPABILITY_APPLICABLE,
798,Barbell Pad Leopard | ORXfit,,false,,,,,NO_CAPABILITY_APPLICABLE,
1221,Barra EZ Peso Fijo PU 10kg | Obelix®,BARBELL,true,,,,,NO_CAPABILITY_APPLICABLE,
1331,Agarre OCR Nunchuck Circular (Unidad) | Araknido,,true,,,,,NO_CAPABILITY_APPLICABLE,
2099,Rack Colgador Mat de Entrenamiento | Rising,STORAGE,true,,,,,NO_CAPABILITY_APPLICABLE,
1822,Foam Roller Con Base Elevada | Rising,RECOVERY_TOOL,true,,,,,UNMODELED,
2128,Par Collarines Olímpico Magnéticos | Rising,MACHINE_ATTACHMENT,true,,,,,UNMODELED,
2162,Banco Preolímpico Multifuncional Pro - 2da Selección | Forza,BENCH,,,,,,NO_CAPABILITY_APPLICABLE,
2213,Banco Preolímpico Multifuncional Pro - 2da Selección | Forza (FZ5430B-SU45-4),BENCH,,,,,,NO_CAPABILITY_APPLICABLE,
1833,Par Vendas de Boxeo Talla S - Blanco | Rising,PROTECTIVE_GEAR,true,,,,,NO_CAPABILITY_APPLICABLE,
1332,Agarre OCR Nunchuck Cuadrado (Unidad) | Araknido,,true,,,,,NO_CAPABILITY_APPLICABLE,
2046,Set 20kg Maletín Cast Iron | 2da Selección,,,,,,,UNMODELED,
2306,Banco Regulable Delta - 2da Selección HWM® (HWM-DT-B823-RO45-1),BENCH,true,,,,,NO_CAPABILITY_APPLICABLE,
799,Barbell Pad Psicodelic | ORXfit,,false,,,,,NO_CAPABILITY_APPLICABLE,
1310,Par Mancuernas Hard Chrome 1kg | Obelix,DUMBBELL,true,,,,,NO_CAPABILITY_APPLICABLE,
1695,Banco Preolímpico Multifuncional | PROmachine | 2da Selección,BENCH,,,,,,NO_CAPABILITY_APPLICABLE,
363,Set 19kg Discos Eco,WEIGHT_PLATE,true,,,,,UNMODELED,
1223,Barra EZ Peso Fijo PU 20kg | Obelix®,BARBELL,true,,,,,NO_CAPABILITY_APPLICABLE,
1146,Pack x6 Reign Lemon HDZ 473ml (6 Latas) | REIGN,,false,,,,,UNMODELED,
1148,Pack x6 Reign Orange Dreamsicle 473ml (6 latas) | REIGN,,false,,,,,UNMODELED,
2120,Balón Medicinal 7kg | Rising,BALL_BAG,true,,,,,UNMODELED,
1222,Barra EZ Peso Fijo PU 15kg | Obelix®,BARBELL,true,,,,,NO_CAPABILITY_APPLICABLE,
2279,Set 30kg Mancuernas Eco + Kettlebell (Color Verde) - 2da Selección | Forza (PME30V-RO30-2),DUMBBELL,,,,,,NO_CAPABILITY_APPLICABLE,
2161,Squat Rack Ajustable Con Soporte De Fondos - 2da Selección | Forza,RACK_CAGE,,DIP,SUPPORTED,EXPLICIT,NAME:NAME:fondos:NAME_DIP_DIRECT_EXPLICIT_V1_SUPPORTED:Explicit module/configuration on a rack or multifunction station.,UNMODELED,SUPPORTED assignment requires explicit module/configuration evidence. | SQUAT: Candidate capability is deferred from Training Semantics V1.
2100,Rack Colgador de Muro Mat de Entrenamiento | Rising,STORAGE,true,,,,,NO_CAPABILITY_APPLICABLE,
1642,Barra Olímpica Multi Agarre | HWM | 2da Selección,BARBELL,,,,,,NO_CAPABILITY_APPLICABLE,
1988,Bíceps Curl Accesorio Banco B814 - 2da Selección | PROmachine,BENCH,,,,,,NO_CAPABILITY_APPLICABLE,BICEPS_CURL: Candidate capability is deferred from Training Semantics V1.
1991,Pec Fly Accesorio Banco B814 - 2da Selección | PROmachine,BENCH,,,,,,NO_CAPABILITY_APPLICABLE,
1147,Pack x6 Reign Melon Mania 473ml (6 latas) | REIGN,,false,,,,,UNMODELED,
2242,Protector de Cintura Boxeo | Rising,PROTECTIVE_GEAR,true,,,,,NO_CAPABILITY_APPLICABLE,
2193,Banco Multifuncional + Bandas de Resistencia - 2da Selección | Forza,BENCH,,,,,,NO_CAPABILITY_APPLICABLE,
2214,Banco Multifuncional + Bandas de Resistencia - 2da Selección | Forza (FZ5905-SU45-2),BENCH,,,,,,NO_CAPABILITY_APPLICABLE,
1989,Leg Curl/Extension Accesorio Banco B814 - 2da Selección | PROmachine,BENCH,,,,,,NO_CAPABILITY_APPLICABLE,
2303,Banco Sentadilla Búlgara - 2da Selección HWM® (HWM855-SU45-7),BENCH,true,,,,,NO_CAPABILITY_APPLICABLE,SQUAT: Candidate capability is deferred from Training Semantics V1.
2114,Balón Medicinal 1kg | Rising,BALL_BAG,true,,,,,UNMODELED,
1992,Tríceps Dip Accesorio Banco B814 - 2da Selección | PROmachine,BENCH,,,,,,NO_CAPABILITY_APPLICABLE,
2115,Balón Medicinal 2kg | Rising,BALL_BAG,true,,,,,UNMODELED,
2009,Rack Organizador de Balones Accesorio Alpha | HWM®,STORAGE,true,,,,,NO_CAPABILITY_APPLICABLE,
2215,Par Spotter Arms Accesorio Alpha - 2da Selección | HWM® (HWM-AP60-A11-SU50-1),MACHINE_ATTACHMENT,,,,,,NO_CAPABILITY_APPLICABLE,
1987,Ab Crunch Accesorio Banco B814 - 2da Selección | PROmachine,BENCH,,,,,,NO_CAPABILITY_APPLICABLE,
2228,Banco Hip Thrust (Accesorio Jaula Hell - MJHWM2) 2da Selección | HWM (MJH-A3-SU50-1),RACK_CAGE,,,,,,NO_CAPABILITY_APPLICABLE,
1698,Banco Preolímpico Multifuncional Pro | Forza | 2da Selección,BENCH,,,,,,NO_CAPABILITY_APPLICABLE,
2305,Rack de Almacenamiento Mancuernas 6 pares Vertical - 2da Selección HWM® (RA005A-SU50-1),STORAGE,true,,,,,NO_CAPABILITY_APPLICABLE,
2234,Set 20kg Maletín Cast Iron - 2da Seleccón (PMY-SU35-4),,,,,,,UNMODELED,
1870,2da Selección - Banco Lumbar Ajustable Multifuncional 1.0 | Forza,BENCH,,,,,,NO_CAPABILITY_APPLICABLE,
2102,Banco Lumbar Ajustable Multifuncional 1.0 - 2da Selección | Forza,BENCH,,,,,,NO_CAPABILITY_APPLICABLE,
2243,Cabezal de Boxeo | Rising,PROTECTIVE_GEAR,true,,,,,NO_CAPABILITY_APPLICABLE,
2283,Agarre Amplio Landmine - 2da Selección | HWM® (HWM722-RO45-1),MACHINE_ATTACHMENT,,,,,,NO_CAPABILITY_APPLICABLE,
2285,"Barra Pulldown ""D"" Grip - Accesorio Polea - 2da Selección | Obelix (TAD716-RO45-1)",CABLE_MACHINE,,,,,,NO_CAPABILITY_APPLICABLE,
2233,Set 30kg Mancuernas Eco Rojo - 2da Selección | Forza (PME30R-SU35-1),DUMBBELL,,,,,,NO_CAPABILITY_APPLICABLE,
2288,Agarre T-Bar Landmine - 2da Selección | HWM® (HWM723-RO45-1),MACHINE_ATTACHMENT,,,,,,NO_CAPABILITY_APPLICABLE,
1913,2da Selección - Set 20kg Mancuernas Eco Rojo | PROmachine,DUMBBELL,,,,,,NO_CAPABILITY_APPLICABLE,
2238,Set 16 Conos de Agilidad - 2da Selección | Rising (RS2011-SU50-1),,,,,,,UNMODELED,
2239,Set Foam Roller 3 en 1 46*15cm Negro/Naranjo - 2da Selección | Rising (RSB015-OB-SU50-1),RECOVERY_TOOL,true,,,,,UNMODELED,
2232,Set 20kg Mancuernas Eco Rojo - 2da Selección | PROmachine (PME20R-SU35-2),DUMBBELL,,,,,,NO_CAPABILITY_APPLICABLE,
2289,Agarre Simple Landmine - 2da Selección | HWM® (HWM720-RO45-1),MACHINE_ATTACHMENT,,,,,,NO_CAPABILITY_APPLICABLE,
1917,2da Selección - Agarre Manilla Simple de Acero - Accesorio Polea (Unidad) | Obelix,CABLE_MACHINE,,,,,,NO_CAPABILITY_APPLICABLE,
1915,2da Selección - Set Tubos Elásticos | FullFit,BAND_SUSPENSION,,,,,,UNMODELED,
444,Servicio vendedor Pesas Chile,,true,,,,,UNMODELED,
48,Slam Ball Grip 100Lbs | HWM®,BALL_BAG,true,,,,,NO_CAPABILITY_APPLICABLE,
303,Set 105kg Discos Olímpicos Acero,WEIGHT_PLATE,false,,,,,UNMODELED,
304,Set 105kg Discos Acero + Barra Olímpica 15kg Eco,WEIGHT_PLATE,false,,,,,NO_CAPABILITY_APPLICABLE,
305,Pack Alpha CrossFit HWM,,false,,,,,UNMODELED,
306,Pack Agility Pro,,false,,,,,UNMODELED,
318,Pack 60kg Classic Black + Training 20kg | HWM®,,false,,,,,UNMODELED,
320,Pack CrossFit Garage Basic | HWM,,false,,,,,UNMODELED,
327,Pack Delta CrossFit HWM,,false,,,,,UNMODELED,
334,Pack Eco Bar 105kg Woman,,false,,,,,UNMODELED,
338,Pack Functional Workout,,false,,,,,UNMODELED,
339,Pack Functional Workout Full,,false,,,,,UNMODELED,
340,Pack Hell CrossFit,,false,,,,,UNMODELED,
352,Polea Alta Remo JR Serie PROmachine,CABLE_MACHINE,false,LAT_PULLDOWN;ROW,DIRECT,EXPLICIT,NAME:NAME:polea alta:NAME_LAT_PULLDOWN_EXPLICIT_V1: | NAME:NAME:polea alta remo:NAME_ROW_EXPLICIT_V1:,UNMODELED,
364,Set 29kg Discos Eco,WEIGHT_PLATE,false,,,,,UNMODELED,
371,Set Power Black HWM,,false,,,,,UNMODELED,
379,Set Power Pro Discos Acero,WEIGHT_PLATE,false,,,,,UNMODELED,
380,Pack Power Pro Discos PROmachine,WEIGHT_PLATE,false,,,,,UNMODELED,
381,Pack Power Pro Discos Grip,WEIGHT_PLATE,false,,,,,NO_CAPABILITY_APPLICABLE,
383,Pack 70kg Sandbags HWM,BALL_BAG,false,,,,,UNMODELED,
385,Pack Smith + Banco + Discos Grip (Edición Limitada),PLATE_LOADED_MACHINE,false,,,,,NO_CAPABILITY_APPLICABLE,
386,Pack Squat & Bench PROmachine,,false,,,,,UNMODELED,SQUAT: Candidate capability is deferred from Training Semantics V1.
468,TRX Pro Kit,,false,,,,,UNMODELED,
469,TRX Force Kit Tactical,,false,,,,,UNMODELED,
503,Remo Bajo V8 Series | Obelix,SELECTORIZED_MACHINE,true,ROW,DIRECT,EXPLICIT,NAME:NAME:remo bajo:NAME_ROW_EXPLICIT_V1:,UNMODELED,
529,Set CrossFit Crumb HWM,,false,,,,,UNMODELED,
567,Pack Eco Bar 105kg Man,,false,,,,,UNMODELED,
577,Set 8 Pares de Mancuernas en Libras + Rack,DUMBBELL,false,,,,,NO_CAPABILITY_APPLICABLE,
658,Pack Full Pink,,false,,,,,UNMODELED,
659,Set Squat Bench PROmachine,,false,,,,,UNMODELED,SQUAT: Candidate capability is deferred from Training Semantics V1.
702,Pack 10 Pares de Mancuernas Hexagonales 275kg Deluxe Pvc | HWM,DUMBBELL,false,,,,,NO_CAPABILITY_APPLICABLE,
763,Pack KONG Microbox,,false,,,,,UNMODELED,
764,Pack PROmachine Microgym,,false,,,,,UNMODELED,
765,Pack Microbox HWM,,false,,,,,UNMODELED,
766,Pack PROmachine Microgym 2,,false,,,,,UNMODELED,
767,Pack Microbox Black,,false,,,,,UNMODELED,
768,Pack Full Garage KONG,,false,,,,,UNMODELED,
769,Pack Mini Garage KONG,,false,,,,,UNMODELED,
826,SET 150KG BUMPER PROMACHINE + BARRA ECO,WEIGHT_PLATE,false,,,,,UNMODELED,
897,ACCESORIO POLEA CON ASIENTO HWM171,CABLE_MACHINE,false,,,,,NO_CAPABILITY_APPLICABLE,
935,PACK DINAMIC 1.0,,false,,,,,UNMODELED,
936,PACK DINAMIC 2.0,,false,,,,,UNMODELED,
937,PACK HAMMER PROMACHINE,,false,,,,,UNMODELED,
938,PACK MONSTER BOY HWM,,false,,,,,UNMODELED,
939,PACK MONSTER GIRL HWM,,false,,,,,UNMODELED,
940,PACK BODY FIT,,false,,,,,UNMODELED,
941,PACK BUMPER + B.MUJER 100KG,WEIGHT_PLATE,false,,,,,UNMODELED,
942,PACK BUMPER + B.MUJER 150KG,WEIGHT_PLATE,false,,,,,UNMODELED,
944,PACK PRESS BANCO PREO BASICO,BENCH,false,,,,,NO_CAPABILITY_APPLICABLE,
945,PACK BETA CROSSFIT HWM,,false,,,,,UNMODELED,
946,PACK ECON CROSSFIT,,false,,,,,UNMODELED,
947,PACK GAMMA CROSSFIT HWM,,false,,,,,UNMODELED,
948,PACK CROSSFIT MAN,,false,,,,,UNMODELED,
949,PACK DUO BASIC CROSSFIT HWM,,false,,,,,UNMODELED,
951,PACK 270 CRUMB + BARRA ELITE 20KG,BARBELL,false,,,,,NO_CAPABILITY_APPLICABLE,
952,pack 270 lb crumb + barra training + jaula black,BARBELL,false,,,,,NO_CAPABILITY_APPLICABLE,
953,PACK 110lb CRUMB + BARRA FAT,BARBELL,false,,,,,NO_CAPABILITY_APPLICABLE,
954,PACK 220 LB + BARRA FAT,BARBELL,false,,,,,NO_CAPABILITY_APPLICABLE,
955,PACK 70 LB CRUMB + BARRA TRAINING,BARBELL,false,,,,,NO_CAPABILITY_APPLICABLE,
956,PACK 140LB + BARRA TRAINING,BARBELL,false,,,,,NO_CAPABILITY_APPLICABLE,
957,PACK 160 LB CRUMB+ BARRA TRINING 20KG,BARBELL,false,,,,,NO_CAPABILITY_APPLICABLE,
961,PACK DUO PRO CROSSFIT HWM,,false,,,,,UNMODELED,
962,PACK 107.5KG DISCOS PREOLIMPICOS ENGOMADOS,WEIGHT_PLATE,false,,,,,UNMODELED,
963,PACK ECHO 1.0,,false,,,,,UNMODELED,
964,PACK ECHO 2.0,,false,,,,,UNMODELED,
965,PACK FIT BASICO,,false,,,,,UNMODELED,
967,PACK FIT PRO,,false,,,,,UNMODELED,
968,PACK HEAVY TRAP BAR +80KG,,false,,,,,UNMODELED,
969,PACK HARD MACHINE,,false,,,,,UNMODELED,
970,PACK HEAVY PUSH,,false,,,,,UNMODELED,
971,PACK HALF POWER RACK,RACK_CAGE,false,,,,,UNMODELED,
972,PACK HALF POWER RACK BASIC,RACK_CAGE,false,,,,,UNMODELED,
978,PACK 20KG BLACK RED,,false,,,,,UNMODELED,
979,PACK LADY CROSSFIT HWM,,false,,,,,UNMODELED,
984,PACK MIND FIT,,false,,,,,UNMODELED,
985,PACK MASTODONTE HARD,,false,,,,,UNMODELED,
986,PACK MASTODONTE INICIACIÓN,,false,,,,,UNMODELED,
987,PACK PRESS DE BANCO HOME,BENCH,false,,,,,NO_CAPABILITY_APPLICABLE,
988,PACK POLEA MURO BARBELL 40KG,CABLE_MACHINE,false,,,,,NO_CAPABILITY_APPLICABLE,
989,PACK POLEA MURO BARBELL 80KG,CABLE_MACHINE,false,,,,,NO_CAPABILITY_APPLICABLE,
990,PACK POLEA MURO MALETIN 50KG,CABLE_MACHINE,false,,,,,INSUFFICIENT_EVIDENCE,
991,PACK POLEA MURO MALETIN 50KG BANCO,CABLE_MACHINE,false,,,,,INSUFFICIENT_EVIDENCE,
992,PACK PROMACHINE MICROGYM 3,,false,,,,,UNMODELED,
993,PACK STRONG SMITH + 87KG,PLATE_LOADED_MACHINE,false,,,,,UNMODELED,
994,Pack Squat Promachine,,false,,,,,UNMODELED,SQUAT: Candidate capability is deferred from Training Semantics V1.
995,PACK SOFT MACHINE,,false,,,,,UNMODELED,
996,PACK TIENDA 01,,false,,,,,UNMODELED,
997,PACK TIENDA 02,,false,,,,,UNMODELED,
998,PACK UPPER BODY,,false,,,,,UNMODELED,
999,"RACK VERTICAL PARA MAN HEXAGONAL 2,5 A 15 KG",STORAGE,false,,,,,NO_CAPABILITY_APPLICABLE,
1002,PACK 10 PARES MANCUERNAS DELUXE + RACK,DUMBBELL,false,,,,,NO_CAPABILITY_APPLICABLE,
1085,Pack 245lbs Smith,PLATE_LOADED_MACHINE,false,,,,,UNMODELED,
1142,Test Pack,,false,,,,,UNMODELED,
1210,Set 10 Pares Mancuernas Pu (desde 27.5kg a 50kg) + Rack | Obelix,DUMBBELL,true,,,,,NO_CAPABILITY_APPLICABLE,
1217,Par Mancuernas PU 42.5kg | Obelix®,DUMBBELL,true,,,,,NO_CAPABILITY_APPLICABLE,
1219,Par Mancuernas PU 47.5kg | Obelix®,DUMBBELL,true,,,,,NO_CAPABILITY_APPLICABLE,
1225,Barra EZ Peso Fijo PU 30kg | Obelix®,BARBELL,true,,,,,NO_CAPABILITY_APPLICABLE,
1318,Par Mancuernas Hard Chrome 9kg | Obelix,DUMBBELL,true,,,,,NO_CAPABILITY_APPLICABLE,
1381,Dual Leg Curl/Extension Forza Bold | BODYTONE,SELECTORIZED_MACHINE,false,LEG_CURL,DIRECT,EXPLICIT,NAME:NAME:leg curl:NAME_LEG_CURL_EXPLICIT_V1:,UNMODELED,
1382,Dual Abductor/Adductor Forza Bold | BODYTONE,SELECTORIZED_MACHINE,false,ABDUCTOR;ADDUCTOR,DIRECT,EXPLICIT,NAME:NAME:abductor:NAME_ABDUCTOR_EXPLICIT_V1: | NAME:NAME:adductor:NAME_ADDUCTOR_EXPLICIT_V1:,UNMODELED,
1385,Dual Leg Curl/Extension MO Series | Obelix,SELECTORIZED_MACHINE,false,LEG_CURL,DIRECT,EXPLICIT,NAME:NAME:leg curl:NAME_LEG_CURL_EXPLICIT_V1:,UNMODELED,
1445,Multi Estación 8 Stacks V8 Series | Obelix,CABLE_MACHINE,false,LAT_PULLDOWN;ROW,DIRECT,HIGH,STRUCTURED_FEATURE:34:Pila de Stack: Polea alta: 270 Lbs (122 kg) *2.:FEATURE_NAME_LAT_PULLDOWN_EXPLICIT_V1: | STRUCTURED_FEATURE:34:Pila de Stack: Remo bajo: 270 Lbs (122 kg) *2.:FEATURE_NAME_ROW_EXPLICIT_V1:,UNMODELED,
1531,Cámara Hiperbárica ST801 1.4ATA | O2Life,RECOVERY_TOOL,true,,,,,UNMODELED,
1618,Pack 4 Bicicletas de Spinning Move | Obelix,CARDIO_MACHINE,false,,,,,UNMODELED,
1622,Pack Upper/Lower MO 2.0 | Obelix,,false,LAT_PULLDOWN;LEG_EXTENSION,DIRECT,HIGH,STRUCTURED_FEATURE:34:Pila de Stack: Polea Alta: 138 Kg + 4.6 Kg (Peso Incremental Desplegable):FEATURE_NAME_LAT_PULLDOWN_EXPLICIT_V1: | STRUCTURED_FEATURE:65:Relación de cable y polea: Polea Alta: 1:1:FEATURE_NAME_LAT_PULLDOWN_EXPLICIT_V1: | STRUCTURED_FEATURE:34:Pila de Stack: Extensión De Cuádriceps: 138 Kg + 4.6 Kg (Peso Incremental Desplegable):FEATURE_NAME_LEG_EXTENSION_EXPLICIT_V1:,UNMODELED,
1623,Pack Full Legs MO 2.0 | Obelix,,false,LEG_EXTENSION,DIRECT,HIGH,STRUCTURED_FEATURE:34:Pila de Stack: Extensión De Cuádriceps: 138 Kg + 4.6 Kg (Peso Incremental Desplegable):FEATURE_NAME_LEG_EXTENSION_EXPLICIT_V1:,UNMODELED,
1655,Prensa Pivote Beast | Obelix,PLATE_LOADED_MACHINE,true,,,,,UNMODELED,
1661,Prensa Hack 35º Lineal Beast | Obelix,PLATE_LOADED_MACHINE,true,,,,,UNMODELED,
1929,Pack 150kg Competición | HWM®,WEIGHT_PLATE,true,,,,,UNMODELED,
1930,Pack 150kg Training | HWM®,WEIGHT_PLATE,true,,,,,UNMODELED,
1945,Pack Delta Basics | HWM®,,true,,,,,UNMODELED,
1947,Pack Alpha Essentials | HWM®,,true,,,,,UNMODELED,
1948,Pack Alpha Premium | HWM®,,true,,,,,UNMODELED,
1994,Cámara Hiperbárica ST1700 1.5ATA | O2Life,RECOVERY_TOOL,true,,,,,UNMODELED,
2098,Rack de Almacenamiento Funcional | Rising,STORAGE,true,,,,,NO_CAPABILITY_APPLICABLE,
2188,Prensa Horizontal Sentado MO 2.0 - 2da Selección | Obelix® (OB-MO2-S12-SU40-2),PLATE_LOADED_MACHINE,true,,,,,UNMODELED,
2244,Par Manoplas de Boxeo | Rising,PROTECTIVE_GEAR,true,,,,,NO_CAPABILITY_APPLICABLE,
2245,Par Canilleras de Kickboxing | Rising,PROTECTIVE_GEAR,true,,,,,NO_CAPABILITY_APPLICABLE,
2246,Escudo de Boxeo | Rising,PROTECTIVE_GEAR,true,,,,,NO_CAPABILITY_APPLICABLE,
2247,Par Barras de Agilidad | Rising,BARBELL,true,,,,,NO_CAPABILITY_APPLICABLE,
2248,Swivel para Saco de Boxeo | Rising,PROTECTIVE_GEAR,true,,,,,NO_CAPABILITY_APPLICABLE,
2268,Par Mancuernas Hard Chrome 7kg - 2da Selección | Obelix (OB-MHC07-SU33-1),DUMBBELL,true,,,,,NO_CAPABILITY_APPLICABLE,
2274,Barra Olímpica Log | HWM (BL-SU50-2),BARBELL,true,,,,,NO_CAPABILITY_APPLICABLE,
2290,Trotadora Comercial S1 Series TFT Touch - 2da Selección | Obelix® (OB260A-SU40-2),CARDIO_MACHINE,true,,,,,UNMODELED,
2291,Mancuerna PU 47.5kg (Unidad) - 2da Selección | Obelix® (MC475-SU45-1),DUMBBELL,true,,,,,NO_CAPABILITY_APPLICABLE,
2295,Air Row Hurricane HWM®,CARDIO_MACHINE,true,,,,,UNMODELED,
2296,Air Ski Hurricane HWM®,CARDIO_MACHINE,true,,,,,UNMODELED,
2297,Air Bike Hurricane 3.0 HWM®,CARDIO_MACHINE,true,,,,,UNMODELED,
2300,Polea Alta V8 Series - 2da Selección | Obelix (V8-522-SU40-2),CABLE_MACHINE,true,LAT_PULLDOWN,DIRECT,EXPLICIT,NAME:NAME:polea alta:NAME_LAT_PULLDOWN_EXPLICIT_V1:,UNMODELED,
2301,Curl Femoral Sentado MO 2.0 - 2da Selección Obelix® (OB-MO2-S14-SU45-1),,true,LEG_CURL,DIRECT,EXPLICIT,NAME:NAME:curl femoral:NAME_LEG_CURL_EXPLICIT_V1:,UNMODELED,
2302,Hip Thrust Beast - 2da Selección Obelix (OB-BT82032A-SU40-1),,true,HIP_THRUST,DIRECT,EXPLICIT,NAME:NAME:hip thrust:NAME_HIP_THRUST_EXPLICIT_V1:,UNMODELED,
2304,Bicicleta Estática Magnética Home FZLUX - 2da Selección Forza (FZ8512-SU40-1),CARDIO_MACHINE,true,,,,,UNMODELED,
