productId,classifierVersion,registryVersion,registryHash,rulesHash,exerciseCapabilities,trainingFunctions,coverageStatus,reviewCandidates,warnings,deferredFindings
7,training-semantic-classifier-v2,training-semantic-registry-v2,7f7c6e88f31a7e4be4fb03761b58b380c6b37070297172a713b2d8a5ba9f14f8,a619932df9f2c4241330826cdd4b728164df7fa1672b2941e04fab621da8a78a,[],[],NO_CAPABILITY_APPLICABLE,,,
8,training-semantic-classifier-v2,training-semantic-registry-v2,7f7c6e88f31a7e4be4fb03761b58b380c6b37070297172a713b2d8a5ba9f14f8,a619932df9f2c4241330826cdd4b728164df7fa1672b2941e04fab621da8a78a,[],[],NO_CAPABILITY_APPLICABLE,,,
9,training-semantic-classifier-v2,training-semantic-registry-v2,7f7c6e88f31a7e4be4fb03761b58b380c6b37070297172a713b2d8a5ba9f14f8,a619932df9f2c4241330826cdd4b728164df7fa1672b2941e04fab621da8a78a,[],[],NO_CAPABILITY_APPLICABLE,,,
10,training-semantic-classifier-v2,training-semantic-registry-v2,7f7c6e88f31a7e4be4fb03761b58b380c6b37070297172a713b2d8a5ba9f14f8,a619932df9f2c4241330826cdd4b728164df7fa1672b2941e04fab621da8a78a,[],[],NO_CAPABILITY_APPLICABLE,,,
11,training-semantic-classifier-v2,training-semantic-registry-v2,7f7c6e88f31a7e4be4fb03761b58b380c6b37070297172a713b2d8a5ba9f14f8,a619932df9f2c4241330826cdd4b728164df7fa1672b2941e04fab621da8a78a,[],[],NO_CAPABILITY_APPLICABLE,,,
12,training-semantic-classifier-v2,training-semantic-registry-v2,7f7c6e88f31a7e4be4fb03761b58b380c6b37070297172a713b2d8a5ba9f14f8,a619932df9f2c4241330826cdd4b728164df7fa1672b2941e04fab621da8a78a,"[{""capabilityCode"":""PULL_UP"",""relationType"":""DIRECT"",""classificationConfidence"":""EXPLICIT""}]",[],UNMODELED,,,
13,training-semantic-classifier-v2,training-semantic-registry-v2,7f7c6e88f31a7e4be4fb03761b58b380c6b37070297172a713b2d8a5ba9f14f8,a619932df9f2c4241330826cdd4b728164df7fa1672b2941e04fab621da8a78a,[],[],NO_CAPABILITY_APPLICABLE,,,
14,training-semantic-classifier-v2,training-semantic-registry-v2,7f7c6e88f31a7e4be4fb03761b58b380c6b37070297172a713b2d8a5ba9f14f8,a619932df9f2c4241330826cdd4b728164df7fa1672b2941e04fab621da8a78a,[],[],NO_CAPABILITY_APPLICABLE,,,
15,training-semantic-classifier-v2,training-semantic-registry-v2,7f7c6e88f31a7e4be4fb03761b58b380c6b37070297172a713b2d8a5ba9f14f8,a619932df9f2c4241330826cdd4b728164df7fa1672b2941e04fab621da8a78a,[],[],NO_CAPABILITY_APPLICABLE,,,
16,training-semantic-classifier-v2,training-semantic-registry-v2,7f7c6e88f31a7e4be4fb03761b58b380c6b37070297172a713b2d8a5ba9f14f8,a619932df9f2c4241330826cdd4b728164df7fa1672b2941e04fab621da8a78a,[],[],UNMODELED,,,
17,training-semantic-classifier-v2,training-semantic-registry-v2,7f7c6e88f31a7e4be4fb03761b58b380c6b37070297172a713b2d8a5ba9f14f8,a619932df9f2c4241330826cdd4b728164df7fa1672b2941e04fab621da8a78a,[],[],NO_CAPABILITY_APPLICABLE,,,
18,training-semantic-classifier-v2,training-semantic-registry-v2,7f7c6e88f31a7e4be4fb03761b58b380c6b37070297172a713b2d8a5ba9f14f8,a619932df9f2c4241330826cdd4b728164df7fa1672b2941e04fab621da8a78a,"[{""capabilityCode"":""LEG_CURL"",""relationType"":""DIRECT"",""classificationConfidence"":""HIGH""}]",[],UNMODELED,,,
19,training-semantic-classifier-v2,training-semantic-registry-v2,7f7c6e88f31a7e4be4fb03761b58b380c6b37070297172a713b2d8a5ba9f14f8,a619932df9f2c4241330826cdd4b728164df7fa1672b2941e04fab621da8a78a,[],[],NO_CAPABILITY_APPLICABLE,,,
20,training-semantic-classifier-v2,training-semantic-registry-v2,7f7c6e88f31a7e4be4fb03761b58b380c6b37070297172a713b2d8a5ba9f14f8,a619932df9f2c4241330826cdd4b728164df7fa1672b2941e04fab621da8a78a,[],[],NO_CAPABILITY_APPLICABLE,,,
21,training-semantic-classifier-v2,training-semantic-registry-v2,7f7c6e88f31a7e4be4fb03761b58b380c6b37070297172a713b2d8a5ba9f14f8,a619932df9f2c4241330826cdd4b728164df7fa1672b2941e04fab621da8a78a,[],[],NO_CAPABILITY_APPLICABLE,,,
22,training-semantic-classifier-v2,training-semantic-registry-v2,7f7c6e88f31a7e4be4fb03761b58b380c6b37070297172a713b2d8a5ba9f14f8,a619932df9f2c4241330826cdd4b728164df7fa1672b2941e04fab621da8a78a,[],[],NO_CAPABILITY_APPLICABLE,,,
23,training-semantic-classifier-v2,training-semantic-registry-v2,7f7c6e88f31a7e4be4fb03761b58b380c6b37070297172a713b2d8a5ba9f14f8,a619932df9f2c4241330826cdd4b728164df7fa1672b2941e04fab621da8a78a,[],[],NO_CAPABILITY_APPLICABLE,,,
24,training-semantic-classifier-v2,training-semantic-registry-v2,7f7c6e88f31a7e4be4fb03761b58b380c6b37070297172a713b2d8a5ba9f14f8,a619932df9f2c4241330826cdd4b728164df7fa1672b2941e04fab621da8a78a,[],[],NO_CAPABILITY_APPLICABLE,,,
25,training-semantic-classifier-v2,training-semantic-registry-v2,7f7c6e88f31a7e4be4fb03761b58b380c6b37070297172a713b2d8a5ba9f14f8,a619932df9f2c4241330826cdd4b728164df7fa1672b2941e04fab621da8a78a,[],[],NO_CAPABILITY_APPLICABLE,,,
26,training-semantic-classifier-v2,training-semantic-registry-v2,7f7c6e88f31a7e4be4fb03761b58b380c6b37070297172a713b2d8a5ba9f14f8,a619932df9f2c4241330826cdd4b728164df7fa1672b2941e04fab621da8a78a,[],[],NO_CAPABILITY_APPLICABLE,,,
27,training-semantic-classifier-v2,training-semantic-registry-v2,7f7c6e88f31a7e4be4fb03761b58b380c6b37070297172a713b2d8a5ba9f14f8,a619932df9f2c4241330826cdd4b728164df7fa1672b2941e04fab621da8a78a,[],[],NO_CAPABILITY_APPLICABLE,,,
28,training-semantic-classifier-v2,training-semantic-registry-v2,7f7c6e88f31a7e4be4fb03761b58b380c6b37070297172a713b2d8a5ba9f14f8,a619932df9f2c4241330826cdd4b728164df7fa1672b2941e04fab621da8a78a,[],[],NO_CAPABILITY_APPLICABLE,,,
29,training-semantic-classifier-v2,training-semantic-registry-v2,7f7c6e88f31a7e4be4fb03761b58b380c6b37070297172a713b2d8a5ba9f14f8,a619932df9f2c4241330826cdd4b728164df7fa1672b2941e04fab621da8a78a,[],[],NO_CAPABILITY_APPLICABLE,,,
30,training-semantic-classifier-v2,training-semantic-registry-v2,7f7c6e88f31a7e4be4fb03761b58b380c6b37070297172a713b2d8a5ba9f14f8,a619932df9f2c4241330826cdd4b728164df7fa1672b2941e04fab621da8a78a,[],[],NO_CAPABILITY_APPLICABLE,,,
31,training-semantic-classifier-v2,training-semantic-registry-v2,7f7c6e88f31a7e4be4fb03761b58b380c6b37070297172a713b2d8a5ba9f14f8,a619932df9f2c4241330826cdd4b728164df7fa1672b2941e04fab621da8a78a,[],[],NO_CAPABILITY_APPLICABLE,,,
32,training-semantic-classifier-v2,training-semantic-registry-v2,7f7c6e88f31a7e4be4fb03761b58b380c6b37070297172a713b2d8a5ba9f14f8,a619932df9f2c4241330826cdd4b728164df7fa1672b2941e04fab621da8a78a,[],[],NO_CAPABILITY_APPLICABLE,,,
33,training-semantic-classifier-v2,training-semantic-registry-v2,7f7c6e88f31a7e4be4fb03761b58b380c6b37070297172a713b2d8a5ba9f14f8,a619932df9f2c4241330826cdd4b728164df7fa1672b2941e04fab621da8a78a,[],[],NO_CAPABILITY_APPLICABLE,,,
34,training-semantic-classifier-v2,training-semantic-registry-v2,7f7c6e88f31a7e4be4fb03761b58b380c6b37070297172a713b2d8a5ba9f14f8,a619932df9f2c4241330826cdd4b728164df7fa1672b2941e04fab621da8a78a,[],[],NO_CAPABILITY_APPLICABLE,,,
35,training-semantic-classifier-v2,training-semantic-registry-v2,7f7c6e88f31a7e4be4fb03761b58b380c6b37070297172a713b2d8a5ba9f14f8,a619932df9f2c4241330826cdd4b728164df7fa1672b2941e04fab621da8a78a,[],[],NO_CAPABILITY_APPLICABLE,,,
38,training-semantic-classifier-v2,training-semantic-registry-v2,7f7c6e88f31a7e4be4fb03761b58b380c6b37070297172a713b2d8a5ba9f14f8,a619932df9f2c4241330826cdd4b728164df7fa1672b2941e04fab621da8a78a,[],[],UNMODELED,,,
39,training-semantic-classifier-v2,training-semantic-registry-v2,7f7c6e88f31a7e4be4fb03761b58b380c6b37070297172a713b2d8a5ba9f14f8,a619932df9f2c4241330826cdd4b728164df7fa1672b2941e04fab621da8a78a,[],[],UNMODELED,,,
40,training-semantic-classifier-v2,training-semantic-registry-v2,7f7c6e88f31a7e4be4fb03761b58b380c6b37070297172a713b2d8a5ba9f14f8,a619932df9f2c4241330826cdd4b728164df7fa1672b2941e04fab621da8a78a,[],[],NO_CAPABILITY_APPLICABLE,,,
41,training-semantic-classifier-v2,training-semantic-registry-v2,7f7c6e88f31a7e4be4fb03761b58b380c6b37070297172a713b2d8a5ba9f14f8,a619932df9f2c4241330826cdd4b728164df7fa1672b2941e04fab621da8a78a,[],[],UNMODELED,,,
42,training-semantic-classifier-v2,training-semantic-registry-v2,7f7c6e88f31a7e4be4fb03761b58b380c6b37070297172a713b2d8a5ba9f14f8,a619932df9f2c4241330826cdd4b728164df7fa1672b2941e04fab621da8a78a,[],[],UNMODELED,,,
43,training-semantic-classifier-v2,training-semantic-registry-v2,7f7c6e88f31a7e4be4fb03761b58b380c6b37070297172a713b2d8a5ba9f14f8,a619932df9f2c4241330826cdd4b728164df7fa1672b2941e04fab621da8a78a,[],[],NO_CAPABILITY_APPLICABLE,,,
44,training-semantic-classifier-v2,training-semantic-registry-v2,7f7c6e88f31a7e4be4fb03761b58b380c6b37070297172a713b2d8a5ba9f14f8,a619932df9f2c4241330826cdd4b728164df7fa1672b2941e04fab621da8a78a,[],[],NO_CAPABILITY_APPLICABLE,,,
45,training-semantic-classifier-v2,training-semantic-registry-v2,7f7c6e88f31a7e4be4fb03761b58b380c6b37070297172a713b2d8a5ba9f14f8,a619932df9f2c4241330826cdd4b728164df7fa1672b2941e04fab621da8a78a,[],[],NO_CAPABILITY_APPLICABLE,,,
46,training-semantic-classifier-v2,training-semantic-registry-v2,7f7c6e88f31a7e4be4fb03761b58b380c6b37070297172a713b2d8a5ba9f14f8,a619932df9f2c4241330826cdd4b728164df7fa1672b2941e04fab621da8a78a,[],[],NO_CAPABILITY_APPLICABLE,,,
47,training-semantic-classifier-v2,training-semantic-registry-v2,7f7c6e88f31a7e4be4fb03761b58b380c6b37070297172a713b2d8a5ba9f14f8,a619932df9f2c4241330826cdd4b728164df7fa1672b2941e04fab621da8a78a,[],[],NO_CAPABILITY_APPLICABLE,,,
48,training-semantic-classifier-v2,training-semantic-registry-v2,7f7c6e88f31a7e4be4fb03761b58b380c6b37070297172a713b2d8a5ba9f14f8,a619932df9f2c4241330826cdd4b728164df7fa1672b2941e04fab621da8a78a,[],[],NO_CAPABILITY_APPLICABLE,,,
49,training-semantic-classifier-v2,training-semantic-registry-v2,7f7c6e88f31a7e4be4fb03761b58b380c6b37070297172a713b2d8a5ba9f14f8,a619932df9f2c4241330826cdd4b728164df7fa1672b2941e04fab621da8a78a,[],[],NO_CAPABILITY_APPLICABLE,,,
50,training-semantic-classifier-v2,training-semantic-registry-v2,7f7c6e88f31a7e4be4fb03761b58b380c6b37070297172a713b2d8a5ba9f14f8,a619932df9f2c4241330826cdd4b728164df7fa1672b2941e04fab621da8a78a,[],[],NO_CAPABILITY_APPLICABLE,,,
51,training-semantic-classifier-v2,training-semantic-registry-v2,7f7c6e88f31a7e4be4fb03761b58b380c6b37070297172a713b2d8a5ba9f14f8,a619932df9f2c4241330826cdd4b728164df7fa1672b2941e04fab621da8a78a,[],[],NO_CAPABILITY_APPLICABLE,,,
52,training-semantic-classifier-v2,training-semantic-registry-v2,7f7c6e88f31a7e4be4fb03761b58b380c6b37070297172a713b2d8a5ba9f14f8,a619932df9f2c4241330826cdd4b728164df7fa1672b2941e04fab621da8a78a,[],[],UNMODELED,,,
53,training-semantic-classifier-v2,training-semantic-registry-v2,7f7c6e88f31a7e4be4fb03761b58b380c6b37070297172a713b2d8a5ba9f14f8,a619932df9f2c4241330826cdd4b728164df7fa1672b2941e04fab621da8a78a,[],[],UNMODELED,,,
54,training-semantic-classifier-v2,training-semantic-registry-v2,7f7c6e88f31a7e4be4fb03761b58b380c6b37070297172a713b2d8a5ba9f14f8,a619932df9f2c4241330826cdd4b728164df7fa1672b2941e04fab621da8a78a,[],[],UNMODELED,,,
55,training-semantic-classifier-v2,training-semantic-registry-v2,7f7c6e88f31a7e4be4fb03761b58b380c6b37070297172a713b2d8a5ba9f14f8,a619932df9f2c4241330826cdd4b728164df7fa1672b2941e04fab621da8a78a,[],[],UNMODELED,,,
56,training-semantic-classifier-v2,training-semantic-registry-v2,7f7c6e88f31a7e4be4fb03761b58b380c6b37070297172a713b2d8a5ba9f14f8,a619932df9f2c4241330826cdd4b728164df7fa1672b2941e04fab621da8a78a,[],[],UNMODELED,,,
57,training-semantic-classifier-v2,training-semantic-registry-v2,7f7c6e88f31a7e4be4fb03761b58b380c6b37070297172a713b2d8a5ba9f14f8,a619932df9f2c4241330826cdd4b728164df7fa1672b2941e04fab621da8a78a,[],[],UNMODELED,,,
58,training-semantic-classifier-v2,training-semantic-registry-v2,7f7c6e88f31a7e4be4fb03761b58b380c6b37070297172a713b2d8a5ba9f14f8,a619932df9f2c4241330826cdd4b728164df7fa1672b2941e04fab621da8a78a,[],[],UNMODELED,,,
59,training-semantic-classifier-v2,training-semantic-registry-v2,7f7c6e88f31a7e4be4fb03761b58b380c6b37070297172a713b2d8a5ba9f14f8,a619932df9f2c4241330826cdd4b728164df7fa1672b2941e04fab621da8a78a,[],[],UNMODELED,,,
60,training-semantic-classifier-v2,training-semantic-registry-v2,7f7c6e88f31a7e4be4fb03761b58b380c6b37070297172a713b2d8a5ba9f14f8,a619932df9f2c4241330826cdd4b728164df7fa1672b2941e04fab621da8a78a,[],[],UNMODELED,,,
61,training-semantic-classifier-v2,training-semantic-registry-v2,7f7c6e88f31a7e4be4fb03761b58b380c6b37070297172a713b2d8a5ba9f14f8,a619932df9f2c4241330826cdd4b728164df7fa1672b2941e04fab621da8a78a,[],[],UNMODELED,,,
62,training-semantic-classifier-v2,training-semantic-registry-v2,7f7c6e88f31a7e4be4fb03761b58b380c6b37070297172a713b2d8a5ba9f14f8,a619932df9f2c4241330826cdd4b728164df7fa1672b2941e04fab621da8a78a,[],[],UNMODELED,,,
63,training-semantic-classifier-v2,training-semantic-registry-v2,7f7c6e88f31a7e4be4fb03761b58b380c6b37070297172a713b2d8a5ba9f14f8,a619932df9f2c4241330826cdd4b728164df7fa1672b2941e04fab621da8a78a,[],[],UNMODELED,,,
64,training-semantic-classifier-v2,training-semantic-registry-v2,7f7c6e88f31a7e4be4fb03761b58b380c6b37070297172a713b2d8a5ba9f14f8,a619932df9f2c4241330826cdd4b728164df7fa1672b2941e04fab621da8a78a,[],[],UNMODELED,,,
65,training-semantic-classifier-v2,training-semantic-registry-v2,7f7c6e88f31a7e4be4fb03761b58b380c6b37070297172a713b2d8a5ba9f14f8,a619932df9f2c4241330826cdd4b728164df7fa1672b2941e04fab621da8a78a,[],[],UNMODELED,,,
66,training-semantic-classifier-v2,training-semantic-registry-v2,7f7c6e88f31a7e4be4fb03761b58b380c6b37070297172a713b2d8a5ba9f14f8,a619932df9f2c4241330826cdd4b728164df7fa1672b2941e04fab621da8a78a,[],[],NO_CAPABILITY_APPLICABLE,,,
67,training-semantic-classifier-v2,training-semantic-registry-v2,7f7c6e88f31a7e4be4fb03761b58b380c6b37070297172a713b2d8a5ba9f14f8,a619932df9f2c4241330826cdd4b728164df7fa1672b2941e04fab621da8a78a,[],[],NO_CAPABILITY_APPLICABLE,,,
68,training-semantic-classifier-v2,training-semantic-registry-v2,7f7c6e88f31a7e4be4fb03761b58b380c6b37070297172a713b2d8a5ba9f14f8,a619932df9f2c4241330826cdd4b728164df7fa1672b2941e04fab621da8a78a,[],[],NO_CAPABILITY_APPLICABLE,,,
69,training-semantic-classifier-v2,training-semantic-registry-v2,7f7c6e88f31a7e4be4fb03761b58b380c6b37070297172a713b2d8a5ba9f14f8,a619932df9f2c4241330826cdd4b728164df7fa1672b2941e04fab621da8a78a,[],[],UNMODELED,,,
70,training-semantic-classifier-v2,training-semantic-registry-v2,7f7c6e88f31a7e4be4fb03761b58b380c6b37070297172a713b2d8a5ba9f14f8,a619932df9f2c4241330826cdd4b728164df7fa1672b2941e04fab621da8a78a,[],[],UNMODELED,,,
72,training-semantic-classifier-v2,training-semantic-registry-v2,7f7c6e88f31a7e4be4fb03761b58b380c6b37070297172a713b2d8a5ba9f14f8,a619932df9f2c4241330826cdd4b728164df7fa1672b2941e04fab621da8a78a,[],[],UNMODELED,,,
73,training-semantic-classifier-v2,training-semantic-registry-v2,7f7c6e88f31a7e4be4fb03761b58b380c6b37070297172a713b2d8a5ba9f14f8,a619932df9f2c4241330826cdd4b728164df7fa1672b2941e04fab621da8a78a,[],[],UNMODELED,,,
76,training-semantic-classifier-v2,training-semantic-registry-v2,7f7c6e88f31a7e4be4fb03761b58b380c6b37070297172a713b2d8a5ba9f14f8,a619932df9f2c4241330826cdd4b728164df7fa1672b2941e04fab621da8a78a,[],[],NO_CAPABILITY_APPLICABLE,,,
77,training-semantic-classifier-v2,training-semantic-registry-v2,7f7c6e88f31a7e4be4fb03761b58b380c6b37070297172a713b2d8a5ba9f14f8,a619932df9f2c4241330826cdd4b728164df7fa1672b2941e04fab621da8a78a,[],[],NO_CAPABILITY_APPLICABLE,,,
78,training-semantic-classifier-v2,training-semantic-registry-v2,7f7c6e88f31a7e4be4fb03761b58b380c6b37070297172a713b2d8a5ba9f14f8,a619932df9f2c4241330826cdd4b728164df7fa1672b2941e04fab621da8a78a,[],[],NO_CAPABILITY_APPLICABLE,,,
79,training-semantic-classifier-v2,training-semantic-registry-v2,7f7c6e88f31a7e4be4fb03761b58b380c6b37070297172a713b2d8a5ba9f14f8,a619932df9f2c4241330826cdd4b728164df7fa1672b2941e04fab621da8a78a,[],[],NO_CAPABILITY_APPLICABLE,,,
80,training-semantic-classifier-v2,training-semantic-registry-v2,7f7c6e88f31a7e4be4fb03761b58b380c6b37070297172a713b2d8a5ba9f14f8,a619932df9f2c4241330826cdd4b728164df7fa1672b2941e04fab621da8a78a,[],[],UNMODELED,,,
81,training-semantic-classifier-v2,training-semantic-registry-v2,7f7c6e88f31a7e4be4fb03761b58b380c6b37070297172a713b2d8a5ba9f14f8,a619932df9f2c4241330826cdd4b728164df7fa1672b2941e04fab621da8a78a,[],[],UNMODELED,,,
82,training-semantic-classifier-v2,training-semantic-registry-v2,7f7c6e88f31a7e4be4fb03761b58b380c6b37070297172a713b2d8a5ba9f14f8,a619932df9f2c4241330826cdd4b728164df7fa1672b2941e04fab621da8a78a,[],[],UNMODELED,,,
84,training-semantic-classifier-v2,training-semantic-registry-v2,7f7c6e88f31a7e4be4fb03761b58b380c6b37070297172a713b2d8a5ba9f14f8,a619932df9f2c4241330826cdd4b728164df7fa1672b2941e04fab621da8a78a,[],[],UNMODELED,,,
85,training-semantic-classifier-v2,training-semantic-registry-v2,7f7c6e88f31a7e4be4fb03761b58b380c6b37070297172a713b2d8a5ba9f14f8,a619932df9f2c4241330826cdd4b728164df7fa1672b2941e04fab621da8a78a,[],[],UNMODELED,,,
86,training-semantic-classifier-v2,training-semantic-registry-v2,7f7c6e88f31a7e4be4fb03761b58b380c6b37070297172a713b2d8a5ba9f14f8,a619932df9f2c4241330826cdd4b728164df7fa1672b2941e04fab621da8a78a,[],[],UNMODELED,,,
87,training-semantic-classifier-v2,training-semantic-registry-v2,7f7c6e88f31a7e4be4fb03761b58b380c6b37070297172a713b2d8a5ba9f14f8,a619932df9f2c4241330826cdd4b728164df7fa1672b2941e04fab621da8a78a,[],"[{""functionCode"":""CABLE_RESISTANCE"",""relationType"":""DIRECT"",""classificationConfidence"":""HIGH""}]",UNMODELED,,Training Function assignment does not imply complete exercise semantic coverage.,
88,training-semantic-classifier-v2,training-semantic-registry-v2,7f7c6e88f31a7e4be4fb03761b58b380c6b37070297172a713b2d8a5ba9f14f8,a619932df9f2c4241330826cdd4b728164df7fa1672b2941e04fab621da8a78a,[],"[{""functionCode"":""CABLE_RESISTANCE"",""relationType"":""DIRECT"",""classificationConfidence"":""HIGH""}]",UNMODELED,,Training Function assignment does not imply complete exercise semantic coverage.,
89,training-semantic-classifier-v2,training-semantic-registry-v2,7f7c6e88f31a7e4be4fb03761b58b380c6b37070297172a713b2d8a5ba9f14f8,a619932df9f2c4241330826cdd4b728164df7fa1672b2941e04fab621da8a78a,[],[],UNMODELED,,,
90,training-semantic-classifier-v2,training-semantic-registry-v2,7f7c6e88f31a7e4be4fb03761b58b380c6b37070297172a713b2d8a5ba9f14f8,a619932df9f2c4241330826cdd4b728164df7fa1672b2941e04fab621da8a78a,[],[],UNMODELED,,,
91,training-semantic-classifier-v2,training-semantic-registry-v2,7f7c6e88f31a7e4be4fb03761b58b380c6b37070297172a713b2d8a5ba9f14f8,a619932df9f2c4241330826cdd4b728164df7fa1672b2941e04fab621da8a78a,[],[],UNMODELED,,,
92,training-semantic-classifier-v2,training-semantic-registry-v2,7f7c6e88f31a7e4be4fb03761b58b380c6b37070297172a713b2d8a5ba9f14f8,a619932df9f2c4241330826cdd4b728164df7fa1672b2941e04fab621da8a78a,[],[],UNMODELED,,,
93,training-semantic-classifier-v2,training-semantic-registry-v2,7f7c6e88f31a7e4be4fb03761b58b380c6b37070297172a713b2d8a5ba9f14f8,a619932df9f2c4241330826cdd4b728164df7fa1672b2941e04fab621da8a78a,[],[],UNMODELED,,,
94,training-semantic-classifier-v2,training-semantic-registry-v2,7f7c6e88f31a7e4be4fb03761b58b380c6b37070297172a713b2d8a5ba9f14f8,a619932df9f2c4241330826cdd4b728164df7fa1672b2941e04fab621da8a78a,[],[],UNMODELED,,,
95,training-semantic-classifier-v2,training-semantic-registry-v2,7f7c6e88f31a7e4be4fb03761b58b380c6b37070297172a713b2d8a5ba9f14f8,a619932df9f2c4241330826cdd4b728164df7fa1672b2941e04fab621da8a78a,[],[],UNMODELED,,,
96,training-semantic-classifier-v2,training-semantic-registry-v2,7f7c6e88f31a7e4be4fb03761b58b380c6b37070297172a713b2d8a5ba9f14f8,a619932df9f2c4241330826cdd4b728164df7fa1672b2941e04fab621da8a78a,[],[],UNMODELED,,,
97,training-semantic-classifier-v2,training-semantic-registry-v2,7f7c6e88f31a7e4be4fb03761b58b380c6b37070297172a713b2d8a5ba9f14f8,a619932df9f2c4241330826cdd4b728164df7fa1672b2941e04fab621da8a78a,[],[],UNMODELED,,,
98,training-semantic-classifier-v2,training-semantic-registry-v2,7f7c6e88f31a7e4be4fb03761b58b380c6b37070297172a713b2d8a5ba9f14f8,a619932df9f2c4241330826cdd4b728164df7fa1672b2941e04fab621da8a78a,[],[],UNMODELED,,,
99,training-semantic-classifier-v2,training-semantic-registry-v2,7f7c6e88f31a7e4be4fb03761b58b380c6b37070297172a713b2d8a5ba9f14f8,a619932df9f2c4241330826cdd4b728164df7fa1672b2941e04fab621da8a78a,[],[],UNMODELED,,,
100,training-semantic-classifier-v2,training-semantic-registry-v2,7f7c6e88f31a7e4be4fb03761b58b380c6b37070297172a713b2d8a5ba9f14f8,a619932df9f2c4241330826cdd4b728164df7fa1672b2941e04fab621da8a78a,[],[],UNMODELED,,,
101,training-semantic-classifier-v2,training-semantic-registry-v2,7f7c6e88f31a7e4be4fb03761b58b380c6b37070297172a713b2d8a5ba9f14f8,a619932df9f2c4241330826cdd4b728164df7fa1672b2941e04fab621da8a78a,[],[],UNMODELED,,,
102,training-semantic-classifier-v2,training-semantic-registry-v2,7f7c6e88f31a7e4be4fb03761b58b380c6b37070297172a713b2d8a5ba9f14f8,a619932df9f2c4241330826cdd4b728164df7fa1672b2941e04fab621da8a78a,[],[],UNMODELED,,,
103,training-semantic-classifier-v2,training-semantic-registry-v2,7f7c6e88f31a7e4be4fb03761b58b380c6b37070297172a713b2d8a5ba9f14f8,a619932df9f2c4241330826cdd4b728164df7fa1672b2941e04fab621da8a78a,[],[],UNMODELED,,,
104,training-semantic-classifier-v2,training-semantic-registry-v2,7f7c6e88f31a7e4be4fb03761b58b380c6b37070297172a713b2d8a5ba9f14f8,a619932df9f2c4241330826cdd4b728164df7fa1672b2941e04fab621da8a78a,[],[],UNMODELED,,,
105,training-semantic-classifier-v2,training-semantic-registry-v2,7f7c6e88f31a7e4be4fb03761b58b380c6b37070297172a713b2d8a5ba9f14f8,a619932df9f2c4241330826cdd4b728164df7fa1672b2941e04fab621da8a78a,[],[],UNMODELED,,,
106,training-semantic-classifier-v2,training-semantic-registry-v2,7f7c6e88f31a7e4be4fb03761b58b380c6b37070297172a713b2d8a5ba9f14f8,a619932df9f2c4241330826cdd4b728164df7fa1672b2941e04fab621da8a78a,[],[],UNMODELED,,,
107,training-semantic-classifier-v2,training-semantic-registry-v2,7f7c6e88f31a7e4be4fb03761b58b380c6b37070297172a713b2d8a5ba9f14f8,a619932df9f2c4241330826cdd4b728164df7fa1672b2941e04fab621da8a78a,[],[],UNMODELED,,,
108,training-semantic-classifier-v2,training-semantic-registry-v2,7f7c6e88f31a7e4be4fb03761b58b380c6b37070297172a713b2d8a5ba9f14f8,a619932df9f2c4241330826cdd4b728164df7fa1672b2941e04fab621da8a78a,[],[],UNMODELED,,,
109,training-semantic-classifier-v2,training-semantic-registry-v2,7f7c6e88f31a7e4be4fb03761b58b380c6b37070297172a713b2d8a5ba9f14f8,a619932df9f2c4241330826cdd4b728164df7fa1672b2941e04fab621da8a78a,[],[],UNMODELED,,,
110,training-semantic-classifier-v2,training-semantic-registry-v2,7f7c6e88f31a7e4be4fb03761b58b380c6b37070297172a713b2d8a5ba9f14f8,a619932df9f2c4241330826cdd4b728164df7fa1672b2941e04fab621da8a78a,[],[],UNMODELED,,,
111,training-semantic-classifier-v2,training-semantic-registry-v2,7f7c6e88f31a7e4be4fb03761b58b380c6b37070297172a713b2d8a5ba9f14f8,a619932df9f2c4241330826cdd4b728164df7fa1672b2941e04fab621da8a78a,[],[],UNMODELED,,,
112,training-semantic-classifier-v2,training-semantic-registry-v2,7f7c6e88f31a7e4be4fb03761b58b380c6b37070297172a713b2d8a5ba9f14f8,a619932df9f2c4241330826cdd4b728164df7fa1672b2941e04fab621da8a78a,[],[],UNMODELED,,,
113,training-semantic-classifier-v2,training-semantic-registry-v2,7f7c6e88f31a7e4be4fb03761b58b380c6b37070297172a713b2d8a5ba9f14f8,a619932df9f2c4241330826cdd4b728164df7fa1672b2941e04fab621da8a78a,[],[],UNMODELED,,,
114,training-semantic-classifier-v2,training-semantic-registry-v2,7f7c6e88f31a7e4be4fb03761b58b380c6b37070297172a713b2d8a5ba9f14f8,a619932df9f2c4241330826cdd4b728164df7fa1672b2941e04fab621da8a78a,[],[],UNMODELED,,,
115,training-semantic-classifier-v2,training-semantic-registry-v2,7f7c6e88f31a7e4be4fb03761b58b380c6b37070297172a713b2d8a5ba9f14f8,a619932df9f2c4241330826cdd4b728164df7fa1672b2941e04fab621da8a78a,[],[],UNMODELED,,,
116,training-semantic-classifier-v2,training-semantic-registry-v2,7f7c6e88f31a7e4be4fb03761b58b380c6b37070297172a713b2d8a5ba9f14f8,a619932df9f2c4241330826cdd4b728164df7fa1672b2941e04fab621da8a78a,[],[],UNMODELED,,,
117,training-semantic-classifier-v2,training-semantic-registry-v2,7f7c6e88f31a7e4be4fb03761b58b380c6b37070297172a713b2d8a5ba9f14f8,a619932df9f2c4241330826cdd4b728164df7fa1672b2941e04fab621da8a78a,[],[],UNMODELED,,,
118,training-semantic-classifier-v2,training-semantic-registry-v2,7f7c6e88f31a7e4be4fb03761b58b380c6b37070297172a713b2d8a5ba9f14f8,a619932df9f2c4241330826cdd4b728164df7fa1672b2941e04fab621da8a78a,[],[],UNMODELED,,,
119,training-semantic-classifier-v2,training-semantic-registry-v2,7f7c6e88f31a7e4be4fb03761b58b380c6b37070297172a713b2d8a5ba9f14f8,a619932df9f2c4241330826cdd4b728164df7fa1672b2941e04fab621da8a78a,[],[],UNMODELED,,,
120,training-semantic-classifier-v2,training-semantic-registry-v2,7f7c6e88f31a7e4be4fb03761b58b380c6b37070297172a713b2d8a5ba9f14f8,a619932df9f2c4241330826cdd4b728164df7fa1672b2941e04fab621da8a78a,[],[],NO_CAPABILITY_APPLICABLE,,,
121,training-semantic-classifier-v2,training-semantic-registry-v2,7f7c6e88f31a7e4be4fb03761b58b380c6b37070297172a713b2d8a5ba9f14f8,a619932df9f2c4241330826cdd4b728164df7fa1672b2941e04fab621da8a78a,[],[],NO_CAPABILITY_APPLICABLE,,,
122,training-semantic-classifier-v2,training-semantic-registry-v2,7f7c6e88f31a7e4be4fb03761b58b380c6b37070297172a713b2d8a5ba9f14f8,a619932df9f2c4241330826cdd4b728164df7fa1672b2941e04fab621da8a78a,[],[],NO_CAPABILITY_APPLICABLE,,,
123,training-semantic-classifier-v2,training-semantic-registry-v2,7f7c6e88f31a7e4be4fb03761b58b380c6b37070297172a713b2d8a5ba9f14f8,a619932df9f2c4241330826cdd4b728164df7fa1672b2941e04fab621da8a78a,[],[],NO_CAPABILITY_APPLICABLE,,,
124,training-semantic-classifier-v2,training-semantic-registry-v2,7f7c6e88f31a7e4be4fb03761b58b380c6b37070297172a713b2d8a5ba9f14f8,a619932df9f2c4241330826cdd4b728164df7fa1672b2941e04fab621da8a78a,[],[],NO_CAPABILITY_APPLICABLE,,,
125,training-semantic-classifier-v2,training-semantic-registry-v2,7f7c6e88f31a7e4be4fb03761b58b380c6b37070297172a713b2d8a5ba9f14f8,a619932df9f2c4241330826cdd4b728164df7fa1672b2941e04fab621da8a78a,[],[],NO_CAPABILITY_APPLICABLE,,,
126,training-semantic-classifier-v2,training-semantic-registry-v2,7f7c6e88f31a7e4be4fb03761b58b380c6b37070297172a713b2d8a5ba9f14f8,a619932df9f2c4241330826cdd4b728164df7fa1672b2941e04fab621da8a78a,[],[],NO_CAPABILITY_APPLICABLE,,,
134,training-semantic-classifier-v2,training-semantic-registry-v2,7f7c6e88f31a7e4be4fb03761b58b380c6b37070297172a713b2d8a5ba9f14f8,a619932df9f2c4241330826cdd4b728164df7fa1672b2941e04fab621da8a78a,[],[],UNMODELED,,,
135,training-semantic-classifier-v2,training-semantic-registry-v2,7f7c6e88f31a7e4be4fb03761b58b380c6b37070297172a713b2d8a5ba9f14f8,a619932df9f2c4241330826cdd4b728164df7fa1672b2941e04fab621da8a78a,[],[],UNMODELED,,,
136,training-semantic-classifier-v2,training-semantic-registry-v2,7f7c6e88f31a7e4be4fb03761b58b380c6b37070297172a713b2d8a5ba9f14f8,a619932df9f2c4241330826cdd4b728164df7fa1672b2941e04fab621da8a78a,[],[],UNMODELED,,,
137,training-semantic-classifier-v2,training-semantic-registry-v2,7f7c6e88f31a7e4be4fb03761b58b380c6b37070297172a713b2d8a5ba9f14f8,a619932df9f2c4241330826cdd4b728164df7fa1672b2941e04fab621da8a78a,[],[],UNMODELED,,,
138,training-semantic-classifier-v2,training-semantic-registry-v2,7f7c6e88f31a7e4be4fb03761b58b380c6b37070297172a713b2d8a5ba9f14f8,a619932df9f2c4241330826cdd4b728164df7fa1672b2941e04fab621da8a78a,[],[],UNMODELED,,,
139,training-semantic-classifier-v2,training-semantic-registry-v2,7f7c6e88f31a7e4be4fb03761b58b380c6b37070297172a713b2d8a5ba9f14f8,a619932df9f2c4241330826cdd4b728164df7fa1672b2941e04fab621da8a78a,[],[],UNMODELED,,,
140,training-semantic-classifier-v2,training-semantic-registry-v2,7f7c6e88f31a7e4be4fb03761b58b380c6b37070297172a713b2d8a5ba9f14f8,a619932df9f2c4241330826cdd4b728164df7fa1672b2941e04fab621da8a78a,[],[],NO_CAPABILITY_APPLICABLE,,,
141,training-semantic-classifier-v2,training-semantic-registry-v2,7f7c6e88f31a7e4be4fb03761b58b380c6b37070297172a713b2d8a5ba9f14f8,a619932df9f2c4241330826cdd4b728164df7fa1672b2941e04fab621da8a78a,[],[],NO_CAPABILITY_APPLICABLE,,,
142,training-semantic-classifier-v2,training-semantic-registry-v2,7f7c6e88f31a7e4be4fb03761b58b380c6b37070297172a713b2d8a5ba9f14f8,a619932df9f2c4241330826cdd4b728164df7fa1672b2941e04fab621da8a78a,[],[],NO_CAPABILITY_APPLICABLE,,,
143,training-semantic-classifier-v2,training-semantic-registry-v2,7f7c6e88f31a7e4be4fb03761b58b380c6b37070297172a713b2d8a5ba9f14f8,a619932df9f2c4241330826cdd4b728164df7fa1672b2941e04fab621da8a78a,[],[],NO_CAPABILITY_APPLICABLE,,,
144,training-semantic-classifier-v2,training-semantic-registry-v2,7f7c6e88f31a7e4be4fb03761b58b380c6b37070297172a713b2d8a5ba9f14f8,a619932df9f2c4241330826cdd4b728164df7fa1672b2941e04fab621da8a78a,[],[],NO_CAPABILITY_APPLICABLE,,,
145,training-semantic-classifier-v2,training-semantic-registry-v2,7f7c6e88f31a7e4be4fb03761b58b380c6b37070297172a713b2d8a5ba9f14f8,a619932df9f2c4241330826cdd4b728164df7fa1672b2941e04fab621da8a78a,[],[],NO_CAPABILITY_APPLICABLE,,,
146,training-semantic-classifier-v2,training-semantic-registry-v2,7f7c6e88f31a7e4be4fb03761b58b380c6b37070297172a713b2d8a5ba9f14f8,a619932df9f2c4241330826cdd4b728164df7fa1672b2941e04fab621da8a78a,[],[],NO_CAPABILITY_APPLICABLE,,,
147,training-semantic-classifier-v2,training-semantic-registry-v2,7f7c6e88f31a7e4be4fb03761b58b380c6b37070297172a713b2d8a5ba9f14f8,a619932df9f2c4241330826cdd4b728164df7fa1672b2941e04fab621da8a78a,[],[],NO_CAPABILITY_APPLICABLE,,,
150,training-semantic-classifier-v2,training-semantic-registry-v2,7f7c6e88f31a7e4be4fb03761b58b380c6b37070297172a713b2d8a5ba9f14f8,a619932df9f2c4241330826cdd4b728164df7fa1672b2941e04fab621da8a78a,[],[],UNMODELED,,,
151,training-semantic-classifier-v2,training-semantic-registry-v2,7f7c6e88f31a7e4be4fb03761b58b380c6b37070297172a713b2d8a5ba9f14f8,a619932df9f2c4241330826cdd4b728164df7fa1672b2941e04fab621da8a78a,[],[],NO_CAPABILITY_APPLICABLE,,,
153,training-semantic-classifier-v2,training-semantic-registry-v2,7f7c6e88f31a7e4be4fb03761b58b380c6b37070297172a713b2d8a5ba9f14f8,a619932df9f2c4241330826cdd4b728164df7fa1672b2941e04fab621da8a78a,[],[],NO_CAPABILITY_APPLICABLE,,,
154,training-semantic-classifier-v2,training-semantic-registry-v2,7f7c6e88f31a7e4be4fb03761b58b380c6b37070297172a713b2d8a5ba9f14f8,a619932df9f2c4241330826cdd4b728164df7fa1672b2941e04fab621da8a78a,[],[],NO_CAPABILITY_APPLICABLE,,,
155,training-semantic-classifier-v2,training-semantic-registry-v2,7f7c6e88f31a7e4be4fb03761b58b380c6b37070297172a713b2d8a5ba9f14f8,a619932df9f2c4241330826cdd4b728164df7fa1672b2941e04fab621da8a78a,[],[],NO_CAPABILITY_APPLICABLE,,,
156,training-semantic-classifier-v2,training-semantic-registry-v2,7f7c6e88f31a7e4be4fb03761b58b380c6b37070297172a713b2d8a5ba9f14f8,a619932df9f2c4241330826cdd4b728164df7fa1672b2941e04fab621da8a78a,[],[],UNMODELED,,,
157,training-semantic-classifier-v2,training-semantic-registry-v2,7f7c6e88f31a7e4be4fb03761b58b380c6b37070297172a713b2d8a5ba9f14f8,a619932df9f2c4241330826cdd4b728164df7fa1672b2941e04fab621da8a78a,[],[],UNMODELED,,,
158,training-semantic-classifier-v2,training-semantic-registry-v2,7f7c6e88f31a7e4be4fb03761b58b380c6b37070297172a713b2d8a5ba9f14f8,a619932df9f2c4241330826cdd4b728164df7fa1672b2941e04fab621da8a78a,[],[],UNMODELED,,,
159,training-semantic-classifier-v2,training-semantic-registry-v2,7f7c6e88f31a7e4be4fb03761b58b380c6b37070297172a713b2d8a5ba9f14f8,a619932df9f2c4241330826cdd4b728164df7fa1672b2941e04fab621da8a78a,[],[],UNMODELED,,,
160,training-semantic-classifier-v2,training-semantic-registry-v2,7f7c6e88f31a7e4be4fb03761b58b380c6b37070297172a713b2d8a5ba9f14f8,a619932df9f2c4241330826cdd4b728164df7fa1672b2941e04fab621da8a78a,[],[],UNMODELED,,,
161,training-semantic-classifier-v2,training-semantic-registry-v2,7f7c6e88f31a7e4be4fb03761b58b380c6b37070297172a713b2d8a5ba9f14f8,a619932df9f2c4241330826cdd4b728164df7fa1672b2941e04fab621da8a78a,[],[],UNMODELED,,,
162,training-semantic-classifier-v2,training-semantic-registry-v2,7f7c6e88f31a7e4be4fb03761b58b380c6b37070297172a713b2d8a5ba9f14f8,a619932df9f2c4241330826cdd4b728164df7fa1672b2941e04fab621da8a78a,[],[],NO_CAPABILITY_APPLICABLE,,,
163,training-semantic-classifier-v2,training-semantic-registry-v2,7f7c6e88f31a7e4be4fb03761b58b380c6b37070297172a713b2d8a5ba9f14f8,a619932df9f2c4241330826cdd4b728164df7fa1672b2941e04fab621da8a78a,[],[],NO_CAPABILITY_APPLICABLE,,,
165,training-semantic-classifier-v2,training-semantic-registry-v2,7f7c6e88f31a7e4be4fb03761b58b380c6b37070297172a713b2d8a5ba9f14f8,a619932df9f2c4241330826cdd4b728164df7fa1672b2941e04fab621da8a78a,[],[],NO_CAPABILITY_APPLICABLE,,,
166,training-semantic-classifier-v2,training-semantic-registry-v2,7f7c6e88f31a7e4be4fb03761b58b380c6b37070297172a713b2d8a5ba9f14f8,a619932df9f2c4241330826cdd4b728164df7fa1672b2941e04fab621da8a78a,[],[],UNMODELED,,,
167,training-semantic-classifier-v2,training-semantic-registry-v2,7f7c6e88f31a7e4be4fb03761b58b380c6b37070297172a713b2d8a5ba9f14f8,a619932df9f2c4241330826cdd4b728164df7fa1672b2941e04fab621da8a78a,[],[],UNMODELED,,,
168,training-semantic-classifier-v2,training-semantic-registry-v2,7f7c6e88f31a7e4be4fb03761b58b380c6b37070297172a713b2d8a5ba9f14f8,a619932df9f2c4241330826cdd4b728164df7fa1672b2941e04fab621da8a78a,[],[],UNMODELED,,,
169,training-semantic-classifier-v2,training-semantic-registry-v2,7f7c6e88f31a7e4be4fb03761b58b380c6b37070297172a713b2d8a5ba9f14f8,a619932df9f2c4241330826cdd4b728164df7fa1672b2941e04fab621da8a78a,[],[],UNMODELED,,,
170,training-semantic-classifier-v2,training-semantic-registry-v2,7f7c6e88f31a7e4be4fb03761b58b380c6b37070297172a713b2d8a5ba9f14f8,a619932df9f2c4241330826cdd4b728164df7fa1672b2941e04fab621da8a78a,[],[],NO_CAPABILITY_APPLICABLE,,,
171,training-semantic-classifier-v2,training-semantic-registry-v2,7f7c6e88f31a7e4be4fb03761b58b380c6b37070297172a713b2d8a5ba9f14f8,a619932df9f2c4241330826cdd4b728164df7fa1672b2941e04fab621da8a78a,[],[],NO_CAPABILITY_APPLICABLE,,,
172,training-semantic-classifier-v2,training-semantic-registry-v2,7f7c6e88f31a7e4be4fb03761b58b380c6b37070297172a713b2d8a5ba9f14f8,a619932df9f2c4241330826cdd4b728164df7fa1672b2941e04fab621da8a78a,[],[],NO_CAPABILITY_APPLICABLE,,,
173,training-semantic-classifier-v2,training-semantic-registry-v2,7f7c6e88f31a7e4be4fb03761b58b380c6b37070297172a713b2d8a5ba9f14f8,a619932df9f2c4241330826cdd4b728164df7fa1672b2941e04fab621da8a78a,[],[],NO_CAPABILITY_APPLICABLE,,,
174,training-semantic-classifier-v2,training-semantic-registry-v2,7f7c6e88f31a7e4be4fb03761b58b380c6b37070297172a713b2d8a5ba9f14f8,a619932df9f2c4241330826cdd4b728164df7fa1672b2941e04fab621da8a78a,[],[],NO_CAPABILITY_APPLICABLE,,,
175,training-semantic-classifier-v2,training-semantic-registry-v2,7f7c6e88f31a7e4be4fb03761b58b380c6b37070297172a713b2d8a5ba9f14f8,a619932df9f2c4241330826cdd4b728164df7fa1672b2941e04fab621da8a78a,"[{""capabilityCode"":""LAT_PULLDOWN"",""relationType"":""DIRECT"",""classificationConfidence"":""EXPLICIT""},{""capabilityCode"":""ROW"",""relationType"":""DIRECT"",""classificationConfidence"":""EXPLICIT""}]","[{""functionCode"":""CABLE_RESISTANCE"",""relationType"":""DIRECT"",""classificationConfidence"":""EXPLICIT""}]",UNMODELED,,,
176,training-semantic-classifier-v2,training-semantic-registry-v2,7f7c6e88f31a7e4be4fb03761b58b380c6b37070297172a713b2d8a5ba9f14f8,a619932df9f2c4241330826cdd4b728164df7fa1672b2941e04fab621da8a78a,"[{""capabilityCode"":""LAT_PULLDOWN"",""relationType"":""DIRECT"",""classificationConfidence"":""EXPLICIT""},{""capabilityCode"":""PULL_UP"",""relationType"":""SUPPORTED"",""classificationConfidence"":""HIGH""}]","[{""functionCode"":""CABLE_RESISTANCE"",""relationType"":""DIRECT"",""classificationConfidence"":""HIGH""},{""functionCode"":""MULTI_DIRECTIONAL_RESISTANCE"",""relationType"":""DIRECT"",""classificationConfidence"":""EXPLICIT""}]",UNMODELED,,SUPPORTED assignment requires explicit module/configuration evidence.,
177,training-semantic-classifier-v2,training-semantic-registry-v2,7f7c6e88f31a7e4be4fb03761b58b380c6b37070297172a713b2d8a5ba9f14f8,a619932df9f2c4241330826cdd4b728164df7fa1672b2941e04fab621da8a78a,"[{""capabilityCode"":""PULL_UP"",""relationType"":""DIRECT"",""classificationConfidence"":""EXPLICIT""}]",[],UNMODELED,,,
179,training-semantic-classifier-v2,training-semantic-registry-v2,7f7c6e88f31a7e4be4fb03761b58b380c6b37070297172a713b2d8a5ba9f14f8,a619932df9f2c4241330826cdd4b728164df7fa1672b2941e04fab621da8a78a,[],"[{""functionCode"":""BARBELL_SUPPORT"",""relationType"":""DIRECT"",""classificationConfidence"":""EXPLICIT""}]",UNMODELED,,Training Function assignment does not imply complete exercise semantic coverage.,
180,training-semantic-classifier-v2,training-semantic-registry-v2,7f7c6e88f31a7e4be4fb03761b58b380c6b37070297172a713b2d8a5ba9f14f8,a619932df9f2c4241330826cdd4b728164df7fa1672b2941e04fab621da8a78a,[],[],UNMODELED,,,
181,training-semantic-classifier-v2,training-semantic-registry-v2,7f7c6e88f31a7e4be4fb03761b58b380c6b37070297172a713b2d8a5ba9f14f8,a619932df9f2c4241330826cdd4b728164df7fa1672b2941e04fab621da8a78a,[],[],UNMODELED,,,
182,training-semantic-classifier-v2,training-semantic-registry-v2,7f7c6e88f31a7e4be4fb03761b58b380c6b37070297172a713b2d8a5ba9f14f8,a619932df9f2c4241330826cdd4b728164df7fa1672b2941e04fab621da8a78a,[],[],UNMODELED,,,
183,training-semantic-classifier-v2,training-semantic-registry-v2,7f7c6e88f31a7e4be4fb03761b58b380c6b37070297172a713b2d8a5ba9f14f8,a619932df9f2c4241330826cdd4b728164df7fa1672b2941e04fab621da8a78a,[],[],UNMODELED,,,
184,training-semantic-classifier-v2,training-semantic-registry-v2,7f7c6e88f31a7e4be4fb03761b58b380c6b37070297172a713b2d8a5ba9f14f8,a619932df9f2c4241330826cdd4b728164df7fa1672b2941e04fab621da8a78a,[],[],UNMODELED,,,
185,training-semantic-classifier-v2,training-semantic-registry-v2,7f7c6e88f31a7e4be4fb03761b58b380c6b37070297172a713b2d8a5ba9f14f8,a619932df9f2c4241330826cdd4b728164df7fa1672b2941e04fab621da8a78a,[],[],UNMODELED,,,
186,training-semantic-classifier-v2,training-semantic-registry-v2,7f7c6e88f31a7e4be4fb03761b58b380c6b37070297172a713b2d8a5ba9f14f8,a619932df9f2c4241330826cdd4b728164df7fa1672b2941e04fab621da8a78a,[],[],UNMODELED,,,
187,training-semantic-classifier-v2,training-semantic-registry-v2,7f7c6e88f31a7e4be4fb03761b58b380c6b37070297172a713b2d8a5ba9f14f8,a619932df9f2c4241330826cdd4b728164df7fa1672b2941e04fab621da8a78a,[],[],UNMODELED,,,
188,training-semantic-classifier-v2,training-semantic-registry-v2,7f7c6e88f31a7e4be4fb03761b58b380c6b37070297172a713b2d8a5ba9f14f8,a619932df9f2c4241330826cdd4b728164df7fa1672b2941e04fab621da8a78a,[],[],UNMODELED,,,
189,training-semantic-classifier-v2,training-semantic-registry-v2,7f7c6e88f31a7e4be4fb03761b58b380c6b37070297172a713b2d8a5ba9f14f8,a619932df9f2c4241330826cdd4b728164df7fa1672b2941e04fab621da8a78a,[],[],UNMODELED,,,
190,training-semantic-classifier-v2,training-semantic-registry-v2,7f7c6e88f31a7e4be4fb03761b58b380c6b37070297172a713b2d8a5ba9f14f8,a619932df9f2c4241330826cdd4b728164df7fa1672b2941e04fab621da8a78a,[],[],UNMODELED,,,
191,training-semantic-classifier-v2,training-semantic-registry-v2,7f7c6e88f31a7e4be4fb03761b58b380c6b37070297172a713b2d8a5ba9f14f8,a619932df9f2c4241330826cdd4b728164df7fa1672b2941e04fab621da8a78a,[],[],UNMODELED,,,
192,training-semantic-classifier-v2,training-semantic-registry-v2,7f7c6e88f31a7e4be4fb03761b58b380c6b37070297172a713b2d8a5ba9f14f8,a619932df9f2c4241330826cdd4b728164df7fa1672b2941e04fab621da8a78a,[],[],UNMODELED,,,
193,training-semantic-classifier-v2,training-semantic-registry-v2,7f7c6e88f31a7e4be4fb03761b58b380c6b37070297172a713b2d8a5ba9f14f8,a619932df9f2c4241330826cdd4b728164df7fa1672b2941e04fab621da8a78a,[],[],UNMODELED,,,
194,training-semantic-classifier-v2,training-semantic-registry-v2,7f7c6e88f31a7e4be4fb03761b58b380c6b37070297172a713b2d8a5ba9f14f8,a619932df9f2c4241330826cdd4b728164df7fa1672b2941e04fab621da8a78a,[],[],UNMODELED,,,
195,training-semantic-classifier-v2,training-semantic-registry-v2,7f7c6e88f31a7e4be4fb03761b58b380c6b37070297172a713b2d8a5ba9f14f8,a619932df9f2c4241330826cdd4b728164df7fa1672b2941e04fab621da8a78a,[],[],UNMODELED,,,
196,training-semantic-classifier-v2,training-semantic-registry-v2,7f7c6e88f31a7e4be4fb03761b58b380c6b37070297172a713b2d8a5ba9f14f8,a619932df9f2c4241330826cdd4b728164df7fa1672b2941e04fab621da8a78a,[],[],UNMODELED,,,
197,training-semantic-classifier-v2,training-semantic-registry-v2,7f7c6e88f31a7e4be4fb03761b58b380c6b37070297172a713b2d8a5ba9f14f8,a619932df9f2c4241330826cdd4b728164df7fa1672b2941e04fab621da8a78a,[],[],NO_CAPABILITY_APPLICABLE,,,
198,training-semantic-classifier-v2,training-semantic-registry-v2,7f7c6e88f31a7e4be4fb03761b58b380c6b37070297172a713b2d8a5ba9f14f8,a619932df9f2c4241330826cdd4b728164df7fa1672b2941e04fab621da8a78a,[],[],NO_CAPABILITY_APPLICABLE,,,
199,training-semantic-classifier-v2,training-semantic-registry-v2,7f7c6e88f31a7e4be4fb03761b58b380c6b37070297172a713b2d8a5ba9f14f8,a619932df9f2c4241330826cdd4b728164df7fa1672b2941e04fab621da8a78a,[],[],NO_CAPABILITY_APPLICABLE,,,
200,training-semantic-classifier-v2,training-semantic-registry-v2,7f7c6e88f31a7e4be4fb03761b58b380c6b37070297172a713b2d8a5ba9f14f8,a619932df9f2c4241330826cdd4b728164df7fa1672b2941e04fab621da8a78a,[],[],NO_CAPABILITY_APPLICABLE,,,
201,training-semantic-classifier-v2,training-semantic-registry-v2,7f7c6e88f31a7e4be4fb03761b58b380c6b37070297172a713b2d8a5ba9f14f8,a619932df9f2c4241330826cdd4b728164df7fa1672b2941e04fab621da8a78a,[],[],NO_CAPABILITY_APPLICABLE,,,
202,training-semantic-classifier-v2,training-semantic-registry-v2,7f7c6e88f31a7e4be4fb03761b58b380c6b37070297172a713b2d8a5ba9f14f8,a619932df9f2c4241330826cdd4b728164df7fa1672b2941e04fab621da8a78a,[],[],NO_CAPABILITY_APPLICABLE,,,
203,training-semantic-classifier-v2,training-semantic-registry-v2,7f7c6e88f31a7e4be4fb03761b58b380c6b37070297172a713b2d8a5ba9f14f8,a619932df9f2c4241330826cdd4b728164df7fa1672b2941e04fab621da8a78a,[],[],NO_CAPABILITY_APPLICABLE,,,
204,training-semantic-classifier-v2,training-semantic-registry-v2,7f7c6e88f31a7e4be4fb03761b58b380c6b37070297172a713b2d8a5ba9f14f8,a619932df9f2c4241330826cdd4b728164df7fa1672b2941e04fab621da8a78a,[],[],NO_CAPABILITY_APPLICABLE,,,
205,training-semantic-classifier-v2,training-semantic-registry-v2,7f7c6e88f31a7e4be4fb03761b58b380c6b37070297172a713b2d8a5ba9f14f8,a619932df9f2c4241330826cdd4b728164df7fa1672b2941e04fab621da8a78a,[],[],NO_CAPABILITY_APPLICABLE,,,
206,training-semantic-classifier-v2,training-semantic-registry-v2,7f7c6e88f31a7e4be4fb03761b58b380c6b37070297172a713b2d8a5ba9f14f8,a619932df9f2c4241330826cdd4b728164df7fa1672b2941e04fab621da8a78a,[],[],NO_CAPABILITY_APPLICABLE,,,
207,training-semantic-classifier-v2,training-semantic-registry-v2,7f7c6e88f31a7e4be4fb03761b58b380c6b37070297172a713b2d8a5ba9f14f8,a619932df9f2c4241330826cdd4b728164df7fa1672b2941e04fab621da8a78a,[],[],NO_CAPABILITY_APPLICABLE,,,
208,training-semantic-classifier-v2,training-semantic-registry-v2,7f7c6e88f31a7e4be4fb03761b58b380c6b37070297172a713b2d8a5ba9f14f8,a619932df9f2c4241330826cdd4b728164df7fa1672b2941e04fab621da8a78a,[],[],NO_CAPABILITY_APPLICABLE,,,
209,training-semantic-classifier-v2,training-semantic-registry-v2,7f7c6e88f31a7e4be4fb03761b58b380c6b37070297172a713b2d8a5ba9f14f8,a619932df9f2c4241330826cdd4b728164df7fa1672b2941e04fab621da8a78a,[],[],NO_CAPABILITY_APPLICABLE,,,
210,training-semantic-classifier-v2,training-semantic-registry-v2,7f7c6e88f31a7e4be4fb03761b58b380c6b37070297172a713b2d8a5ba9f14f8,a619932df9f2c4241330826cdd4b728164df7fa1672b2941e04fab621da8a78a,[],[],NO_CAPABILITY_APPLICABLE,,,
211,training-semantic-classifier-v2,training-semantic-registry-v2,7f7c6e88f31a7e4be4fb03761b58b380c6b37070297172a713b2d8a5ba9f14f8,a619932df9f2c4241330826cdd4b728164df7fa1672b2941e04fab621da8a78a,[],[],NO_CAPABILITY_APPLICABLE,,,
212,training-semantic-classifier-v2,training-semantic-registry-v2,7f7c6e88f31a7e4be4fb03761b58b380c6b37070297172a713b2d8a5ba9f14f8,a619932df9f2c4241330826cdd4b728164df7fa1672b2941e04fab621da8a78a,[],[],NO_CAPABILITY_APPLICABLE,,,
213,training-semantic-classifier-v2,training-semantic-registry-v2,7f7c6e88f31a7e4be4fb03761b58b380c6b37070297172a713b2d8a5ba9f14f8,a619932df9f2c4241330826cdd4b728164df7fa1672b2941e04fab621da8a78a,[],[],NO_CAPABILITY_APPLICABLE,,,
214,training-semantic-classifier-v2,training-semantic-registry-v2,7f7c6e88f31a7e4be4fb03761b58b380c6b37070297172a713b2d8a5ba9f14f8,a619932df9f2c4241330826cdd4b728164df7fa1672b2941e04fab621da8a78a,[],[],NO_CAPABILITY_APPLICABLE,,,
215,training-semantic-classifier-v2,training-semantic-registry-v2,7f7c6e88f31a7e4be4fb03761b58b380c6b37070297172a713b2d8a5ba9f14f8,a619932df9f2c4241330826cdd4b728164df7fa1672b2941e04fab621da8a78a,[],[],NO_CAPABILITY_APPLICABLE,,,
216,training-semantic-classifier-v2,training-semantic-registry-v2,7f7c6e88f31a7e4be4fb03761b58b380c6b37070297172a713b2d8a5ba9f14f8,a619932df9f2c4241330826cdd4b728164df7fa1672b2941e04fab621da8a78a,[],[],NO_CAPABILITY_APPLICABLE,,,
217,training-semantic-classifier-v2,training-semantic-registry-v2,7f7c6e88f31a7e4be4fb03761b58b380c6b37070297172a713b2d8a5ba9f14f8,a619932df9f2c4241330826cdd4b728164df7fa1672b2941e04fab621da8a78a,[],[],NO_CAPABILITY_APPLICABLE,,,
218,training-semantic-classifier-v2,training-semantic-registry-v2,7f7c6e88f31a7e4be4fb03761b58b380c6b37070297172a713b2d8a5ba9f14f8,a619932df9f2c4241330826cdd4b728164df7fa1672b2941e04fab621da8a78a,[],[],NO_CAPABILITY_APPLICABLE,,,
219,training-semantic-classifier-v2,training-semantic-registry-v2,7f7c6e88f31a7e4be4fb03761b58b380c6b37070297172a713b2d8a5ba9f14f8,a619932df9f2c4241330826cdd4b728164df7fa1672b2941e04fab621da8a78a,[],[],NO_CAPABILITY_APPLICABLE,,,
220,training-semantic-classifier-v2,training-semantic-registry-v2,7f7c6e88f31a7e4be4fb03761b58b380c6b37070297172a713b2d8a5ba9f14f8,a619932df9f2c4241330826cdd4b728164df7fa1672b2941e04fab621da8a78a,[],[],NO_CAPABILITY_APPLICABLE,,,
221,training-semantic-classifier-v2,training-semantic-registry-v2,7f7c6e88f31a7e4be4fb03761b58b380c6b37070297172a713b2d8a5ba9f14f8,a619932df9f2c4241330826cdd4b728164df7fa1672b2941e04fab621da8a78a,[],[],NO_CAPABILITY_APPLICABLE,,,
222,training-semantic-classifier-v2,training-semantic-registry-v2,7f7c6e88f31a7e4be4fb03761b58b380c6b37070297172a713b2d8a5ba9f14f8,a619932df9f2c4241330826cdd4b728164df7fa1672b2941e04fab621da8a78a,[],[],NO_CAPABILITY_APPLICABLE,,,
223,training-semantic-classifier-v2,training-semantic-registry-v2,7f7c6e88f31a7e4be4fb03761b58b380c6b37070297172a713b2d8a5ba9f14f8,a619932df9f2c4241330826cdd4b728164df7fa1672b2941e04fab621da8a78a,[],[],UNMODELED,,,
224,training-semantic-classifier-v2,training-semantic-registry-v2,7f7c6e88f31a7e4be4fb03761b58b380c6b37070297172a713b2d8a5ba9f14f8,a619932df9f2c4241330826cdd4b728164df7fa1672b2941e04fab621da8a78a,[],[],NO_CAPABILITY_APPLICABLE,,,
225,training-semantic-classifier-v2,training-semantic-registry-v2,7f7c6e88f31a7e4be4fb03761b58b380c6b37070297172a713b2d8a5ba9f14f8,a619932df9f2c4241330826cdd4b728164df7fa1672b2941e04fab621da8a78a,[],[],NO_CAPABILITY_APPLICABLE,,,
226,training-semantic-classifier-v2,training-semantic-registry-v2,7f7c6e88f31a7e4be4fb03761b58b380c6b37070297172a713b2d8a5ba9f14f8,a619932df9f2c4241330826cdd4b728164df7fa1672b2941e04fab621da8a78a,[],[],NO_CAPABILITY_APPLICABLE,,,
227,training-semantic-classifier-v2,training-semantic-registry-v2,7f7c6e88f31a7e4be4fb03761b58b380c6b37070297172a713b2d8a5ba9f14f8,a619932df9f2c4241330826cdd4b728164df7fa1672b2941e04fab621da8a78a,[],[],NO_CAPABILITY_APPLICABLE,,,
228,training-semantic-classifier-v2,training-semantic-registry-v2,7f7c6e88f31a7e4be4fb03761b58b380c6b37070297172a713b2d8a5ba9f14f8,a619932df9f2c4241330826cdd4b728164df7fa1672b2941e04fab621da8a78a,[],[],NO_CAPABILITY_APPLICABLE,,,
229,training-semantic-classifier-v2,training-semantic-registry-v2,7f7c6e88f31a7e4be4fb03761b58b380c6b37070297172a713b2d8a5ba9f14f8,a619932df9f2c4241330826cdd4b728164df7fa1672b2941e04fab621da8a78a,[],[],NO_CAPABILITY_APPLICABLE,,,
230,training-semantic-classifier-v2,training-semantic-registry-v2,7f7c6e88f31a7e4be4fb03761b58b380c6b37070297172a713b2d8a5ba9f14f8,a619932df9f2c4241330826cdd4b728164df7fa1672b2941e04fab621da8a78a,[],[],NO_CAPABILITY_APPLICABLE,,,
231,training-semantic-classifier-v2,training-semantic-registry-v2,7f7c6e88f31a7e4be4fb03761b58b380c6b37070297172a713b2d8a5ba9f14f8,a619932df9f2c4241330826cdd4b728164df7fa1672b2941e04fab621da8a78a,[],[],NO_CAPABILITY_APPLICABLE,,,
232,training-semantic-classifier-v2,training-semantic-registry-v2,7f7c6e88f31a7e4be4fb03761b58b380c6b37070297172a713b2d8a5ba9f14f8,a619932df9f2c4241330826cdd4b728164df7fa1672b2941e04fab621da8a78a,[],[],NO_CAPABILITY_APPLICABLE,,,
233,training-semantic-classifier-v2,training-semantic-registry-v2,7f7c6e88f31a7e4be4fb03761b58b380c6b37070297172a713b2d8a5ba9f14f8,a619932df9f2c4241330826cdd4b728164df7fa1672b2941e04fab621da8a78a,[],[],NO_CAPABILITY_APPLICABLE,,,
234,training-semantic-classifier-v2,training-semantic-registry-v2,7f7c6e88f31a7e4be4fb03761b58b380c6b37070297172a713b2d8a5ba9f14f8,a619932df9f2c4241330826cdd4b728164df7fa1672b2941e04fab621da8a78a,[],[],NO_CAPABILITY_APPLICABLE,,,
235,training-semantic-classifier-v2,training-semantic-registry-v2,7f7c6e88f31a7e4be4fb03761b58b380c6b37070297172a713b2d8a5ba9f14f8,a619932df9f2c4241330826cdd4b728164df7fa1672b2941e04fab621da8a78a,[],[],NO_CAPABILITY_APPLICABLE,,,
236,training-semantic-classifier-v2,training-semantic-registry-v2,7f7c6e88f31a7e4be4fb03761b58b380c6b37070297172a713b2d8a5ba9f14f8,a619932df9f2c4241330826cdd4b728164df7fa1672b2941e04fab621da8a78a,[],[],NO_CAPABILITY_APPLICABLE,,,
237,training-semantic-classifier-v2,training-semantic-registry-v2,7f7c6e88f31a7e4be4fb03761b58b380c6b37070297172a713b2d8a5ba9f14f8,a619932df9f2c4241330826cdd4b728164df7fa1672b2941e04fab621da8a78a,[],[],NO_CAPABILITY_APPLICABLE,,,
238,training-semantic-classifier-v2,training-semantic-registry-v2,7f7c6e88f31a7e4be4fb03761b58b380c6b37070297172a713b2d8a5ba9f14f8,a619932df9f2c4241330826cdd4b728164df7fa1672b2941e04fab621da8a78a,[],[],NO_CAPABILITY_APPLICABLE,,,
239,training-semantic-classifier-v2,training-semantic-registry-v2,7f7c6e88f31a7e4be4fb03761b58b380c6b37070297172a713b2d8a5ba9f14f8,a619932df9f2c4241330826cdd4b728164df7fa1672b2941e04fab621da8a78a,[],[],NO_CAPABILITY_APPLICABLE,,,
240,training-semantic-classifier-v2,training-semantic-registry-v2,7f7c6e88f31a7e4be4fb03761b58b380c6b37070297172a713b2d8a5ba9f14f8,a619932df9f2c4241330826cdd4b728164df7fa1672b2941e04fab621da8a78a,[],[],NO_CAPABILITY_APPLICABLE,,,
241,training-semantic-classifier-v2,training-semantic-registry-v2,7f7c6e88f31a7e4be4fb03761b58b380c6b37070297172a713b2d8a5ba9f14f8,a619932df9f2c4241330826cdd4b728164df7fa1672b2941e04fab621da8a78a,[],[],NO_CAPABILITY_APPLICABLE,,,
242,training-semantic-classifier-v2,training-semantic-registry-v2,7f7c6e88f31a7e4be4fb03761b58b380c6b37070297172a713b2d8a5ba9f14f8,a619932df9f2c4241330826cdd4b728164df7fa1672b2941e04fab621da8a78a,[],[],NO_CAPABILITY_APPLICABLE,,,
243,training-semantic-classifier-v2,training-semantic-registry-v2,7f7c6e88f31a7e4be4fb03761b58b380c6b37070297172a713b2d8a5ba9f14f8,a619932df9f2c4241330826cdd4b728164df7fa1672b2941e04fab621da8a78a,[],[],NO_CAPABILITY_APPLICABLE,,,
244,training-semantic-classifier-v2,training-semantic-registry-v2,7f7c6e88f31a7e4be4fb03761b58b380c6b37070297172a713b2d8a5ba9f14f8,a619932df9f2c4241330826cdd4b728164df7fa1672b2941e04fab621da8a78a,[],[],NO_CAPABILITY_APPLICABLE,,,
245,training-semantic-classifier-v2,training-semantic-registry-v2,7f7c6e88f31a7e4be4fb03761b58b380c6b37070297172a713b2d8a5ba9f14f8,a619932df9f2c4241330826cdd4b728164df7fa1672b2941e04fab621da8a78a,"[{""capabilityCode"":""HIP_THRUST"",""relationType"":""DIRECT"",""classificationConfidence"":""EXPLICIT""}]",[],UNMODELED,,,
246,training-semantic-classifier-v2,training-semantic-registry-v2,7f7c6e88f31a7e4be4fb03761b58b380c6b37070297172a713b2d8a5ba9f14f8,a619932df9f2c4241330826cdd4b728164df7fa1672b2941e04fab621da8a78a,[],"[{""functionCode"":""BARBELL_SUPPORT"",""relationType"":""DIRECT"",""classificationConfidence"":""EXPLICIT""}]",NO_CAPABILITY_APPLICABLE,,Training Function assignment does not imply complete exercise semantic coverage.,
247,training-semantic-classifier-v2,training-semantic-registry-v2,7f7c6e88f31a7e4be4fb03761b58b380c6b37070297172a713b2d8a5ba9f14f8,a619932df9f2c4241330826cdd4b728164df7fa1672b2941e04fab621da8a78a,[],"[{""functionCode"":""BARBELL_SUPPORT"",""relationType"":""DIRECT"",""classificationConfidence"":""EXPLICIT""},{""functionCode"":""CABLE_RESISTANCE"",""relationType"":""DIRECT"",""classificationConfidence"":""EXPLICIT""}]",NO_CAPABILITY_APPLICABLE,,Training Function assignment does not imply complete exercise semantic coverage.,
248,training-semantic-classifier-v2,training-semantic-registry-v2,7f7c6e88f31a7e4be4fb03761b58b380c6b37070297172a713b2d8a5ba9f14f8,a619932df9f2c4241330826cdd4b728164df7fa1672b2941e04fab621da8a78a,[],"[{""functionCode"":""BARBELL_SUPPORT"",""relationType"":""DIRECT"",""classificationConfidence"":""EXPLICIT""}]",NO_CAPABILITY_APPLICABLE,,Training Function assignment does not imply complete exercise semantic coverage.,
249,training-semantic-classifier-v2,training-semantic-registry-v2,7f7c6e88f31a7e4be4fb03761b58b380c6b37070297172a713b2d8a5ba9f14f8,a619932df9f2c4241330826cdd4b728164df7fa1672b2941e04fab621da8a78a,[],"[{""functionCode"":""BARBELL_SUPPORT"",""relationType"":""DIRECT"",""classificationConfidence"":""EXPLICIT""}]",NO_CAPABILITY_APPLICABLE,,Training Function assignment does not imply complete exercise semantic coverage.,
250,training-semantic-classifier-v2,training-semantic-registry-v2,7f7c6e88f31a7e4be4fb03761b58b380c6b37070297172a713b2d8a5ba9f14f8,a619932df9f2c4241330826cdd4b728164df7fa1672b2941e04fab621da8a78a,[],"[{""functionCode"":""BARBELL_SUPPORT"",""relationType"":""DIRECT"",""classificationConfidence"":""EXPLICIT""}]",NO_CAPABILITY_APPLICABLE,,Training Function assignment does not imply complete exercise semantic coverage.,
251,training-semantic-classifier-v2,training-semantic-registry-v2,7f7c6e88f31a7e4be4fb03761b58b380c6b37070297172a713b2d8a5ba9f14f8,a619932df9f2c4241330826cdd4b728164df7fa1672b2941e04fab621da8a78a,[],"[{""functionCode"":""BARBELL_SUPPORT"",""relationType"":""DIRECT"",""classificationConfidence"":""EXPLICIT""}]",UNMODELED,,Training Function assignment does not imply complete exercise semantic coverage.,
252,training-semantic-classifier-v2,training-semantic-registry-v2,7f7c6e88f31a7e4be4fb03761b58b380c6b37070297172a713b2d8a5ba9f14f8,a619932df9f2c4241330826cdd4b728164df7fa1672b2941e04fab621da8a78a,[],"[{""functionCode"":""BARBELL_SUPPORT"",""relationType"":""DIRECT"",""classificationConfidence"":""EXPLICIT""}]",UNMODELED,,Training Function assignment does not imply complete exercise semantic coverage.,
253,training-semantic-classifier-v2,training-semantic-registry-v2,7f7c6e88f31a7e4be4fb03761b58b380c6b37070297172a713b2d8a5ba9f14f8,a619932df9f2c4241330826cdd4b728164df7fa1672b2941e04fab621da8a78a,[],"[{""functionCode"":""BARBELL_SUPPORT"",""relationType"":""DIRECT"",""classificationConfidence"":""EXPLICIT""}]",UNMODELED,,Training Function assignment does not imply complete exercise semantic coverage.,
254,training-semantic-classifier-v2,training-semantic-registry-v2,7f7c6e88f31a7e4be4fb03761b58b380c6b37070297172a713b2d8a5ba9f14f8,a619932df9f2c4241330826cdd4b728164df7fa1672b2941e04fab621da8a78a,[],[],NO_CAPABILITY_APPLICABLE,,,
255,training-semantic-classifier-v2,training-semantic-registry-v2,7f7c6e88f31a7e4be4fb03761b58b380c6b37070297172a713b2d8a5ba9f14f8,a619932df9f2c4241330826cdd4b728164df7fa1672b2941e04fab621da8a78a,[],[],NO_CAPABILITY_APPLICABLE,,,
256,training-semantic-classifier-v2,training-semantic-registry-v2,7f7c6e88f31a7e4be4fb03761b58b380c6b37070297172a713b2d8a5ba9f14f8,a619932df9f2c4241330826cdd4b728164df7fa1672b2941e04fab621da8a78a,"[{""capabilityCode"":""BICEPS_CURL"",""relationType"":""DIRECT"",""classificationConfidence"":""EXPLICIT""}]",[],INSUFFICIENT_EVIDENCE,,,
257,training-semantic-classifier-v2,training-semantic-registry-v2,7f7c6e88f31a7e4be4fb03761b58b380c6b37070297172a713b2d8a5ba9f14f8,a619932df9f2c4241330826cdd4b728164df7fa1672b2941e04fab621da8a78a,[],[],INSUFFICIENT_EVIDENCE,,,
258,training-semantic-classifier-v2,training-semantic-registry-v2,7f7c6e88f31a7e4be4fb03761b58b380c6b37070297172a713b2d8a5ba9f14f8,a619932df9f2c4241330826cdd4b728164df7fa1672b2941e04fab621da8a78a,"[{""capabilityCode"":""TRICEPS_EXTENSION"",""relationType"":""DIRECT"",""classificationConfidence"":""EXPLICIT""}]",[],INSUFFICIENT_EVIDENCE,,,
259,training-semantic-classifier-v2,training-semantic-registry-v2,7f7c6e88f31a7e4be4fb03761b58b380c6b37070297172a713b2d8a5ba9f14f8,a619932df9f2c4241330826cdd4b728164df7fa1672b2941e04fab621da8a78a,"[{""capabilityCode"":""SHOULDER_PRESS"",""relationType"":""DIRECT"",""classificationConfidence"":""EXPLICIT""}]",[],UNMODELED,,,
260,training-semantic-classifier-v2,training-semantic-registry-v2,7f7c6e88f31a7e4be4fb03761b58b380c6b37070297172a713b2d8a5ba9f14f8,a619932df9f2c4241330826cdd4b728164df7fa1672b2941e04fab621da8a78a,"[{""capabilityCode"":""PULL_UP"",""relationType"":""DIRECT"",""classificationConfidence"":""EXPLICIT""}]",[],UNMODELED,,,
261,training-semantic-classifier-v2,training-semantic-registry-v2,7f7c6e88f31a7e4be4fb03761b58b380c6b37070297172a713b2d8a5ba9f14f8,a619932df9f2c4241330826cdd4b728164df7fa1672b2941e04fab621da8a78a,"[{""capabilityCode"":""ROW"",""relationType"":""DIRECT"",""classificationConfidence"":""EXPLICIT""}]",[],UNMODELED,,,
262,training-semantic-classifier-v2,training-semantic-registry-v2,7f7c6e88f31a7e4be4fb03761b58b380c6b37070297172a713b2d8a5ba9f14f8,a619932df9f2c4241330826cdd4b728164df7fa1672b2941e04fab621da8a78a,"[{""capabilityCode"":""LAT_PULLDOWN"",""relationType"":""DIRECT"",""classificationConfidence"":""EXPLICIT""}]","[{""functionCode"":""CABLE_RESISTANCE"",""relationType"":""DIRECT"",""classificationConfidence"":""EXPLICIT""}]",UNMODELED,,,
263,training-semantic-classifier-v2,training-semantic-registry-v2,7f7c6e88f31a7e4be4fb03761b58b380c6b37070297172a713b2d8a5ba9f14f8,a619932df9f2c4241330826cdd4b728164df7fa1672b2941e04fab621da8a78a,"[{""capabilityCode"":""LAT_PULLDOWN"",""relationType"":""DIRECT"",""classificationConfidence"":""EXPLICIT""},{""capabilityCode"":""ROW"",""relationType"":""DIRECT"",""classificationConfidence"":""EXPLICIT""}]","[{""functionCode"":""CABLE_RESISTANCE"",""relationType"":""DIRECT"",""classificationConfidence"":""EXPLICIT""}]",UNMODELED,,,
264,training-semantic-classifier-v2,training-semantic-registry-v2,7f7c6e88f31a7e4be4fb03761b58b380c6b37070297172a713b2d8a5ba9f14f8,a619932df9f2c4241330826cdd4b728164df7fa1672b2941e04fab621da8a78a,"[{""capabilityCode"":""ROW"",""relationType"":""DIRECT"",""classificationConfidence"":""EXPLICIT""}]",[],UNMODELED,,,
265,training-semantic-classifier-v2,training-semantic-registry-v2,7f7c6e88f31a7e4be4fb03761b58b380c6b37070297172a713b2d8a5ba9f14f8,a619932df9f2c4241330826cdd4b728164df7fa1672b2941e04fab621da8a78a,"[{""capabilityCode"":""ROW"",""relationType"":""DIRECT"",""classificationConfidence"":""EXPLICIT""}]",[],UNMODELED,,,
267,training-semantic-classifier-v2,training-semantic-registry-v2,7f7c6e88f31a7e4be4fb03761b58b380c6b37070297172a713b2d8a5ba9f14f8,a619932df9f2c4241330826cdd4b728164df7fa1672b2941e04fab621da8a78a,[],[],NO_CAPABILITY_APPLICABLE,,,
268,training-semantic-classifier-v2,training-semantic-registry-v2,7f7c6e88f31a7e4be4fb03761b58b380c6b37070297172a713b2d8a5ba9f14f8,a619932df9f2c4241330826cdd4b728164df7fa1672b2941e04fab621da8a78a,[],[],NO_CAPABILITY_APPLICABLE,,,
269,training-semantic-classifier-v2,training-semantic-registry-v2,7f7c6e88f31a7e4be4fb03761b58b380c6b37070297172a713b2d8a5ba9f14f8,a619932df9f2c4241330826cdd4b728164df7fa1672b2941e04fab621da8a78a,[],[],NO_CAPABILITY_APPLICABLE,,,
270,training-semantic-classifier-v2,training-semantic-registry-v2,7f7c6e88f31a7e4be4fb03761b58b380c6b37070297172a713b2d8a5ba9f14f8,a619932df9f2c4241330826cdd4b728164df7fa1672b2941e04fab621da8a78a,[],[],NO_CAPABILITY_APPLICABLE,,,
271,training-semantic-classifier-v2,training-semantic-registry-v2,7f7c6e88f31a7e4be4fb03761b58b380c6b37070297172a713b2d8a5ba9f14f8,a619932df9f2c4241330826cdd4b728164df7fa1672b2941e04fab621da8a78a,"[{""capabilityCode"":""CHEST_PRESS"",""relationType"":""DIRECT"",""classificationConfidence"":""EXPLICIT""}]",[],UNMODELED,,,
272,training-semantic-classifier-v2,training-semantic-registry-v2,7f7c6e88f31a7e4be4fb03761b58b380c6b37070297172a713b2d8a5ba9f14f8,a619932df9f2c4241330826cdd4b728164df7fa1672b2941e04fab621da8a78a,"[{""capabilityCode"":""PEC_DECK"",""relationType"":""DIRECT"",""classificationConfidence"":""EXPLICIT""}]",[],UNMODELED,,,
273,training-semantic-classifier-v2,training-semantic-registry-v2,7f7c6e88f31a7e4be4fb03761b58b380c6b37070297172a713b2d8a5ba9f14f8,a619932df9f2c4241330826cdd4b728164df7fa1672b2941e04fab621da8a78a,"[{""capabilityCode"":""PEC_DECK"",""relationType"":""DIRECT"",""classificationConfidence"":""EXPLICIT""},{""capabilityCode"":""REAR_DELT_FLY"",""relationType"":""DIRECT"",""classificationConfidence"":""EXPLICIT""}]",[],UNMODELED,,,
274,training-semantic-classifier-v2,training-semantic-registry-v2,7f7c6e88f31a7e4be4fb03761b58b380c6b37070297172a713b2d8a5ba9f14f8,a619932df9f2c4241330826cdd4b728164df7fa1672b2941e04fab621da8a78a,[],[],NO_CAPABILITY_APPLICABLE,,,
275,training-semantic-classifier-v2,training-semantic-registry-v2,7f7c6e88f31a7e4be4fb03761b58b380c6b37070297172a713b2d8a5ba9f14f8,a619932df9f2c4241330826cdd4b728164df7fa1672b2941e04fab621da8a78a,[],[],UNMODELED,,,
276,training-semantic-classifier-v2,training-semantic-registry-v2,7f7c6e88f31a7e4be4fb03761b58b380c6b37070297172a713b2d8a5ba9f14f8,a619932df9f2c4241330826cdd4b728164df7fa1672b2941e04fab621da8a78a,[],"[{""functionCode"":""BARBELL_SUPPORT"",""relationType"":""DIRECT"",""classificationConfidence"":""EXPLICIT""}]",UNMODELED,,Training Function assignment does not imply complete exercise semantic coverage.,
277,training-semantic-classifier-v2,training-semantic-registry-v2,7f7c6e88f31a7e4be4fb03761b58b380c6b37070297172a713b2d8a5ba9f14f8,a619932df9f2c4241330826cdd4b728164df7fa1672b2941e04fab621da8a78a,[],[],NO_CAPABILITY_APPLICABLE,,,
278,training-semantic-classifier-v2,training-semantic-registry-v2,7f7c6e88f31a7e4be4fb03761b58b380c6b37070297172a713b2d8a5ba9f14f8,a619932df9f2c4241330826cdd4b728164df7fa1672b2941e04fab621da8a78a,"[{""capabilityCode"":""LEG_PRESS"",""relationType"":""DIRECT"",""classificationConfidence"":""EXPLICIT""}]",[],UNMODELED,,,
279,training-semantic-classifier-v2,training-semantic-registry-v2,7f7c6e88f31a7e4be4fb03761b58b380c6b37070297172a713b2d8a5ba9f14f8,a619932df9f2c4241330826cdd4b728164df7fa1672b2941e04fab621da8a78a,"[{""capabilityCode"":""LEG_CURL"",""relationType"":""DIRECT"",""classificationConfidence"":""EXPLICIT""}]",[],UNMODELED,,,
280,training-semantic-classifier-v2,training-semantic-registry-v2,7f7c6e88f31a7e4be4fb03761b58b380c6b37070297172a713b2d8a5ba9f14f8,a619932df9f2c4241330826cdd4b728164df7fa1672b2941e04fab621da8a78a,"[{""capabilityCode"":""LEG_EXTENSION"",""relationType"":""DIRECT"",""classificationConfidence"":""EXPLICIT""}]",[],UNMODELED,,,
281,training-semantic-classifier-v2,training-semantic-registry-v2,7f7c6e88f31a7e4be4fb03761b58b380c6b37070297172a713b2d8a5ba9f14f8,a619932df9f2c4241330826cdd4b728164df7fa1672b2941e04fab621da8a78a,"[{""capabilityCode"":""LEG_CURL"",""relationType"":""DIRECT"",""classificationConfidence"":""EXPLICIT""}]",[],UNMODELED,,,
282,training-semantic-classifier-v2,training-semantic-registry-v2,7f7c6e88f31a7e4be4fb03761b58b380c6b37070297172a713b2d8a5ba9f14f8,a619932df9f2c4241330826cdd4b728164df7fa1672b2941e04fab621da8a78a,[],[],UNMODELED,,,GLUTE_KICKBACK:patada de gluteo
283,training-semantic-classifier-v2,training-semantic-registry-v2,7f7c6e88f31a7e4be4fb03761b58b380c6b37070297172a713b2d8a5ba9f14f8,a619932df9f2c4241330826cdd4b728164df7fa1672b2941e04fab621da8a78a,[],[],UNMODELED,,,
284,training-semantic-classifier-v2,training-semantic-registry-v2,7f7c6e88f31a7e4be4fb03761b58b380c6b37070297172a713b2d8a5ba9f14f8,a619932df9f2c4241330826cdd4b728164df7fa1672b2941e04fab621da8a78a,[],[],UNMODELED,,,
285,training-semantic-classifier-v2,training-semantic-registry-v2,7f7c6e88f31a7e4be4fb03761b58b380c6b37070297172a713b2d8a5ba9f14f8,a619932df9f2c4241330826cdd4b728164df7fa1672b2941e04fab621da8a78a,[],[],NO_CAPABILITY_APPLICABLE,,,
287,training-semantic-classifier-v2,training-semantic-registry-v2,7f7c6e88f31a7e4be4fb03761b58b380c6b37070297172a713b2d8a5ba9f14f8,a619932df9f2c4241330826cdd4b728164df7fa1672b2941e04fab621da8a78a,[],"[{""functionCode"":""GUIDED_BARBELL_SUPPORT"",""relationType"":""DIRECT"",""classificationConfidence"":""EXPLICIT""}]",UNMODELED,,Training Function assignment does not imply complete exercise semantic coverage.,
288,training-semantic-classifier-v2,training-semantic-registry-v2,7f7c6e88f31a7e4be4fb03761b58b380c6b37070297172a713b2d8a5ba9f14f8,a619932df9f2c4241330826cdd4b728164df7fa1672b2941e04fab621da8a78a,[],"[{""functionCode"":""CABLE_RESISTANCE"",""relationType"":""DIRECT"",""classificationConfidence"":""EXPLICIT""}]",INSUFFICIENT_EVIDENCE,,Training Function assignment does not imply complete exercise semantic coverage.,
289,training-semantic-classifier-v2,training-semantic-registry-v2,7f7c6e88f31a7e4be4fb03761b58b380c6b37070297172a713b2d8a5ba9f14f8,a619932df9f2c4241330826cdd4b728164df7fa1672b2941e04fab621da8a78a,[],"[{""functionCode"":""CABLE_RESISTANCE"",""relationType"":""DIRECT"",""classificationConfidence"":""EXPLICIT""}]",INSUFFICIENT_EVIDENCE,,Training Function assignment does not imply complete exercise semantic coverage.,
290,training-semantic-classifier-v2,training-semantic-registry-v2,7f7c6e88f31a7e4be4fb03761b58b380c6b37070297172a713b2d8a5ba9f14f8,a619932df9f2c4241330826cdd4b728164df7fa1672b2941e04fab621da8a78a,[],[],NO_CAPABILITY_APPLICABLE,,,
291,training-semantic-classifier-v2,training-semantic-registry-v2,7f7c6e88f31a7e4be4fb03761b58b380c6b37070297172a713b2d8a5ba9f14f8,a619932df9f2c4241330826cdd4b728164df7fa1672b2941e04fab621da8a78a,[],[],NO_CAPABILITY_APPLICABLE,,,
297,training-semantic-classifier-v2,training-semantic-registry-v2,7f7c6e88f31a7e4be4fb03761b58b380c6b37070297172a713b2d8a5ba9f14f8,a619932df9f2c4241330826cdd4b728164df7fa1672b2941e04fab621da8a78a,[],[],NO_CAPABILITY_APPLICABLE,,,
298,training-semantic-classifier-v2,training-semantic-registry-v2,7f7c6e88f31a7e4be4fb03761b58b380c6b37070297172a713b2d8a5ba9f14f8,a619932df9f2c4241330826cdd4b728164df7fa1672b2941e04fab621da8a78a,"[{""capabilityCode"":""ROW"",""relationType"":""DIRECT"",""classificationConfidence"":""EXPLICIT""}]",[],UNMODELED,,,
299,training-semantic-classifier-v2,training-semantic-registry-v2,7f7c6e88f31a7e4be4fb03761b58b380c6b37070297172a713b2d8a5ba9f14f8,a619932df9f2c4241330826cdd4b728164df7fa1672b2941e04fab621da8a78a,[],[],NO_CAPABILITY_APPLICABLE,,,
300,training-semantic-classifier-v2,training-semantic-registry-v2,7f7c6e88f31a7e4be4fb03761b58b380c6b37070297172a713b2d8a5ba9f14f8,a619932df9f2c4241330826cdd4b728164df7fa1672b2941e04fab621da8a78a,"[{""capabilityCode"":""DIP"",""relationType"":""DIRECT"",""classificationConfidence"":""EXPLICIT""},{""capabilityCode"":""PULL_UP"",""relationType"":""DIRECT"",""classificationConfidence"":""HIGH""}]","[{""functionCode"":""BODYWEIGHT_SUPPORT"",""relationType"":""DIRECT"",""classificationConfidence"":""HIGH""}]",UNMODELED,,,
301,training-semantic-classifier-v2,training-semantic-registry-v2,7f7c6e88f31a7e4be4fb03761b58b380c6b37070297172a713b2d8a5ba9f14f8,a619932df9f2c4241330826cdd4b728164df7fa1672b2941e04fab621da8a78a,"[{""capabilityCode"":""DIP"",""relationType"":""DIRECT"",""classificationConfidence"":""EXPLICIT""},{""capabilityCode"":""PULL_UP"",""relationType"":""DIRECT"",""classificationConfidence"":""HIGH""}]","[{""functionCode"":""BODYWEIGHT_SUPPORT"",""relationType"":""DIRECT"",""classificationConfidence"":""HIGH""}]",UNMODELED,,,
302,training-semantic-classifier-v2,training-semantic-registry-v2,7f7c6e88f31a7e4be4fb03761b58b380c6b37070297172a713b2d8a5ba9f14f8,a619932df9f2c4241330826cdd4b728164df7fa1672b2941e04fab621da8a78a,"[{""capabilityCode"":""DIP"",""relationType"":""DIRECT"",""classificationConfidence"":""EXPLICIT""},{""capabilityCode"":""PULL_UP"",""relationType"":""DIRECT"",""classificationConfidence"":""HIGH""}]","[{""functionCode"":""BODYWEIGHT_SUPPORT"",""relationType"":""DIRECT"",""classificationConfidence"":""HIGH""}]",UNMODELED,,,
303,training-semantic-classifier-v2,training-semantic-registry-v2,7f7c6e88f31a7e4be4fb03761b58b380c6b37070297172a713b2d8a5ba9f14f8,a619932df9f2c4241330826cdd4b728164df7fa1672b2941e04fab621da8a78a,[],[],UNMODELED,,,
304,training-semantic-classifier-v2,training-semantic-registry-v2,7f7c6e88f31a7e4be4fb03761b58b380c6b37070297172a713b2d8a5ba9f14f8,a619932df9f2c4241330826cdd4b728164df7fa1672b2941e04fab621da8a78a,[],[],NO_CAPABILITY_APPLICABLE,,,
305,training-semantic-classifier-v2,training-semantic-registry-v2,7f7c6e88f31a7e4be4fb03761b58b380c6b37070297172a713b2d8a5ba9f14f8,a619932df9f2c4241330826cdd4b728164df7fa1672b2941e04fab621da8a78a,[],[],UNMODELED,,,
306,training-semantic-classifier-v2,training-semantic-registry-v2,7f7c6e88f31a7e4be4fb03761b58b380c6b37070297172a713b2d8a5ba9f14f8,a619932df9f2c4241330826cdd4b728164df7fa1672b2941e04fab621da8a78a,[],[],UNMODELED,,,
307,training-semantic-classifier-v2,training-semantic-registry-v2,7f7c6e88f31a7e4be4fb03761b58b380c6b37070297172a713b2d8a5ba9f14f8,a619932df9f2c4241330826cdd4b728164df7fa1672b2941e04fab621da8a78a,[],[],NO_CAPABILITY_APPLICABLE,,,
308,training-semantic-classifier-v2,training-semantic-registry-v2,7f7c6e88f31a7e4be4fb03761b58b380c6b37070297172a713b2d8a5ba9f14f8,a619932df9f2c4241330826cdd4b728164df7fa1672b2941e04fab621da8a78a,[],[],NO_CAPABILITY_APPLICABLE,,,
309,training-semantic-classifier-v2,training-semantic-registry-v2,7f7c6e88f31a7e4be4fb03761b58b380c6b37070297172a713b2d8a5ba9f14f8,a619932df9f2c4241330826cdd4b728164df7fa1672b2941e04fab621da8a78a,[],[],UNMODELED,,,
310,training-semantic-classifier-v2,training-semantic-registry-v2,7f7c6e88f31a7e4be4fb03761b58b380c6b37070297172a713b2d8a5ba9f14f8,a619932df9f2c4241330826cdd4b728164df7fa1672b2941e04fab621da8a78a,[],[],UNMODELED,,,
311,training-semantic-classifier-v2,training-semantic-registry-v2,7f7c6e88f31a7e4be4fb03761b58b380c6b37070297172a713b2d8a5ba9f14f8,a619932df9f2c4241330826cdd4b728164df7fa1672b2941e04fab621da8a78a,[],[],NO_CAPABILITY_APPLICABLE,,,
312,training-semantic-classifier-v2,training-semantic-registry-v2,7f7c6e88f31a7e4be4fb03761b58b380c6b37070297172a713b2d8a5ba9f14f8,a619932df9f2c4241330826cdd4b728164df7fa1672b2941e04fab621da8a78a,[],[],UNMODELED,,,
318,training-semantic-classifier-v2,training-semantic-registry-v2,7f7c6e88f31a7e4be4fb03761b58b380c6b37070297172a713b2d8a5ba9f14f8,a619932df9f2c4241330826cdd4b728164df7fa1672b2941e04fab621da8a78a,[],[],UNMODELED,,,
319,training-semantic-classifier-v2,training-semantic-registry-v2,7f7c6e88f31a7e4be4fb03761b58b380c6b37070297172a713b2d8a5ba9f14f8,a619932df9f2c4241330826cdd4b728164df7fa1672b2941e04fab621da8a78a,[],[],NO_CAPABILITY_APPLICABLE,,,
320,training-semantic-classifier-v2,training-semantic-registry-v2,7f7c6e88f31a7e4be4fb03761b58b380c6b37070297172a713b2d8a5ba9f14f8,a619932df9f2c4241330826cdd4b728164df7fa1672b2941e04fab621da8a78a,[],[],UNMODELED,,,
321,training-semantic-classifier-v2,training-semantic-registry-v2,7f7c6e88f31a7e4be4fb03761b58b380c6b37070297172a713b2d8a5ba9f14f8,a619932df9f2c4241330826cdd4b728164df7fa1672b2941e04fab621da8a78a,"[{""capabilityCode"":""DIP"",""relationType"":""DIRECT"",""classificationConfidence"":""EXPLICIT""}]",[],UNMODELED,,,
322,training-semantic-classifier-v2,training-semantic-registry-v2,7f7c6e88f31a7e4be4fb03761b58b380c6b37070297172a713b2d8a5ba9f14f8,a619932df9f2c4241330826cdd4b728164df7fa1672b2941e04fab621da8a78a,[],[],UNMODELED,,,
323,training-semantic-classifier-v2,training-semantic-registry-v2,7f7c6e88f31a7e4be4fb03761b58b380c6b37070297172a713b2d8a5ba9f14f8,a619932df9f2c4241330826cdd4b728164df7fa1672b2941e04fab621da8a78a,[],[],UNMODELED,,,
324,training-semantic-classifier-v2,training-semantic-registry-v2,7f7c6e88f31a7e4be4fb03761b58b380c6b37070297172a713b2d8a5ba9f14f8,a619932df9f2c4241330826cdd4b728164df7fa1672b2941e04fab621da8a78a,[],[],UNMODELED,,,
325,training-semantic-classifier-v2,training-semantic-registry-v2,7f7c6e88f31a7e4be4fb03761b58b380c6b37070297172a713b2d8a5ba9f14f8,a619932df9f2c4241330826cdd4b728164df7fa1672b2941e04fab621da8a78a,[],[],UNMODELED,,,
326,training-semantic-classifier-v2,training-semantic-registry-v2,7f7c6e88f31a7e4be4fb03761b58b380c6b37070297172a713b2d8a5ba9f14f8,a619932df9f2c4241330826cdd4b728164df7fa1672b2941e04fab621da8a78a,[],[],UNMODELED,,,
327,training-semantic-classifier-v2,training-semantic-registry-v2,7f7c6e88f31a7e4be4fb03761b58b380c6b37070297172a713b2d8a5ba9f14f8,a619932df9f2c4241330826cdd4b728164df7fa1672b2941e04fab621da8a78a,[],[],UNMODELED,,,
328,training-semantic-classifier-v2,training-semantic-registry-v2,7f7c6e88f31a7e4be4fb03761b58b380c6b37070297172a713b2d8a5ba9f14f8,a619932df9f2c4241330826cdd4b728164df7fa1672b2941e04fab621da8a78a,[],[],UNMODELED,,,
329,training-semantic-classifier-v2,training-semantic-registry-v2,7f7c6e88f31a7e4be4fb03761b58b380c6b37070297172a713b2d8a5ba9f14f8,a619932df9f2c4241330826cdd4b728164df7fa1672b2941e04fab621da8a78a,[],[],UNMODELED,,,
330,training-semantic-classifier-v2,training-semantic-registry-v2,7f7c6e88f31a7e4be4fb03761b58b380c6b37070297172a713b2d8a5ba9f14f8,a619932df9f2c4241330826cdd4b728164df7fa1672b2941e04fab621da8a78a,[],[],UNMODELED,,,
332,training-semantic-classifier-v2,training-semantic-registry-v2,7f7c6e88f31a7e4be4fb03761b58b380c6b37070297172a713b2d8a5ba9f14f8,a619932df9f2c4241330826cdd4b728164df7fa1672b2941e04fab621da8a78a,[],[],UNMODELED,,,
334,training-semantic-classifier-v2,training-semantic-registry-v2,7f7c6e88f31a7e4be4fb03761b58b380c6b37070297172a713b2d8a5ba9f14f8,a619932df9f2c4241330826cdd4b728164df7fa1672b2941e04fab621da8a78a,[],[],UNMODELED,,,
335,training-semantic-classifier-v2,training-semantic-registry-v2,7f7c6e88f31a7e4be4fb03761b58b380c6b37070297172a713b2d8a5ba9f14f8,a619932df9f2c4241330826cdd4b728164df7fa1672b2941e04fab621da8a78a,[],[],NO_CAPABILITY_APPLICABLE,,,
338,training-semantic-classifier-v2,training-semantic-registry-v2,7f7c6e88f31a7e4be4fb03761b58b380c6b37070297172a713b2d8a5ba9f14f8,a619932df9f2c4241330826cdd4b728164df7fa1672b2941e04fab621da8a78a,[],[],UNMODELED,,,
339,training-semantic-classifier-v2,training-semantic-registry-v2,7f7c6e88f31a7e4be4fb03761b58b380c6b37070297172a713b2d8a5ba9f14f8,a619932df9f2c4241330826cdd4b728164df7fa1672b2941e04fab621da8a78a,[],[],UNMODELED,,,
340,training-semantic-classifier-v2,training-semantic-registry-v2,7f7c6e88f31a7e4be4fb03761b58b380c6b37070297172a713b2d8a5ba9f14f8,a619932df9f2c4241330826cdd4b728164df7fa1672b2941e04fab621da8a78a,[],[],UNMODELED,,,
341,training-semantic-classifier-v2,training-semantic-registry-v2,7f7c6e88f31a7e4be4fb03761b58b380c6b37070297172a713b2d8a5ba9f14f8,a619932df9f2c4241330826cdd4b728164df7fa1672b2941e04fab621da8a78a,[],"[{""functionCode"":""BARBELL_SUPPORT"",""relationType"":""DIRECT"",""classificationConfidence"":""EXPLICIT""}]",UNMODELED,,Training Function assignment does not imply complete exercise semantic coverage.,
342,training-semantic-classifier-v2,training-semantic-registry-v2,7f7c6e88f31a7e4be4fb03761b58b380c6b37070297172a713b2d8a5ba9f14f8,a619932df9f2c4241330826cdd4b728164df7fa1672b2941e04fab621da8a78a,[],"[{""functionCode"":""BARBELL_SUPPORT"",""relationType"":""DIRECT"",""classificationConfidence"":""EXPLICIT""}]",UNMODELED,,Training Function assignment does not imply complete exercise semantic coverage.,
343,training-semantic-classifier-v2,training-semantic-registry-v2,7f7c6e88f31a7e4be4fb03761b58b380c6b37070297172a713b2d8a5ba9f14f8,a619932df9f2c4241330826cdd4b728164df7fa1672b2941e04fab621da8a78a,"[{""capabilityCode"":""PULL_UP"",""relationType"":""SUPPORTED"",""classificationConfidence"":""HIGH""}]","[{""functionCode"":""GUIDED_BARBELL_SUPPORT"",""relationType"":""DIRECT"",""classificationConfidence"":""EXPLICIT""}]",UNMODELED,,SUPPORTED assignment requires explicit module/configuration evidence.,
344,training-semantic-classifier-v2,training-semantic-registry-v2,7f7c6e88f31a7e4be4fb03761b58b380c6b37070297172a713b2d8a5ba9f14f8,a619932df9f2c4241330826cdd4b728164df7fa1672b2941e04fab621da8a78a,[],[],INSUFFICIENT_EVIDENCE,,,
345,training-semantic-classifier-v2,training-semantic-registry-v2,7f7c6e88f31a7e4be4fb03761b58b380c6b37070297172a713b2d8a5ba9f14f8,a619932df9f2c4241330826cdd4b728164df7fa1672b2941e04fab621da8a78a,[],"[{""functionCode"":""CABLE_RESISTANCE"",""relationType"":""DIRECT"",""classificationConfidence"":""EXPLICIT""}]",INSUFFICIENT_EVIDENCE,,Training Function assignment does not imply complete exercise semantic coverage.,
346,training-semantic-classifier-v2,training-semantic-registry-v2,7f7c6e88f31a7e4be4fb03761b58b380c6b37070297172a713b2d8a5ba9f14f8,a619932df9f2c4241330826cdd4b728164df7fa1672b2941e04fab621da8a78a,[],"[{""functionCode"":""BARBELL_SUPPORT"",""relationType"":""DIRECT"",""classificationConfidence"":""EXPLICIT""}]",UNMODELED,,Training Function assignment does not imply complete exercise semantic coverage.,
347,training-semantic-classifier-v2,training-semantic-registry-v2,7f7c6e88f31a7e4be4fb03761b58b380c6b37070297172a713b2d8a5ba9f14f8,a619932df9f2c4241330826cdd4b728164df7fa1672b2941e04fab621da8a78a,[],[],UNMODELED,,,
348,training-semantic-classifier-v2,training-semantic-registry-v2,7f7c6e88f31a7e4be4fb03761b58b380c6b37070297172a713b2d8a5ba9f14f8,a619932df9f2c4241330826cdd4b728164df7fa1672b2941e04fab621da8a78a,[],[],UNMODELED,,,
349,training-semantic-classifier-v2,training-semantic-registry-v2,7f7c6e88f31a7e4be4fb03761b58b380c6b37070297172a713b2d8a5ba9f14f8,a619932df9f2c4241330826cdd4b728164df7fa1672b2941e04fab621da8a78a,[],[],NO_CAPABILITY_APPLICABLE,,,
350,training-semantic-classifier-v2,training-semantic-registry-v2,7f7c6e88f31a7e4be4fb03761b58b380c6b37070297172a713b2d8a5ba9f14f8,a619932df9f2c4241330826cdd4b728164df7fa1672b2941e04fab621da8a78a,[],[],INSUFFICIENT_EVIDENCE,,,
351,training-semantic-classifier-v2,training-semantic-registry-v2,7f7c6e88f31a7e4be4fb03761b58b380c6b37070297172a713b2d8a5ba9f14f8,a619932df9f2c4241330826cdd4b728164df7fa1672b2941e04fab621da8a78a,[],[],UNMODELED,,,
352,training-semantic-classifier-v2,training-semantic-registry-v2,7f7c6e88f31a7e4be4fb03761b58b380c6b37070297172a713b2d8a5ba9f14f8,a619932df9f2c4241330826cdd4b728164df7fa1672b2941e04fab621da8a78a,"[{""capabilityCode"":""LAT_PULLDOWN"",""relationType"":""DIRECT"",""classificationConfidence"":""EXPLICIT""},{""capabilityCode"":""ROW"",""relationType"":""DIRECT"",""classificationConfidence"":""EXPLICIT""}]","[{""functionCode"":""CABLE_RESISTANCE"",""relationType"":""DIRECT"",""classificationConfidence"":""EXPLICIT""}]",UNMODELED,,,
353,training-semantic-classifier-v2,training-semantic-registry-v2,7f7c6e88f31a7e4be4fb03761b58b380c6b37070297172a713b2d8a5ba9f14f8,a619932df9f2c4241330826cdd4b728164df7fa1672b2941e04fab621da8a78a,[],[],UNMODELED,,,
354,training-semantic-classifier-v2,training-semantic-registry-v2,7f7c6e88f31a7e4be4fb03761b58b380c6b37070297172a713b2d8a5ba9f14f8,a619932df9f2c4241330826cdd4b728164df7fa1672b2941e04fab621da8a78a,[],[],UNMODELED,,,
355,training-semantic-classifier-v2,training-semantic-registry-v2,7f7c6e88f31a7e4be4fb03761b58b380c6b37070297172a713b2d8a5ba9f14f8,a619932df9f2c4241330826cdd4b728164df7fa1672b2941e04fab621da8a78a,[],"[{""functionCode"":""CABLE_RESISTANCE"",""relationType"":""DIRECT"",""classificationConfidence"":""EXPLICIT""}]",INSUFFICIENT_EVIDENCE,,Training Function assignment does not imply complete exercise semantic coverage.,
358,training-semantic-classifier-v2,training-semantic-registry-v2,7f7c6e88f31a7e4be4fb03761b58b380c6b37070297172a713b2d8a5ba9f14f8,a619932df9f2c4241330826cdd4b728164df7fa1672b2941e04fab621da8a78a,[],[],UNMODELED,,,
360,training-semantic-classifier-v2,training-semantic-registry-v2,7f7c6e88f31a7e4be4fb03761b58b380c6b37070297172a713b2d8a5ba9f14f8,a619932df9f2c4241330826cdd4b728164df7fa1672b2941e04fab621da8a78a,[],[],UNMODELED,,,
361,training-semantic-classifier-v2,training-semantic-registry-v2,7f7c6e88f31a7e4be4fb03761b58b380c6b37070297172a713b2d8a5ba9f14f8,a619932df9f2c4241330826cdd4b728164df7fa1672b2941e04fab621da8a78a,[],[],UNMODELED,,,
363,training-semantic-classifier-v2,training-semantic-registry-v2,7f7c6e88f31a7e4be4fb03761b58b380c6b37070297172a713b2d8a5ba9f14f8,a619932df9f2c4241330826cdd4b728164df7fa1672b2941e04fab621da8a78a,[],[],UNMODELED,,,
364,training-semantic-classifier-v2,training-semantic-registry-v2,7f7c6e88f31a7e4be4fb03761b58b380c6b37070297172a713b2d8a5ba9f14f8,a619932df9f2c4241330826cdd4b728164df7fa1672b2941e04fab621da8a78a,[],[],UNMODELED,,,
365,training-semantic-classifier-v2,training-semantic-registry-v2,7f7c6e88f31a7e4be4fb03761b58b380c6b37070297172a713b2d8a5ba9f14f8,a619932df9f2c4241330826cdd4b728164df7fa1672b2941e04fab621da8a78a,[],[],UNMODELED,,,
366,training-semantic-classifier-v2,training-semantic-registry-v2,7f7c6e88f31a7e4be4fb03761b58b380c6b37070297172a713b2d8a5ba9f14f8,a619932df9f2c4241330826cdd4b728164df7fa1672b2941e04fab621da8a78a,[],[],NO_CAPABILITY_APPLICABLE,,,
367,training-semantic-classifier-v2,training-semantic-registry-v2,7f7c6e88f31a7e4be4fb03761b58b380c6b37070297172a713b2d8a5ba9f14f8,a619932df9f2c4241330826cdd4b728164df7fa1672b2941e04fab621da8a78a,[],[],UNMODELED,,,
368,training-semantic-classifier-v2,training-semantic-registry-v2,7f7c6e88f31a7e4be4fb03761b58b380c6b37070297172a713b2d8a5ba9f14f8,a619932df9f2c4241330826cdd4b728164df7fa1672b2941e04fab621da8a78a,[],[],UNMODELED,,,
370,training-semantic-classifier-v2,training-semantic-registry-v2,7f7c6e88f31a7e4be4fb03761b58b380c6b37070297172a713b2d8a5ba9f14f8,a619932df9f2c4241330826cdd4b728164df7fa1672b2941e04fab621da8a78a,[],[],NO_CAPABILITY_APPLICABLE,,,
371,training-semantic-classifier-v2,training-semantic-registry-v2,7f7c6e88f31a7e4be4fb03761b58b380c6b37070297172a713b2d8a5ba9f14f8,a619932df9f2c4241330826cdd4b728164df7fa1672b2941e04fab621da8a78a,[],[],UNMODELED,,,
373,training-semantic-classifier-v2,training-semantic-registry-v2,7f7c6e88f31a7e4be4fb03761b58b380c6b37070297172a713b2d8a5ba9f14f8,a619932df9f2c4241330826cdd4b728164df7fa1672b2941e04fab621da8a78a,[],[],NO_CAPABILITY_APPLICABLE,,,
374,training-semantic-classifier-v2,training-semantic-registry-v2,7f7c6e88f31a7e4be4fb03761b58b380c6b37070297172a713b2d8a5ba9f14f8,a619932df9f2c4241330826cdd4b728164df7fa1672b2941e04fab621da8a78a,[],[],NO_CAPABILITY_APPLICABLE,,,
375,training-semantic-classifier-v2,training-semantic-registry-v2,7f7c6e88f31a7e4be4fb03761b58b380c6b37070297172a713b2d8a5ba9f14f8,a619932df9f2c4241330826cdd4b728164df7fa1672b2941e04fab621da8a78a,[],[],UNMODELED,,,
378,training-semantic-classifier-v2,training-semantic-registry-v2,7f7c6e88f31a7e4be4fb03761b58b380c6b37070297172a713b2d8a5ba9f14f8,a619932df9f2c4241330826cdd4b728164df7fa1672b2941e04fab621da8a78a,[],[],NO_CAPABILITY_APPLICABLE,,,
379,training-semantic-classifier-v2,training-semantic-registry-v2,7f7c6e88f31a7e4be4fb03761b58b380c6b37070297172a713b2d8a5ba9f14f8,a619932df9f2c4241330826cdd4b728164df7fa1672b2941e04fab621da8a78a,[],[],UNMODELED,,,
380,training-semantic-classifier-v2,training-semantic-registry-v2,7f7c6e88f31a7e4be4fb03761b58b380c6b37070297172a713b2d8a5ba9f14f8,a619932df9f2c4241330826cdd4b728164df7fa1672b2941e04fab621da8a78a,[],[],UNMODELED,,,
381,training-semantic-classifier-v2,training-semantic-registry-v2,7f7c6e88f31a7e4be4fb03761b58b380c6b37070297172a713b2d8a5ba9f14f8,a619932df9f2c4241330826cdd4b728164df7fa1672b2941e04fab621da8a78a,[],[],NO_CAPABILITY_APPLICABLE,,,
382,training-semantic-classifier-v2,training-semantic-registry-v2,7f7c6e88f31a7e4be4fb03761b58b380c6b37070297172a713b2d8a5ba9f14f8,a619932df9f2c4241330826cdd4b728164df7fa1672b2941e04fab621da8a78a,[],"[{""functionCode"":""BARBELL_SUPPORT"",""relationType"":""DIRECT"",""classificationConfidence"":""EXPLICIT""}]",NO_CAPABILITY_APPLICABLE,,Training Function assignment does not imply complete exercise semantic coverage.,
383,training-semantic-classifier-v2,training-semantic-registry-v2,7f7c6e88f31a7e4be4fb03761b58b380c6b37070297172a713b2d8a5ba9f14f8,a619932df9f2c4241330826cdd4b728164df7fa1672b2941e04fab621da8a78a,[],[],UNMODELED,,,
385,training-semantic-classifier-v2,training-semantic-registry-v2,7f7c6e88f31a7e4be4fb03761b58b380c6b37070297172a713b2d8a5ba9f14f8,a619932df9f2c4241330826cdd4b728164df7fa1672b2941e04fab621da8a78a,[],"[{""functionCode"":""GUIDED_BARBELL_SUPPORT"",""relationType"":""DIRECT"",""classificationConfidence"":""EXPLICIT""}]",NO_CAPABILITY_APPLICABLE,,Training Function assignment does not imply complete exercise semantic coverage.,
386,training-semantic-classifier-v2,training-semantic-registry-v2,7f7c6e88f31a7e4be4fb03761b58b380c6b37070297172a713b2d8a5ba9f14f8,a619932df9f2c4241330826cdd4b728164df7fa1672b2941e04fab621da8a78a,[],[],UNMODELED,,,SQUAT:squat
387,training-semantic-classifier-v2,training-semantic-registry-v2,7f7c6e88f31a7e4be4fb03761b58b380c6b37070297172a713b2d8a5ba9f14f8,a619932df9f2c4241330826cdd4b728164df7fa1672b2941e04fab621da8a78a,[],[],UNMODELED,,,
388,training-semantic-classifier-v2,training-semantic-registry-v2,7f7c6e88f31a7e4be4fb03761b58b380c6b37070297172a713b2d8a5ba9f14f8,a619932df9f2c4241330826cdd4b728164df7fa1672b2941e04fab621da8a78a,"[{""capabilityCode"":""DIP"",""relationType"":""DIRECT"",""classificationConfidence"":""HIGH""},{""capabilityCode"":""PULL_UP"",""relationType"":""DIRECT"",""classificationConfidence"":""EXPLICIT""}]","[{""functionCode"":""BODYWEIGHT_SUPPORT"",""relationType"":""DIRECT"",""classificationConfidence"":""HIGH""}]",UNMODELED,,,
389,training-semantic-classifier-v2,training-semantic-registry-v2,7f7c6e88f31a7e4be4fb03761b58b380c6b37070297172a713b2d8a5ba9f14f8,a619932df9f2c4241330826cdd4b728164df7fa1672b2941e04fab621da8a78a,[],"[{""functionCode"":""BARBELL_SUPPORT"",""relationType"":""DIRECT"",""classificationConfidence"":""EXPLICIT""}]",NO_CAPABILITY_APPLICABLE,,Training Function assignment does not imply complete exercise semantic coverage.,
390,training-semantic-classifier-v2,training-semantic-registry-v2,7f7c6e88f31a7e4be4fb03761b58b380c6b37070297172a713b2d8a5ba9f14f8,a619932df9f2c4241330826cdd4b728164df7fa1672b2941e04fab621da8a78a,[],"[{""functionCode"":""BARBELL_SUPPORT"",""relationType"":""DIRECT"",""classificationConfidence"":""EXPLICIT""}]",UNMODELED,,Training Function assignment does not imply complete exercise semantic coverage.,
391,training-semantic-classifier-v2,training-semantic-registry-v2,7f7c6e88f31a7e4be4fb03761b58b380c6b37070297172a713b2d8a5ba9f14f8,a619932df9f2c4241330826cdd4b728164df7fa1672b2941e04fab621da8a78a,[],"[{""functionCode"":""BARBELL_SUPPORT"",""relationType"":""DIRECT"",""classificationConfidence"":""EXPLICIT""}]",UNMODELED,,Training Function assignment does not imply complete exercise semantic coverage.,
392,training-semantic-classifier-v2,training-semantic-registry-v2,7f7c6e88f31a7e4be4fb03761b58b380c6b37070297172a713b2d8a5ba9f14f8,a619932df9f2c4241330826cdd4b728164df7fa1672b2941e04fab621da8a78a,[],"[{""functionCode"":""BARBELL_SUPPORT"",""relationType"":""DIRECT"",""classificationConfidence"":""EXPLICIT""}]",UNMODELED,,Training Function assignment does not imply complete exercise semantic coverage.,SQUAT:squat
393,training-semantic-classifier-v2,training-semantic-registry-v2,7f7c6e88f31a7e4be4fb03761b58b380c6b37070297172a713b2d8a5ba9f14f8,a619932df9f2c4241330826cdd4b728164df7fa1672b2941e04fab621da8a78a,[],"[{""functionCode"":""BARBELL_SUPPORT"",""relationType"":""DIRECT"",""classificationConfidence"":""EXPLICIT""}]",UNMODELED,,Training Function assignment does not imply complete exercise semantic coverage.,
394,training-semantic-classifier-v2,training-semantic-registry-v2,7f7c6e88f31a7e4be4fb03761b58b380c6b37070297172a713b2d8a5ba9f14f8,a619932df9f2c4241330826cdd4b728164df7fa1672b2941e04fab621da8a78a,[],"[{""functionCode"":""BARBELL_SUPPORT"",""relationType"":""DIRECT"",""classificationConfidence"":""EXPLICIT""}]",NO_CAPABILITY_APPLICABLE,,Training Function assignment does not imply complete exercise semantic coverage.,
395,training-semantic-classifier-v2,training-semantic-registry-v2,7f7c6e88f31a7e4be4fb03761b58b380c6b37070297172a713b2d8a5ba9f14f8,a619932df9f2c4241330826cdd4b728164df7fa1672b2941e04fab621da8a78a,[],"[{""functionCode"":""BARBELL_SUPPORT"",""relationType"":""DIRECT"",""classificationConfidence"":""EXPLICIT""}]",NO_CAPABILITY_APPLICABLE,,Training Function assignment does not imply complete exercise semantic coverage.,
396,training-semantic-classifier-v2,training-semantic-registry-v2,7f7c6e88f31a7e4be4fb03761b58b380c6b37070297172a713b2d8a5ba9f14f8,a619932df9f2c4241330826cdd4b728164df7fa1672b2941e04fab621da8a78a,[],"[{""functionCode"":""BARBELL_SUPPORT"",""relationType"":""DIRECT"",""classificationConfidence"":""EXPLICIT""}]",NO_CAPABILITY_APPLICABLE,,Training Function assignment does not imply complete exercise semantic coverage.,
397,training-semantic-classifier-v2,training-semantic-registry-v2,7f7c6e88f31a7e4be4fb03761b58b380c6b37070297172a713b2d8a5ba9f14f8,a619932df9f2c4241330826cdd4b728164df7fa1672b2941e04fab621da8a78a,[],[],UNMODELED,,,
408,training-semantic-classifier-v2,training-semantic-registry-v2,7f7c6e88f31a7e4be4fb03761b58b380c6b37070297172a713b2d8a5ba9f14f8,a619932df9f2c4241330826cdd4b728164df7fa1672b2941e04fab621da8a78a,[],[],NO_CAPABILITY_APPLICABLE,,,
414,training-semantic-classifier-v2,training-semantic-registry-v2,7f7c6e88f31a7e4be4fb03761b58b380c6b37070297172a713b2d8a5ba9f14f8,a619932df9f2c4241330826cdd4b728164df7fa1672b2941e04fab621da8a78a,[],"[{""functionCode"":""BARBELL_SUPPORT"",""relationType"":""DIRECT"",""classificationConfidence"":""EXPLICIT""}]",NO_CAPABILITY_APPLICABLE,,Training Function assignment does not imply complete exercise semantic coverage.,
415,training-semantic-classifier-v2,training-semantic-registry-v2,7f7c6e88f31a7e4be4fb03761b58b380c6b37070297172a713b2d8a5ba9f14f8,a619932df9f2c4241330826cdd4b728164df7fa1672b2941e04fab621da8a78a,[],"[{""functionCode"":""BARBELL_SUPPORT"",""relationType"":""DIRECT"",""classificationConfidence"":""EXPLICIT""}]",NO_CAPABILITY_APPLICABLE,,Training Function assignment does not imply complete exercise semantic coverage.,
416,training-semantic-classifier-v2,training-semantic-registry-v2,7f7c6e88f31a7e4be4fb03761b58b380c6b37070297172a713b2d8a5ba9f14f8,a619932df9f2c4241330826cdd4b728164df7fa1672b2941e04fab621da8a78a,[],[],UNMODELED,,,
417,training-semantic-classifier-v2,training-semantic-registry-v2,7f7c6e88f31a7e4be4fb03761b58b380c6b37070297172a713b2d8a5ba9f14f8,a619932df9f2c4241330826cdd4b728164df7fa1672b2941e04fab621da8a78a,[],"[{""functionCode"":""BARBELL_SUPPORT"",""relationType"":""DIRECT"",""classificationConfidence"":""EXPLICIT""}]",NO_CAPABILITY_APPLICABLE,,Training Function assignment does not imply complete exercise semantic coverage.,
418,training-semantic-classifier-v2,training-semantic-registry-v2,7f7c6e88f31a7e4be4fb03761b58b380c6b37070297172a713b2d8a5ba9f14f8,a619932df9f2c4241330826cdd4b728164df7fa1672b2941e04fab621da8a78a,[],[],NO_CAPABILITY_APPLICABLE,,,
419,training-semantic-classifier-v2,training-semantic-registry-v2,7f7c6e88f31a7e4be4fb03761b58b380c6b37070297172a713b2d8a5ba9f14f8,a619932df9f2c4241330826cdd4b728164df7fa1672b2941e04fab621da8a78a,[],"[{""functionCode"":""BARBELL_SUPPORT"",""relationType"":""DIRECT"",""classificationConfidence"":""EXPLICIT""}]",NO_CAPABILITY_APPLICABLE,,Training Function assignment does not imply complete exercise semantic coverage.,
420,training-semantic-classifier-v2,training-semantic-registry-v2,7f7c6e88f31a7e4be4fb03761b58b380c6b37070297172a713b2d8a5ba9f14f8,a619932df9f2c4241330826cdd4b728164df7fa1672b2941e04fab621da8a78a,[],[],UNMODELED,,,
421,training-semantic-classifier-v2,training-semantic-registry-v2,7f7c6e88f31a7e4be4fb03761b58b380c6b37070297172a713b2d8a5ba9f14f8,a619932df9f2c4241330826cdd4b728164df7fa1672b2941e04fab621da8a78a,[],[],UNMODELED,,,
422,training-semantic-classifier-v2,training-semantic-registry-v2,7f7c6e88f31a7e4be4fb03761b58b380c6b37070297172a713b2d8a5ba9f14f8,a619932df9f2c4241330826cdd4b728164df7fa1672b2941e04fab621da8a78a,[],[],UNMODELED,,,
423,training-semantic-classifier-v2,training-semantic-registry-v2,7f7c6e88f31a7e4be4fb03761b58b380c6b37070297172a713b2d8a5ba9f14f8,a619932df9f2c4241330826cdd4b728164df7fa1672b2941e04fab621da8a78a,[],[],UNMODELED,,,
424,training-semantic-classifier-v2,training-semantic-registry-v2,7f7c6e88f31a7e4be4fb03761b58b380c6b37070297172a713b2d8a5ba9f14f8,a619932df9f2c4241330826cdd4b728164df7fa1672b2941e04fab621da8a78a,[],[],UNMODELED,,,
425,training-semantic-classifier-v2,training-semantic-registry-v2,7f7c6e88f31a7e4be4fb03761b58b380c6b37070297172a713b2d8a5ba9f14f8,a619932df9f2c4241330826cdd4b728164df7fa1672b2941e04fab621da8a78a,[],[],UNMODELED,,,
426,training-semantic-classifier-v2,training-semantic-registry-v2,7f7c6e88f31a7e4be4fb03761b58b380c6b37070297172a713b2d8a5ba9f14f8,a619932df9f2c4241330826cdd4b728164df7fa1672b2941e04fab621da8a78a,[],[],UNMODELED,,,
427,training-semantic-classifier-v2,training-semantic-registry-v2,7f7c6e88f31a7e4be4fb03761b58b380c6b37070297172a713b2d8a5ba9f14f8,a619932df9f2c4241330826cdd4b728164df7fa1672b2941e04fab621da8a78a,[],[],UNMODELED,,,
428,training-semantic-classifier-v2,training-semantic-registry-v2,7f7c6e88f31a7e4be4fb03761b58b380c6b37070297172a713b2d8a5ba9f14f8,a619932df9f2c4241330826cdd4b728164df7fa1672b2941e04fab621da8a78a,[],[],UNMODELED,,,
430,training-semantic-classifier-v2,training-semantic-registry-v2,7f7c6e88f31a7e4be4fb03761b58b380c6b37070297172a713b2d8a5ba9f14f8,a619932df9f2c4241330826cdd4b728164df7fa1672b2941e04fab621da8a78a,[],[],UNMODELED,,,
431,training-semantic-classifier-v2,training-semantic-registry-v2,7f7c6e88f31a7e4be4fb03761b58b380c6b37070297172a713b2d8a5ba9f14f8,a619932df9f2c4241330826cdd4b728164df7fa1672b2941e04fab621da8a78a,[],[],UNMODELED,,,
432,training-semantic-classifier-v2,training-semantic-registry-v2,7f7c6e88f31a7e4be4fb03761b58b380c6b37070297172a713b2d8a5ba9f14f8,a619932df9f2c4241330826cdd4b728164df7fa1672b2941e04fab621da8a78a,[],[],UNMODELED,,,
433,training-semantic-classifier-v2,training-semantic-registry-v2,7f7c6e88f31a7e4be4fb03761b58b380c6b37070297172a713b2d8a5ba9f14f8,a619932df9f2c4241330826cdd4b728164df7fa1672b2941e04fab621da8a78a,[],[],UNMODELED,,,
434,training-semantic-classifier-v2,training-semantic-registry-v2,7f7c6e88f31a7e4be4fb03761b58b380c6b37070297172a713b2d8a5ba9f14f8,a619932df9f2c4241330826cdd4b728164df7fa1672b2941e04fab621da8a78a,[],"[{""functionCode"":""BARBELL_SUPPORT"",""relationType"":""DIRECT"",""classificationConfidence"":""EXPLICIT""}]",NO_CAPABILITY_APPLICABLE,,Training Function assignment does not imply complete exercise semantic coverage.,
435,training-semantic-classifier-v2,training-semantic-registry-v2,7f7c6e88f31a7e4be4fb03761b58b380c6b37070297172a713b2d8a5ba9f14f8,a619932df9f2c4241330826cdd4b728164df7fa1672b2941e04fab621da8a78a,[],"[{""functionCode"":""BARBELL_SUPPORT"",""relationType"":""DIRECT"",""classificationConfidence"":""EXPLICIT""}]",UNMODELED,,Training Function assignment does not imply complete exercise semantic coverage.,
437,training-semantic-classifier-v2,training-semantic-registry-v2,7f7c6e88f31a7e4be4fb03761b58b380c6b37070297172a713b2d8a5ba9f14f8,a619932df9f2c4241330826cdd4b728164df7fa1672b2941e04fab621da8a78a,[],"[{""functionCode"":""CABLE_RESISTANCE"",""relationType"":""DIRECT"",""classificationConfidence"":""EXPLICIT""}]",NO_CAPABILITY_APPLICABLE,,Training Function assignment does not imply complete exercise semantic coverage.,
438,training-semantic-classifier-v2,training-semantic-registry-v2,7f7c6e88f31a7e4be4fb03761b58b380c6b37070297172a713b2d8a5ba9f14f8,a619932df9f2c4241330826cdd4b728164df7fa1672b2941e04fab621da8a78a,[],[],NO_CAPABILITY_APPLICABLE,,,
439,training-semantic-classifier-v2,training-semantic-registry-v2,7f7c6e88f31a7e4be4fb03761b58b380c6b37070297172a713b2d8a5ba9f14f8,a619932df9f2c4241330826cdd4b728164df7fa1672b2941e04fab621da8a78a,[],[],NO_CAPABILITY_APPLICABLE,,,
440,training-semantic-classifier-v2,training-semantic-registry-v2,7f7c6e88f31a7e4be4fb03761b58b380c6b37070297172a713b2d8a5ba9f14f8,a619932df9f2c4241330826cdd4b728164df7fa1672b2941e04fab621da8a78a,[],[],NO_CAPABILITY_APPLICABLE,,,
441,training-semantic-classifier-v2,training-semantic-registry-v2,7f7c6e88f31a7e4be4fb03761b58b380c6b37070297172a713b2d8a5ba9f14f8,a619932df9f2c4241330826cdd4b728164df7fa1672b2941e04fab621da8a78a,[],[],NO_CAPABILITY_APPLICABLE,,,
443,training-semantic-classifier-v2,training-semantic-registry-v2,7f7c6e88f31a7e4be4fb03761b58b380c6b37070297172a713b2d8a5ba9f14f8,a619932df9f2c4241330826cdd4b728164df7fa1672b2941e04fab621da8a78a,[],[],UNMODELED,,,
444,training-semantic-classifier-v2,training-semantic-registry-v2,7f7c6e88f31a7e4be4fb03761b58b380c6b37070297172a713b2d8a5ba9f14f8,a619932df9f2c4241330826cdd4b728164df7fa1672b2941e04fab621da8a78a,[],[],UNMODELED,,,
445,training-semantic-classifier-v2,training-semantic-registry-v2,7f7c6e88f31a7e4be4fb03761b58b380c6b37070297172a713b2d8a5ba9f14f8,a619932df9f2c4241330826cdd4b728164df7fa1672b2941e04fab621da8a78a,"[{""capabilityCode"":""LEG_CURL"",""relationType"":""DIRECT"",""classificationConfidence"":""EXPLICIT""}]",[],UNMODELED,,,
446,training-semantic-classifier-v2,training-semantic-registry-v2,7f7c6e88f31a7e4be4fb03761b58b380c6b37070297172a713b2d8a5ba9f14f8,a619932df9f2c4241330826cdd4b728164df7fa1672b2941e04fab621da8a78a,"[{""capabilityCode"":""ROW"",""relationType"":""DIRECT"",""classificationConfidence"":""EXPLICIT""}]",[],UNMODELED,,,
447,training-semantic-classifier-v2,training-semantic-registry-v2,7f7c6e88f31a7e4be4fb03761b58b380c6b37070297172a713b2d8a5ba9f14f8,a619932df9f2c4241330826cdd4b728164df7fa1672b2941e04fab621da8a78a,"[{""capabilityCode"":""CHEST_PRESS"",""relationType"":""DIRECT"",""classificationConfidence"":""EXPLICIT""}]",[],UNMODELED,,,
448,training-semantic-classifier-v2,training-semantic-registry-v2,7f7c6e88f31a7e4be4fb03761b58b380c6b37070297172a713b2d8a5ba9f14f8,a619932df9f2c4241330826cdd4b728164df7fa1672b2941e04fab621da8a78a,"[{""capabilityCode"":""SHOULDER_PRESS"",""relationType"":""DIRECT"",""classificationConfidence"":""EXPLICIT""}]",[],UNMODELED,,,
449,training-semantic-classifier-v2,training-semantic-registry-v2,7f7c6e88f31a7e4be4fb03761b58b380c6b37070297172a713b2d8a5ba9f14f8,a619932df9f2c4241330826cdd4b728164df7fa1672b2941e04fab621da8a78a,"[{""capabilityCode"":""LAT_PULLDOWN"",""relationType"":""DIRECT"",""classificationConfidence"":""EXPLICIT""}]",[],UNMODELED,,,
450,training-semantic-classifier-v2,training-semantic-registry-v2,7f7c6e88f31a7e4be4fb03761b58b380c6b37070297172a713b2d8a5ba9f14f8,a619932df9f2c4241330826cdd4b728164df7fa1672b2941e04fab621da8a78a,"[{""capabilityCode"":""HACK_SQUAT"",""relationType"":""DIRECT"",""classificationConfidence"":""EXPLICIT""}]",[],UNMODELED,,,SQUAT:squat
451,training-semantic-classifier-v2,training-semantic-registry-v2,7f7c6e88f31a7e4be4fb03761b58b380c6b37070297172a713b2d8a5ba9f14f8,a619932df9f2c4241330826cdd4b728164df7fa1672b2941e04fab621da8a78a,"[{""capabilityCode"":""LEG_PRESS"",""relationType"":""DIRECT"",""classificationConfidence"":""EXPLICIT""}]",[],INSUFFICIENT_EVIDENCE,,,
452,training-semantic-classifier-v2,training-semantic-registry-v2,7f7c6e88f31a7e4be4fb03761b58b380c6b37070297172a713b2d8a5ba9f14f8,a619932df9f2c4241330826cdd4b728164df7fa1672b2941e04fab621da8a78a,"[{""capabilityCode"":""LEG_EXTENSION"",""relationType"":""DIRECT"",""classificationConfidence"":""EXPLICIT""}]",[],UNMODELED,,,
453,training-semantic-classifier-v2,training-semantic-registry-v2,7f7c6e88f31a7e4be4fb03761b58b380c6b37070297172a713b2d8a5ba9f14f8,a619932df9f2c4241330826cdd4b728164df7fa1672b2941e04fab621da8a78a,[],[],UNMODELED,,,
454,training-semantic-classifier-v2,training-semantic-registry-v2,7f7c6e88f31a7e4be4fb03761b58b380c6b37070297172a713b2d8a5ba9f14f8,a619932df9f2c4241330826cdd4b728164df7fa1672b2941e04fab621da8a78a,[],"[{""functionCode"":""CABLE_RESISTANCE"",""relationType"":""DIRECT"",""classificationConfidence"":""EXPLICIT""}]",NO_CAPABILITY_APPLICABLE,,Training Function assignment does not imply complete exercise semantic coverage.,
455,training-semantic-classifier-v2,training-semantic-registry-v2,7f7c6e88f31a7e4be4fb03761b58b380c6b37070297172a713b2d8a5ba9f14f8,a619932df9f2c4241330826cdd4b728164df7fa1672b2941e04fab621da8a78a,[],"[{""functionCode"":""CABLE_RESISTANCE"",""relationType"":""DIRECT"",""classificationConfidence"":""EXPLICIT""}]",NO_CAPABILITY_APPLICABLE,,Training Function assignment does not imply complete exercise semantic coverage.,
456,training-semantic-classifier-v2,training-semantic-registry-v2,7f7c6e88f31a7e4be4fb03761b58b380c6b37070297172a713b2d8a5ba9f14f8,a619932df9f2c4241330826cdd4b728164df7fa1672b2941e04fab621da8a78a,[],[],UNMODELED,,,
457,training-semantic-classifier-v2,training-semantic-registry-v2,7f7c6e88f31a7e4be4fb03761b58b380c6b37070297172a713b2d8a5ba9f14f8,a619932df9f2c4241330826cdd4b728164df7fa1672b2941e04fab621da8a78a,[],[],UNMODELED,,,
458,training-semantic-classifier-v2,training-semantic-registry-v2,7f7c6e88f31a7e4be4fb03761b58b380c6b37070297172a713b2d8a5ba9f14f8,a619932df9f2c4241330826cdd4b728164df7fa1672b2941e04fab621da8a78a,[],[],UNMODELED,,,
459,training-semantic-classifier-v2,training-semantic-registry-v2,7f7c6e88f31a7e4be4fb03761b58b380c6b37070297172a713b2d8a5ba9f14f8,a619932df9f2c4241330826cdd4b728164df7fa1672b2941e04fab621da8a78a,[],[],UNMODELED,,,
460,training-semantic-classifier-v2,training-semantic-registry-v2,7f7c6e88f31a7e4be4fb03761b58b380c6b37070297172a713b2d8a5ba9f14f8,a619932df9f2c4241330826cdd4b728164df7fa1672b2941e04fab621da8a78a,[],[],UNMODELED,,,
461,training-semantic-classifier-v2,training-semantic-registry-v2,7f7c6e88f31a7e4be4fb03761b58b380c6b37070297172a713b2d8a5ba9f14f8,a619932df9f2c4241330826cdd4b728164df7fa1672b2941e04fab621da8a78a,[],[],UNMODELED,,,
462,training-semantic-classifier-v2,training-semantic-registry-v2,7f7c6e88f31a7e4be4fb03761b58b380c6b37070297172a713b2d8a5ba9f14f8,a619932df9f2c4241330826cdd4b728164df7fa1672b2941e04fab621da8a78a,[],"[{""functionCode"":""CABLE_RESISTANCE"",""relationType"":""FAMILY_DERIVED"",""classificationConfidence"":""HIGH""}]",NO_CAPABILITY_APPLICABLE,,Training Function assignment does not imply complete exercise semantic coverage.,
463,training-semantic-classifier-v2,training-semantic-registry-v2,7f7c6e88f31a7e4be4fb03761b58b380c6b37070297172a713b2d8a5ba9f14f8,a619932df9f2c4241330826cdd4b728164df7fa1672b2941e04fab621da8a78a,[],"[{""functionCode"":""CABLE_RESISTANCE"",""relationType"":""DIRECT"",""classificationConfidence"":""HIGH""}]",UNMODELED,,Training Function assignment does not imply complete exercise semantic coverage.,
464,training-semantic-classifier-v2,training-semantic-registry-v2,7f7c6e88f31a7e4be4fb03761b58b380c6b37070297172a713b2d8a5ba9f14f8,a619932df9f2c4241330826cdd4b728164df7fa1672b2941e04fab621da8a78a,[],[],UNMODELED,,,
465,training-semantic-classifier-v2,training-semantic-registry-v2,7f7c6e88f31a7e4be4fb03761b58b380c6b37070297172a713b2d8a5ba9f14f8,a619932df9f2c4241330826cdd4b728164df7fa1672b2941e04fab621da8a78a,[],[],UNMODELED,,,
466,training-semantic-classifier-v2,training-semantic-registry-v2,7f7c6e88f31a7e4be4fb03761b58b380c6b37070297172a713b2d8a5ba9f14f8,a619932df9f2c4241330826cdd4b728164df7fa1672b2941e04fab621da8a78a,[],"[{""functionCode"":""CABLE_RESISTANCE"",""relationType"":""FAMILY_DERIVED"",""classificationConfidence"":""HIGH""}]",NO_CAPABILITY_APPLICABLE,,Training Function assignment does not imply complete exercise semantic coverage.,
467,training-semantic-classifier-v2,training-semantic-registry-v2,7f7c6e88f31a7e4be4fb03761b58b380c6b37070297172a713b2d8a5ba9f14f8,a619932df9f2c4241330826cdd4b728164df7fa1672b2941e04fab621da8a78a,[],[],UNMODELED,,,
468,training-semantic-classifier-v2,training-semantic-registry-v2,7f7c6e88f31a7e4be4fb03761b58b380c6b37070297172a713b2d8a5ba9f14f8,a619932df9f2c4241330826cdd4b728164df7fa1672b2941e04fab621da8a78a,[],[],UNMODELED,,,
469,training-semantic-classifier-v2,training-semantic-registry-v2,7f7c6e88f31a7e4be4fb03761b58b380c6b37070297172a713b2d8a5ba9f14f8,a619932df9f2c4241330826cdd4b728164df7fa1672b2941e04fab621da8a78a,[],[],UNMODELED,,,
470,training-semantic-classifier-v2,training-semantic-registry-v2,7f7c6e88f31a7e4be4fb03761b58b380c6b37070297172a713b2d8a5ba9f14f8,a619932df9f2c4241330826cdd4b728164df7fa1672b2941e04fab621da8a78a,[],[],NO_CAPABILITY_APPLICABLE,,,
471,training-semantic-classifier-v2,training-semantic-registry-v2,7f7c6e88f31a7e4be4fb03761b58b380c6b37070297172a713b2d8a5ba9f14f8,a619932df9f2c4241330826cdd4b728164df7fa1672b2941e04fab621da8a78a,[],[],NO_CAPABILITY_APPLICABLE,,,
472,training-semantic-classifier-v2,training-semantic-registry-v2,7f7c6e88f31a7e4be4fb03761b58b380c6b37070297172a713b2d8a5ba9f14f8,a619932df9f2c4241330826cdd4b728164df7fa1672b2941e04fab621da8a78a,[],[],NO_CAPABILITY_APPLICABLE,,,
473,training-semantic-classifier-v2,training-semantic-registry-v2,7f7c6e88f31a7e4be4fb03761b58b380c6b37070297172a713b2d8a5ba9f14f8,a619932df9f2c4241330826cdd4b728164df7fa1672b2941e04fab621da8a78a,[],[],NO_CAPABILITY_APPLICABLE,,,
474,training-semantic-classifier-v2,training-semantic-registry-v2,7f7c6e88f31a7e4be4fb03761b58b380c6b37070297172a713b2d8a5ba9f14f8,a619932df9f2c4241330826cdd4b728164df7fa1672b2941e04fab621da8a78a,[],[],NO_CAPABILITY_APPLICABLE,,,
475,training-semantic-classifier-v2,training-semantic-registry-v2,7f7c6e88f31a7e4be4fb03761b58b380c6b37070297172a713b2d8a5ba9f14f8,a619932df9f2c4241330826cdd4b728164df7fa1672b2941e04fab621da8a78a,[],[],NO_CAPABILITY_APPLICABLE,,,
476,training-semantic-classifier-v2,training-semantic-registry-v2,7f7c6e88f31a7e4be4fb03761b58b380c6b37070297172a713b2d8a5ba9f14f8,a619932df9f2c4241330826cdd4b728164df7fa1672b2941e04fab621da8a78a,[],[],NO_CAPABILITY_APPLICABLE,,,
477,training-semantic-classifier-v2,training-semantic-registry-v2,7f7c6e88f31a7e4be4fb03761b58b380c6b37070297172a713b2d8a5ba9f14f8,a619932df9f2c4241330826cdd4b728164df7fa1672b2941e04fab621da8a78a,[],"[{""functionCode"":""BARBELL_SUPPORT"",""relationType"":""DIRECT"",""classificationConfidence"":""EXPLICIT""}]",UNMODELED,,Training Function assignment does not imply complete exercise semantic coverage.,SQUAT:squat
478,training-semantic-classifier-v2,training-semantic-registry-v2,7f7c6e88f31a7e4be4fb03761b58b380c6b37070297172a713b2d8a5ba9f14f8,a619932df9f2c4241330826cdd4b728164df7fa1672b2941e04fab621da8a78a,[],[],NO_CAPABILITY_APPLICABLE,,,
479,training-semantic-classifier-v2,training-semantic-registry-v2,7f7c6e88f31a7e4be4fb03761b58b380c6b37070297172a713b2d8a5ba9f14f8,a619932df9f2c4241330826cdd4b728164df7fa1672b2941e04fab621da8a78a,[],"[{""functionCode"":""BARBELL_SUPPORT"",""relationType"":""DIRECT"",""classificationConfidence"":""EXPLICIT""}]",NO_CAPABILITY_APPLICABLE,,Training Function assignment does not imply complete exercise semantic coverage.,
480,training-semantic-classifier-v2,training-semantic-registry-v2,7f7c6e88f31a7e4be4fb03761b58b380c6b37070297172a713b2d8a5ba9f14f8,a619932df9f2c4241330826cdd4b728164df7fa1672b2941e04fab621da8a78a,[],[],NO_CAPABILITY_APPLICABLE,,,
481,training-semantic-classifier-v2,training-semantic-registry-v2,7f7c6e88f31a7e4be4fb03761b58b380c6b37070297172a713b2d8a5ba9f14f8,a619932df9f2c4241330826cdd4b728164df7fa1672b2941e04fab621da8a78a,"[{""capabilityCode"":""CALF_RAISE"",""relationType"":""DIRECT"",""classificationConfidence"":""EXPLICIT""}]",[],UNMODELED,,,
482,training-semantic-classifier-v2,training-semantic-registry-v2,7f7c6e88f31a7e4be4fb03761b58b380c6b37070297172a713b2d8a5ba9f14f8,a619932df9f2c4241330826cdd4b728164df7fa1672b2941e04fab621da8a78a,[],[],NO_CAPABILITY_APPLICABLE,,,
483,training-semantic-classifier-v2,training-semantic-registry-v2,7f7c6e88f31a7e4be4fb03761b58b380c6b37070297172a713b2d8a5ba9f14f8,a619932df9f2c4241330826cdd4b728164df7fa1672b2941e04fab621da8a78a,[],[],NO_CAPABILITY_APPLICABLE,,,
484,training-semantic-classifier-v2,training-semantic-registry-v2,7f7c6e88f31a7e4be4fb03761b58b380c6b37070297172a713b2d8a5ba9f14f8,a619932df9f2c4241330826cdd4b728164df7fa1672b2941e04fab621da8a78a,[],[],UNMODELED,,,
485,training-semantic-classifier-v2,training-semantic-registry-v2,7f7c6e88f31a7e4be4fb03761b58b380c6b37070297172a713b2d8a5ba9f14f8,a619932df9f2c4241330826cdd4b728164df7fa1672b2941e04fab621da8a78a,"[{""capabilityCode"":""SHOULDER_PRESS"",""relationType"":""DIRECT"",""classificationConfidence"":""EXPLICIT""}]",[],UNMODELED,,,
486,training-semantic-classifier-v2,training-semantic-registry-v2,7f7c6e88f31a7e4be4fb03761b58b380c6b37070297172a713b2d8a5ba9f14f8,a619932df9f2c4241330826cdd4b728164df7fa1672b2941e04fab621da8a78a,"[{""capabilityCode"":""CHEST_PRESS"",""relationType"":""DIRECT"",""classificationConfidence"":""EXPLICIT""}]",[],UNMODELED,,,
487,training-semantic-classifier-v2,training-semantic-registry-v2,7f7c6e88f31a7e4be4fb03761b58b380c6b37070297172a713b2d8a5ba9f14f8,a619932df9f2c4241330826cdd4b728164df7fa1672b2941e04fab621da8a78a,"[{""capabilityCode"":""LEG_CURL"",""relationType"":""DIRECT"",""classificationConfidence"":""EXPLICIT""}]",[],UNMODELED,,,
488,training-semantic-classifier-v2,training-semantic-registry-v2,7f7c6e88f31a7e4be4fb03761b58b380c6b37070297172a713b2d8a5ba9f14f8,a619932df9f2c4241330826cdd4b728164df7fa1672b2941e04fab621da8a78a,"[{""capabilityCode"":""BICEPS_CURL"",""relationType"":""DIRECT"",""classificationConfidence"":""EXPLICIT""}]",[],INSUFFICIENT_EVIDENCE,,,
489,training-semantic-classifier-v2,training-semantic-registry-v2,7f7c6e88f31a7e4be4fb03761b58b380c6b37070297172a713b2d8a5ba9f14f8,a619932df9f2c4241330826cdd4b728164df7fa1672b2941e04fab621da8a78a,"[{""capabilityCode"":""ROW"",""relationType"":""DIRECT"",""classificationConfidence"":""EXPLICIT""}]",[],UNMODELED,,,
490,training-semantic-classifier-v2,training-semantic-registry-v2,7f7c6e88f31a7e4be4fb03761b58b380c6b37070297172a713b2d8a5ba9f14f8,a619932df9f2c4241330826cdd4b728164df7fa1672b2941e04fab621da8a78a,[],[],INSUFFICIENT_EVIDENCE,,,
491,training-semantic-classifier-v2,training-semantic-registry-v2,7f7c6e88f31a7e4be4fb03761b58b380c6b37070297172a713b2d8a5ba9f14f8,a619932df9f2c4241330826cdd4b728164df7fa1672b2941e04fab621da8a78a,"[{""capabilityCode"":""LEG_PRESS"",""relationType"":""DIRECT"",""classificationConfidence"":""EXPLICIT""}]",[],UNMODELED,,,
492,training-semantic-classifier-v2,training-semantic-registry-v2,7f7c6e88f31a7e4be4fb03761b58b380c6b37070297172a713b2d8a5ba9f14f8,a619932df9f2c4241330826cdd4b728164df7fa1672b2941e04fab621da8a78a,"[{""capabilityCode"":""LEG_EXTENSION"",""relationType"":""DIRECT"",""classificationConfidence"":""EXPLICIT""}]",[],UNMODELED,,,
493,training-semantic-classifier-v2,training-semantic-registry-v2,7f7c6e88f31a7e4be4fb03761b58b380c6b37070297172a713b2d8a5ba9f14f8,a619932df9f2c4241330826cdd4b728164df7fa1672b2941e04fab621da8a78a,[],[],INSUFFICIENT_EVIDENCE,,,
494,training-semantic-classifier-v2,training-semantic-registry-v2,7f7c6e88f31a7e4be4fb03761b58b380c6b37070297172a713b2d8a5ba9f14f8,a619932df9f2c4241330826cdd4b728164df7fa1672b2941e04fab621da8a78a,[],"[{""functionCode"":""CABLE_RESISTANCE"",""relationType"":""DIRECT"",""classificationConfidence"":""EXPLICIT""}]",INSUFFICIENT_EVIDENCE,,Training Function assignment does not imply complete exercise semantic coverage.,
495,training-semantic-classifier-v2,training-semantic-registry-v2,7f7c6e88f31a7e4be4fb03761b58b380c6b37070297172a713b2d8a5ba9f14f8,a619932df9f2c4241330826cdd4b728164df7fa1672b2941e04fab621da8a78a,[],"[{""functionCode"":""CABLE_RESISTANCE"",""relationType"":""DIRECT"",""classificationConfidence"":""EXPLICIT""}]",INSUFFICIENT_EVIDENCE,,Training Function assignment does not imply complete exercise semantic coverage.,
496,training-semantic-classifier-v2,training-semantic-registry-v2,7f7c6e88f31a7e4be4fb03761b58b380c6b37070297172a713b2d8a5ba9f14f8,a619932df9f2c4241330826cdd4b728164df7fa1672b2941e04fab621da8a78a,"[{""capabilityCode"":""LEG_CURL"",""relationType"":""DIRECT"",""classificationConfidence"":""EXPLICIT""}]",[],UNMODELED,,,
497,training-semantic-classifier-v2,training-semantic-registry-v2,7f7c6e88f31a7e4be4fb03761b58b380c6b37070297172a713b2d8a5ba9f14f8,a619932df9f2c4241330826cdd4b728164df7fa1672b2941e04fab621da8a78a,"[{""capabilityCode"":""ABDUCTOR"",""relationType"":""DIRECT"",""classificationConfidence"":""EXPLICIT""},{""capabilityCode"":""ADDUCTOR"",""relationType"":""DIRECT"",""classificationConfidence"":""EXPLICIT""}]",[],UNMODELED,,,
498,training-semantic-classifier-v2,training-semantic-registry-v2,7f7c6e88f31a7e4be4fb03761b58b380c6b37070297172a713b2d8a5ba9f14f8,a619932df9f2c4241330826cdd4b728164df7fa1672b2941e04fab621da8a78a,"[{""capabilityCode"":""PULL_UP"",""relationType"":""SUPPORTED"",""classificationConfidence"":""EXPLICIT""}]",[],UNMODELED,,SUPPORTED assignment requires explicit module/configuration evidence.,
499,training-semantic-classifier-v2,training-semantic-registry-v2,7f7c6e88f31a7e4be4fb03761b58b380c6b37070297172a713b2d8a5ba9f14f8,a619932df9f2c4241330826cdd4b728164df7fa1672b2941e04fab621da8a78a,[],"[{""functionCode"":""GUIDED_BARBELL_SUPPORT"",""relationType"":""DIRECT"",""classificationConfidence"":""EXPLICIT""}]",UNMODELED,,Training Function assignment does not imply complete exercise semantic coverage.,
500,training-semantic-classifier-v2,training-semantic-registry-v2,7f7c6e88f31a7e4be4fb03761b58b380c6b37070297172a713b2d8a5ba9f14f8,a619932df9f2c4241330826cdd4b728164df7fa1672b2941e04fab621da8a78a,"[{""capabilityCode"":""PEC_DECK"",""relationType"":""DIRECT"",""classificationConfidence"":""EXPLICIT""},{""capabilityCode"":""REAR_DELT_FLY"",""relationType"":""DIRECT"",""classificationConfidence"":""EXPLICIT""}]",[],UNMODELED,,,
501,training-semantic-classifier-v2,training-semantic-registry-v2,7f7c6e88f31a7e4be4fb03761b58b380c6b37070297172a713b2d8a5ba9f14f8,a619932df9f2c4241330826cdd4b728164df7fa1672b2941e04fab621da8a78a,[],[],UNMODELED,,,
502,training-semantic-classifier-v2,training-semantic-registry-v2,7f7c6e88f31a7e4be4fb03761b58b380c6b37070297172a713b2d8a5ba9f14f8,a619932df9f2c4241330826cdd4b728164df7fa1672b2941e04fab621da8a78a,"[{""capabilityCode"":""LAT_PULLDOWN"",""relationType"":""DIRECT"",""classificationConfidence"":""EXPLICIT""}]","[{""functionCode"":""CABLE_RESISTANCE"",""relationType"":""DIRECT"",""classificationConfidence"":""EXPLICIT""}]",UNMODELED,,,
503,training-semantic-classifier-v2,training-semantic-registry-v2,7f7c6e88f31a7e4be4fb03761b58b380c6b37070297172a713b2d8a5ba9f14f8,a619932df9f2c4241330826cdd4b728164df7fa1672b2941e04fab621da8a78a,"[{""capabilityCode"":""ROW"",""relationType"":""DIRECT"",""classificationConfidence"":""EXPLICIT""}]",[],UNMODELED,,,
504,training-semantic-classifier-v2,training-semantic-registry-v2,7f7c6e88f31a7e4be4fb03761b58b380c6b37070297172a713b2d8a5ba9f14f8,a619932df9f2c4241330826cdd4b728164df7fa1672b2941e04fab621da8a78a,[],[],UNMODELED,,,
505,training-semantic-classifier-v2,training-semantic-registry-v2,7f7c6e88f31a7e4be4fb03761b58b380c6b37070297172a713b2d8a5ba9f14f8,a619932df9f2c4241330826cdd4b728164df7fa1672b2941e04fab621da8a78a,[],[],UNMODELED,,,
506,training-semantic-classifier-v2,training-semantic-registry-v2,7f7c6e88f31a7e4be4fb03761b58b380c6b37070297172a713b2d8a5ba9f14f8,a619932df9f2c4241330826cdd4b728164df7fa1672b2941e04fab621da8a78a,[],[],NO_CAPABILITY_APPLICABLE,,,
508,training-semantic-classifier-v2,training-semantic-registry-v2,7f7c6e88f31a7e4be4fb03761b58b380c6b37070297172a713b2d8a5ba9f14f8,a619932df9f2c4241330826cdd4b728164df7fa1672b2941e04fab621da8a78a,[],[],NO_CAPABILITY_APPLICABLE,,,
509,training-semantic-classifier-v2,training-semantic-registry-v2,7f7c6e88f31a7e4be4fb03761b58b380c6b37070297172a713b2d8a5ba9f14f8,a619932df9f2c4241330826cdd4b728164df7fa1672b2941e04fab621da8a78a,[],[],UNMODELED,,,
517,training-semantic-classifier-v2,training-semantic-registry-v2,7f7c6e88f31a7e4be4fb03761b58b380c6b37070297172a713b2d8a5ba9f14f8,a619932df9f2c4241330826cdd4b728164df7fa1672b2941e04fab621da8a78a,[],"[{""functionCode"":""BARBELL_SUPPORT"",""relationType"":""DIRECT"",""classificationConfidence"":""EXPLICIT""}]",UNMODELED,,Training Function assignment does not imply complete exercise semantic coverage.,
518,training-semantic-classifier-v2,training-semantic-registry-v2,7f7c6e88f31a7e4be4fb03761b58b380c6b37070297172a713b2d8a5ba9f14f8,a619932df9f2c4241330826cdd4b728164df7fa1672b2941e04fab621da8a78a,[],[],UNMODELED,,,
520,training-semantic-classifier-v2,training-semantic-registry-v2,7f7c6e88f31a7e4be4fb03761b58b380c6b37070297172a713b2d8a5ba9f14f8,a619932df9f2c4241330826cdd4b728164df7fa1672b2941e04fab621da8a78a,[],[],UNMODELED,,,
521,training-semantic-classifier-v2,training-semantic-registry-v2,7f7c6e88f31a7e4be4fb03761b58b380c6b37070297172a713b2d8a5ba9f14f8,a619932df9f2c4241330826cdd4b728164df7fa1672b2941e04fab621da8a78a,[],[],UNMODELED,,,
522,training-semantic-classifier-v2,training-semantic-registry-v2,7f7c6e88f31a7e4be4fb03761b58b380c6b37070297172a713b2d8a5ba9f14f8,a619932df9f2c4241330826cdd4b728164df7fa1672b2941e04fab621da8a78a,[],[],UNMODELED,,,
523,training-semantic-classifier-v2,training-semantic-registry-v2,7f7c6e88f31a7e4be4fb03761b58b380c6b37070297172a713b2d8a5ba9f14f8,a619932df9f2c4241330826cdd4b728164df7fa1672b2941e04fab621da8a78a,[],[],UNMODELED,,,
524,training-semantic-classifier-v2,training-semantic-registry-v2,7f7c6e88f31a7e4be4fb03761b58b380c6b37070297172a713b2d8a5ba9f14f8,a619932df9f2c4241330826cdd4b728164df7fa1672b2941e04fab621da8a78a,[],[],UNMODELED,,,
525,training-semantic-classifier-v2,training-semantic-registry-v2,7f7c6e88f31a7e4be4fb03761b58b380c6b37070297172a713b2d8a5ba9f14f8,a619932df9f2c4241330826cdd4b728164df7fa1672b2941e04fab621da8a78a,[],[],UNMODELED,,,
527,training-semantic-classifier-v2,training-semantic-registry-v2,7f7c6e88f31a7e4be4fb03761b58b380c6b37070297172a713b2d8a5ba9f14f8,a619932df9f2c4241330826cdd4b728164df7fa1672b2941e04fab621da8a78a,[],[],NO_CAPABILITY_APPLICABLE,,,
528,training-semantic-classifier-v2,training-semantic-registry-v2,7f7c6e88f31a7e4be4fb03761b58b380c6b37070297172a713b2d8a5ba9f14f8,a619932df9f2c4241330826cdd4b728164df7fa1672b2941e04fab621da8a78a,"[{""capabilityCode"":""PULL_UP"",""relationType"":""DIRECT"",""classificationConfidence"":""EXPLICIT""}]",[],UNMODELED,,,
529,training-semantic-classifier-v2,training-semantic-registry-v2,7f7c6e88f31a7e4be4fb03761b58b380c6b37070297172a713b2d8a5ba9f14f8,a619932df9f2c4241330826cdd4b728164df7fa1672b2941e04fab621da8a78a,[],[],UNMODELED,,,
534,training-semantic-classifier-v2,training-semantic-registry-v2,7f7c6e88f31a7e4be4fb03761b58b380c6b37070297172a713b2d8a5ba9f14f8,a619932df9f2c4241330826cdd4b728164df7fa1672b2941e04fab621da8a78a,[],"[{""functionCode"":""CABLE_RESISTANCE"",""relationType"":""DIRECT"",""classificationConfidence"":""EXPLICIT""}]",INSUFFICIENT_EVIDENCE,,Training Function assignment does not imply complete exercise semantic coverage.,
536,training-semantic-classifier-v2,training-semantic-registry-v2,7f7c6e88f31a7e4be4fb03761b58b380c6b37070297172a713b2d8a5ba9f14f8,a619932df9f2c4241330826cdd4b728164df7fa1672b2941e04fab621da8a78a,[],[],NO_CAPABILITY_APPLICABLE,,,
537,training-semantic-classifier-v2,training-semantic-registry-v2,7f7c6e88f31a7e4be4fb03761b58b380c6b37070297172a713b2d8a5ba9f14f8,a619932df9f2c4241330826cdd4b728164df7fa1672b2941e04fab621da8a78a,[],[],NO_CAPABILITY_APPLICABLE,,,
540,training-semantic-classifier-v2,training-semantic-registry-v2,7f7c6e88f31a7e4be4fb03761b58b380c6b37070297172a713b2d8a5ba9f14f8,a619932df9f2c4241330826cdd4b728164df7fa1672b2941e04fab621da8a78a,[],"[{""functionCode"":""BARBELL_SUPPORT"",""relationType"":""DIRECT"",""classificationConfidence"":""EXPLICIT""}]",UNMODELED,,Training Function assignment does not imply complete exercise semantic coverage.,
545,training-semantic-classifier-v2,training-semantic-registry-v2,7f7c6e88f31a7e4be4fb03761b58b380c6b37070297172a713b2d8a5ba9f14f8,a619932df9f2c4241330826cdd4b728164df7fa1672b2941e04fab621da8a78a,[],[],NO_CAPABILITY_APPLICABLE,,,
546,training-semantic-classifier-v2,training-semantic-registry-v2,7f7c6e88f31a7e4be4fb03761b58b380c6b37070297172a713b2d8a5ba9f14f8,a619932df9f2c4241330826cdd4b728164df7fa1672b2941e04fab621da8a78a,[],[],NO_CAPABILITY_APPLICABLE,,,
547,training-semantic-classifier-v2,training-semantic-registry-v2,7f7c6e88f31a7e4be4fb03761b58b380c6b37070297172a713b2d8a5ba9f14f8,a619932df9f2c4241330826cdd4b728164df7fa1672b2941e04fab621da8a78a,[],[],NO_CAPABILITY_APPLICABLE,,,
548,training-semantic-classifier-v2,training-semantic-registry-v2,7f7c6e88f31a7e4be4fb03761b58b380c6b37070297172a713b2d8a5ba9f14f8,a619932df9f2c4241330826cdd4b728164df7fa1672b2941e04fab621da8a78a,[],[],NO_CAPABILITY_APPLICABLE,,,
549,training-semantic-classifier-v2,training-semantic-registry-v2,7f7c6e88f31a7e4be4fb03761b58b380c6b37070297172a713b2d8a5ba9f14f8,a619932df9f2c4241330826cdd4b728164df7fa1672b2941e04fab621da8a78a,[],[],NO_CAPABILITY_APPLICABLE,,,
550,training-semantic-classifier-v2,training-semantic-registry-v2,7f7c6e88f31a7e4be4fb03761b58b380c6b37070297172a713b2d8a5ba9f14f8,a619932df9f2c4241330826cdd4b728164df7fa1672b2941e04fab621da8a78a,[],[],UNMODELED,,,
551,training-semantic-classifier-v2,training-semantic-registry-v2,7f7c6e88f31a7e4be4fb03761b58b380c6b37070297172a713b2d8a5ba9f14f8,a619932df9f2c4241330826cdd4b728164df7fa1672b2941e04fab621da8a78a,[],[],UNMODELED,,,
552,training-semantic-classifier-v2,training-semantic-registry-v2,7f7c6e88f31a7e4be4fb03761b58b380c6b37070297172a713b2d8a5ba9f14f8,a619932df9f2c4241330826cdd4b728164df7fa1672b2941e04fab621da8a78a,[],[],UNMODELED,,,
553,training-semantic-classifier-v2,training-semantic-registry-v2,7f7c6e88f31a7e4be4fb03761b58b380c6b37070297172a713b2d8a5ba9f14f8,a619932df9f2c4241330826cdd4b728164df7fa1672b2941e04fab621da8a78a,[],[],UNMODELED,,,
554,training-semantic-classifier-v2,training-semantic-registry-v2,7f7c6e88f31a7e4be4fb03761b58b380c6b37070297172a713b2d8a5ba9f14f8,a619932df9f2c4241330826cdd4b728164df7fa1672b2941e04fab621da8a78a,[],[],UNMODELED,,,
555,training-semantic-classifier-v2,training-semantic-registry-v2,7f7c6e88f31a7e4be4fb03761b58b380c6b37070297172a713b2d8a5ba9f14f8,a619932df9f2c4241330826cdd4b728164df7fa1672b2941e04fab621da8a78a,[],[],UNMODELED,,,
556,training-semantic-classifier-v2,training-semantic-registry-v2,7f7c6e88f31a7e4be4fb03761b58b380c6b37070297172a713b2d8a5ba9f14f8,a619932df9f2c4241330826cdd4b728164df7fa1672b2941e04fab621da8a78a,[],[],UNMODELED,,,
557,training-semantic-classifier-v2,training-semantic-registry-v2,7f7c6e88f31a7e4be4fb03761b58b380c6b37070297172a713b2d8a5ba9f14f8,a619932df9f2c4241330826cdd4b728164df7fa1672b2941e04fab621da8a78a,[],[],UNMODELED,,,
558,training-semantic-classifier-v2,training-semantic-registry-v2,7f7c6e88f31a7e4be4fb03761b58b380c6b37070297172a713b2d8a5ba9f14f8,a619932df9f2c4241330826cdd4b728164df7fa1672b2941e04fab621da8a78a,[],[],UNMODELED,,,
567,training-semantic-classifier-v2,training-semantic-registry-v2,7f7c6e88f31a7e4be4fb03761b58b380c6b37070297172a713b2d8a5ba9f14f8,a619932df9f2c4241330826cdd4b728164df7fa1672b2941e04fab621da8a78a,[],[],UNMODELED,,,
569,training-semantic-classifier-v2,training-semantic-registry-v2,7f7c6e88f31a7e4be4fb03761b58b380c6b37070297172a713b2d8a5ba9f14f8,a619932df9f2c4241330826cdd4b728164df7fa1672b2941e04fab621da8a78a,[],[],NO_CAPABILITY_APPLICABLE,,,
570,training-semantic-classifier-v2,training-semantic-registry-v2,7f7c6e88f31a7e4be4fb03761b58b380c6b37070297172a713b2d8a5ba9f14f8,a619932df9f2c4241330826cdd4b728164df7fa1672b2941e04fab621da8a78a,[],[],NO_CAPABILITY_APPLICABLE,,,
571,training-semantic-classifier-v2,training-semantic-registry-v2,7f7c6e88f31a7e4be4fb03761b58b380c6b37070297172a713b2d8a5ba9f14f8,a619932df9f2c4241330826cdd4b728164df7fa1672b2941e04fab621da8a78a,[],[],NO_CAPABILITY_APPLICABLE,,,
572,training-semantic-classifier-v2,training-semantic-registry-v2,7f7c6e88f31a7e4be4fb03761b58b380c6b37070297172a713b2d8a5ba9f14f8,a619932df9f2c4241330826cdd4b728164df7fa1672b2941e04fab621da8a78a,[],[],NO_CAPABILITY_APPLICABLE,,,
573,training-semantic-classifier-v2,training-semantic-registry-v2,7f7c6e88f31a7e4be4fb03761b58b380c6b37070297172a713b2d8a5ba9f14f8,a619932df9f2c4241330826cdd4b728164df7fa1672b2941e04fab621da8a78a,[],[],NO_CAPABILITY_APPLICABLE,,,
574,training-semantic-classifier-v2,training-semantic-registry-v2,7f7c6e88f31a7e4be4fb03761b58b380c6b37070297172a713b2d8a5ba9f14f8,a619932df9f2c4241330826cdd4b728164df7fa1672b2941e04fab621da8a78a,[],[],NO_CAPABILITY_APPLICABLE,,,
575,training-semantic-classifier-v2,training-semantic-registry-v2,7f7c6e88f31a7e4be4fb03761b58b380c6b37070297172a713b2d8a5ba9f14f8,a619932df9f2c4241330826cdd4b728164df7fa1672b2941e04fab621da8a78a,[],[],NO_CAPABILITY_APPLICABLE,,,
576,training-semantic-classifier-v2,training-semantic-registry-v2,7f7c6e88f31a7e4be4fb03761b58b380c6b37070297172a713b2d8a5ba9f14f8,a619932df9f2c4241330826cdd4b728164df7fa1672b2941e04fab621da8a78a,[],[],NO_CAPABILITY_APPLICABLE,,,
577,training-semantic-classifier-v2,training-semantic-registry-v2,7f7c6e88f31a7e4be4fb03761b58b380c6b37070297172a713b2d8a5ba9f14f8,a619932df9f2c4241330826cdd4b728164df7fa1672b2941e04fab621da8a78a,[],"[{""functionCode"":""BARBELL_SUPPORT"",""relationType"":""DIRECT"",""classificationConfidence"":""EXPLICIT""}]",NO_CAPABILITY_APPLICABLE,,Training Function assignment does not imply complete exercise semantic coverage.,
578,training-semantic-classifier-v2,training-semantic-registry-v2,7f7c6e88f31a7e4be4fb03761b58b380c6b37070297172a713b2d8a5ba9f14f8,a619932df9f2c4241330826cdd4b728164df7fa1672b2941e04fab621da8a78a,[],[],NO_CAPABILITY_APPLICABLE,,,
592,training-semantic-classifier-v2,training-semantic-registry-v2,7f7c6e88f31a7e4be4fb03761b58b380c6b37070297172a713b2d8a5ba9f14f8,a619932df9f2c4241330826cdd4b728164df7fa1672b2941e04fab621da8a78a,[],[],NO_CAPABILITY_APPLICABLE,,,
593,training-semantic-classifier-v2,training-semantic-registry-v2,7f7c6e88f31a7e4be4fb03761b58b380c6b37070297172a713b2d8a5ba9f14f8,a619932df9f2c4241330826cdd4b728164df7fa1672b2941e04fab621da8a78a,[],"[{""functionCode"":""BARBELL_SUPPORT"",""relationType"":""DIRECT"",""classificationConfidence"":""EXPLICIT""}]",UNMODELED,,Training Function assignment does not imply complete exercise semantic coverage.,
594,training-semantic-classifier-v2,training-semantic-registry-v2,7f7c6e88f31a7e4be4fb03761b58b380c6b37070297172a713b2d8a5ba9f14f8,a619932df9f2c4241330826cdd4b728164df7fa1672b2941e04fab621da8a78a,[],"[{""functionCode"":""BARBELL_SUPPORT"",""relationType"":""DIRECT"",""classificationConfidence"":""EXPLICIT""}]",UNMODELED,,Training Function assignment does not imply complete exercise semantic coverage.,
595,training-semantic-classifier-v2,training-semantic-registry-v2,7f7c6e88f31a7e4be4fb03761b58b380c6b37070297172a713b2d8a5ba9f14f8,a619932df9f2c4241330826cdd4b728164df7fa1672b2941e04fab621da8a78a,[],"[{""functionCode"":""BARBELL_SUPPORT"",""relationType"":""DIRECT"",""classificationConfidence"":""EXPLICIT""}]",UNMODELED,,Training Function assignment does not imply complete exercise semantic coverage.,
596,training-semantic-classifier-v2,training-semantic-registry-v2,7f7c6e88f31a7e4be4fb03761b58b380c6b37070297172a713b2d8a5ba9f14f8,a619932df9f2c4241330826cdd4b728164df7fa1672b2941e04fab621da8a78a,[],[],UNMODELED,,,
597,training-semantic-classifier-v2,training-semantic-registry-v2,7f7c6e88f31a7e4be4fb03761b58b380c6b37070297172a713b2d8a5ba9f14f8,a619932df9f2c4241330826cdd4b728164df7fa1672b2941e04fab621da8a78a,[],[],NO_CAPABILITY_APPLICABLE,,,
598,training-semantic-classifier-v2,training-semantic-registry-v2,7f7c6e88f31a7e4be4fb03761b58b380c6b37070297172a713b2d8a5ba9f14f8,a619932df9f2c4241330826cdd4b728164df7fa1672b2941e04fab621da8a78a,[],[],NO_CAPABILITY_APPLICABLE,,,
599,training-semantic-classifier-v2,training-semantic-registry-v2,7f7c6e88f31a7e4be4fb03761b58b380c6b37070297172a713b2d8a5ba9f14f8,a619932df9f2c4241330826cdd4b728164df7fa1672b2941e04fab621da8a78a,[],[],NO_CAPABILITY_APPLICABLE,,,
600,training-semantic-classifier-v2,training-semantic-registry-v2,7f7c6e88f31a7e4be4fb03761b58b380c6b37070297172a713b2d8a5ba9f14f8,a619932df9f2c4241330826cdd4b728164df7fa1672b2941e04fab621da8a78a,[],[],NO_CAPABILITY_APPLICABLE,,,
601,training-semantic-classifier-v2,training-semantic-registry-v2,7f7c6e88f31a7e4be4fb03761b58b380c6b37070297172a713b2d8a5ba9f14f8,a619932df9f2c4241330826cdd4b728164df7fa1672b2941e04fab621da8a78a,[],[],NO_CAPABILITY_APPLICABLE,,,
602,training-semantic-classifier-v2,training-semantic-registry-v2,7f7c6e88f31a7e4be4fb03761b58b380c6b37070297172a713b2d8a5ba9f14f8,a619932df9f2c4241330826cdd4b728164df7fa1672b2941e04fab621da8a78a,[],[],NO_CAPABILITY_APPLICABLE,,,
603,training-semantic-classifier-v2,training-semantic-registry-v2,7f7c6e88f31a7e4be4fb03761b58b380c6b37070297172a713b2d8a5ba9f14f8,a619932df9f2c4241330826cdd4b728164df7fa1672b2941e04fab621da8a78a,[],[],NO_CAPABILITY_APPLICABLE,,,
604,training-semantic-classifier-v2,training-semantic-registry-v2,7f7c6e88f31a7e4be4fb03761b58b380c6b37070297172a713b2d8a5ba9f14f8,a619932df9f2c4241330826cdd4b728164df7fa1672b2941e04fab621da8a78a,[],[],NO_CAPABILITY_APPLICABLE,,,
605,training-semantic-classifier-v2,training-semantic-registry-v2,7f7c6e88f31a7e4be4fb03761b58b380c6b37070297172a713b2d8a5ba9f14f8,a619932df9f2c4241330826cdd4b728164df7fa1672b2941e04fab621da8a78a,[],[],NO_CAPABILITY_APPLICABLE,,,
606,training-semantic-classifier-v2,training-semantic-registry-v2,7f7c6e88f31a7e4be4fb03761b58b380c6b37070297172a713b2d8a5ba9f14f8,a619932df9f2c4241330826cdd4b728164df7fa1672b2941e04fab621da8a78a,[],[],NO_CAPABILITY_APPLICABLE,,,
607,training-semantic-classifier-v2,training-semantic-registry-v2,7f7c6e88f31a7e4be4fb03761b58b380c6b37070297172a713b2d8a5ba9f14f8,a619932df9f2c4241330826cdd4b728164df7fa1672b2941e04fab621da8a78a,[],[],UNMODELED,,,
608,training-semantic-classifier-v2,training-semantic-registry-v2,7f7c6e88f31a7e4be4fb03761b58b380c6b37070297172a713b2d8a5ba9f14f8,a619932df9f2c4241330826cdd4b728164df7fa1672b2941e04fab621da8a78a,[],"[{""functionCode"":""BARBELL_SUPPORT"",""relationType"":""DIRECT"",""classificationConfidence"":""EXPLICIT""}]",NO_CAPABILITY_APPLICABLE,,Training Function assignment does not imply complete exercise semantic coverage.,
610,training-semantic-classifier-v2,training-semantic-registry-v2,7f7c6e88f31a7e4be4fb03761b58b380c6b37070297172a713b2d8a5ba9f14f8,a619932df9f2c4241330826cdd4b728164df7fa1672b2941e04fab621da8a78a,[],[],NO_CAPABILITY_APPLICABLE,,,
611,training-semantic-classifier-v2,training-semantic-registry-v2,7f7c6e88f31a7e4be4fb03761b58b380c6b37070297172a713b2d8a5ba9f14f8,a619932df9f2c4241330826cdd4b728164df7fa1672b2941e04fab621da8a78a,[],[],NO_CAPABILITY_APPLICABLE,,,
612,training-semantic-classifier-v2,training-semantic-registry-v2,7f7c6e88f31a7e4be4fb03761b58b380c6b37070297172a713b2d8a5ba9f14f8,a619932df9f2c4241330826cdd4b728164df7fa1672b2941e04fab621da8a78a,[],[],UNMODELED,,,
613,training-semantic-classifier-v2,training-semantic-registry-v2,7f7c6e88f31a7e4be4fb03761b58b380c6b37070297172a713b2d8a5ba9f14f8,a619932df9f2c4241330826cdd4b728164df7fa1672b2941e04fab621da8a78a,[],[],UNMODELED,,,
614,training-semantic-classifier-v2,training-semantic-registry-v2,7f7c6e88f31a7e4be4fb03761b58b380c6b37070297172a713b2d8a5ba9f14f8,a619932df9f2c4241330826cdd4b728164df7fa1672b2941e04fab621da8a78a,[],[],UNMODELED,,,
615,training-semantic-classifier-v2,training-semantic-registry-v2,7f7c6e88f31a7e4be4fb03761b58b380c6b37070297172a713b2d8a5ba9f14f8,a619932df9f2c4241330826cdd4b728164df7fa1672b2941e04fab621da8a78a,[],[],UNMODELED,,,
616,training-semantic-classifier-v2,training-semantic-registry-v2,7f7c6e88f31a7e4be4fb03761b58b380c6b37070297172a713b2d8a5ba9f14f8,a619932df9f2c4241330826cdd4b728164df7fa1672b2941e04fab621da8a78a,[],[],UNMODELED,,,
617,training-semantic-classifier-v2,training-semantic-registry-v2,7f7c6e88f31a7e4be4fb03761b58b380c6b37070297172a713b2d8a5ba9f14f8,a619932df9f2c4241330826cdd4b728164df7fa1672b2941e04fab621da8a78a,[],[],UNMODELED,,,
618,training-semantic-classifier-v2,training-semantic-registry-v2,7f7c6e88f31a7e4be4fb03761b58b380c6b37070297172a713b2d8a5ba9f14f8,a619932df9f2c4241330826cdd4b728164df7fa1672b2941e04fab621da8a78a,[],[],NO_CAPABILITY_APPLICABLE,,,
619,training-semantic-classifier-v2,training-semantic-registry-v2,7f7c6e88f31a7e4be4fb03761b58b380c6b37070297172a713b2d8a5ba9f14f8,a619932df9f2c4241330826cdd4b728164df7fa1672b2941e04fab621da8a78a,[],[],NO_CAPABILITY_APPLICABLE,,,
620,training-semantic-classifier-v2,training-semantic-registry-v2,7f7c6e88f31a7e4be4fb03761b58b380c6b37070297172a713b2d8a5ba9f14f8,a619932df9f2c4241330826cdd4b728164df7fa1672b2941e04fab621da8a78a,[],[],NO_CAPABILITY_APPLICABLE,,,
621,training-semantic-classifier-v2,training-semantic-registry-v2,7f7c6e88f31a7e4be4fb03761b58b380c6b37070297172a713b2d8a5ba9f14f8,a619932df9f2c4241330826cdd4b728164df7fa1672b2941e04fab621da8a78a,[],[],NO_CAPABILITY_APPLICABLE,,,
622,training-semantic-classifier-v2,training-semantic-registry-v2,7f7c6e88f31a7e4be4fb03761b58b380c6b37070297172a713b2d8a5ba9f14f8,a619932df9f2c4241330826cdd4b728164df7fa1672b2941e04fab621da8a78a,[],[],NO_CAPABILITY_APPLICABLE,,,
623,training-semantic-classifier-v2,training-semantic-registry-v2,7f7c6e88f31a7e4be4fb03761b58b380c6b37070297172a713b2d8a5ba9f14f8,a619932df9f2c4241330826cdd4b728164df7fa1672b2941e04fab621da8a78a,[],[],NO_CAPABILITY_APPLICABLE,,,
624,training-semantic-classifier-v2,training-semantic-registry-v2,7f7c6e88f31a7e4be4fb03761b58b380c6b37070297172a713b2d8a5ba9f14f8,a619932df9f2c4241330826cdd4b728164df7fa1672b2941e04fab621da8a78a,[],[],NO_CAPABILITY_APPLICABLE,,,
625,training-semantic-classifier-v2,training-semantic-registry-v2,7f7c6e88f31a7e4be4fb03761b58b380c6b37070297172a713b2d8a5ba9f14f8,a619932df9f2c4241330826cdd4b728164df7fa1672b2941e04fab621da8a78a,[],[],NO_CAPABILITY_APPLICABLE,,,
626,training-semantic-classifier-v2,training-semantic-registry-v2,7f7c6e88f31a7e4be4fb03761b58b380c6b37070297172a713b2d8a5ba9f14f8,a619932df9f2c4241330826cdd4b728164df7fa1672b2941e04fab621da8a78a,[],[],NO_CAPABILITY_APPLICABLE,,,
627,training-semantic-classifier-v2,training-semantic-registry-v2,7f7c6e88f31a7e4be4fb03761b58b380c6b37070297172a713b2d8a5ba9f14f8,a619932df9f2c4241330826cdd4b728164df7fa1672b2941e04fab621da8a78a,[],[],NO_CAPABILITY_APPLICABLE,,,
628,training-semantic-classifier-v2,training-semantic-registry-v2,7f7c6e88f31a7e4be4fb03761b58b380c6b37070297172a713b2d8a5ba9f14f8,a619932df9f2c4241330826cdd4b728164df7fa1672b2941e04fab621da8a78a,[],[],NO_CAPABILITY_APPLICABLE,,,
629,training-semantic-classifier-v2,training-semantic-registry-v2,7f7c6e88f31a7e4be4fb03761b58b380c6b37070297172a713b2d8a5ba9f14f8,a619932df9f2c4241330826cdd4b728164df7fa1672b2941e04fab621da8a78a,[],[],NO_CAPABILITY_APPLICABLE,,,
630,training-semantic-classifier-v2,training-semantic-registry-v2,7f7c6e88f31a7e4be4fb03761b58b380c6b37070297172a713b2d8a5ba9f14f8,a619932df9f2c4241330826cdd4b728164df7fa1672b2941e04fab621da8a78a,[],[],NO_CAPABILITY_APPLICABLE,,,
631,training-semantic-classifier-v2,training-semantic-registry-v2,7f7c6e88f31a7e4be4fb03761b58b380c6b37070297172a713b2d8a5ba9f14f8,a619932df9f2c4241330826cdd4b728164df7fa1672b2941e04fab621da8a78a,[],[],NO_CAPABILITY_APPLICABLE,,,
632,training-semantic-classifier-v2,training-semantic-registry-v2,7f7c6e88f31a7e4be4fb03761b58b380c6b37070297172a713b2d8a5ba9f14f8,a619932df9f2c4241330826cdd4b728164df7fa1672b2941e04fab621da8a78a,[],[],NO_CAPABILITY_APPLICABLE,,,
633,training-semantic-classifier-v2,training-semantic-registry-v2,7f7c6e88f31a7e4be4fb03761b58b380c6b37070297172a713b2d8a5ba9f14f8,a619932df9f2c4241330826cdd4b728164df7fa1672b2941e04fab621da8a78a,[],[],NO_CAPABILITY_APPLICABLE,,,
634,training-semantic-classifier-v2,training-semantic-registry-v2,7f7c6e88f31a7e4be4fb03761b58b380c6b37070297172a713b2d8a5ba9f14f8,a619932df9f2c4241330826cdd4b728164df7fa1672b2941e04fab621da8a78a,[],[],NO_CAPABILITY_APPLICABLE,,,
635,training-semantic-classifier-v2,training-semantic-registry-v2,7f7c6e88f31a7e4be4fb03761b58b380c6b37070297172a713b2d8a5ba9f14f8,a619932df9f2c4241330826cdd4b728164df7fa1672b2941e04fab621da8a78a,[],[],NO_CAPABILITY_APPLICABLE,,,
636,training-semantic-classifier-v2,training-semantic-registry-v2,7f7c6e88f31a7e4be4fb03761b58b380c6b37070297172a713b2d8a5ba9f14f8,a619932df9f2c4241330826cdd4b728164df7fa1672b2941e04fab621da8a78a,[],[],NO_CAPABILITY_APPLICABLE,,,
637,training-semantic-classifier-v2,training-semantic-registry-v2,7f7c6e88f31a7e4be4fb03761b58b380c6b37070297172a713b2d8a5ba9f14f8,a619932df9f2c4241330826cdd4b728164df7fa1672b2941e04fab621da8a78a,[],[],NO_CAPABILITY_APPLICABLE,,,
638,training-semantic-classifier-v2,training-semantic-registry-v2,7f7c6e88f31a7e4be4fb03761b58b380c6b37070297172a713b2d8a5ba9f14f8,a619932df9f2c4241330826cdd4b728164df7fa1672b2941e04fab621da8a78a,[],[],NO_CAPABILITY_APPLICABLE,,,
639,training-semantic-classifier-v2,training-semantic-registry-v2,7f7c6e88f31a7e4be4fb03761b58b380c6b37070297172a713b2d8a5ba9f14f8,a619932df9f2c4241330826cdd4b728164df7fa1672b2941e04fab621da8a78a,[],[],UNMODELED,,,
640,training-semantic-classifier-v2,training-semantic-registry-v2,7f7c6e88f31a7e4be4fb03761b58b380c6b37070297172a713b2d8a5ba9f14f8,a619932df9f2c4241330826cdd4b728164df7fa1672b2941e04fab621da8a78a,[],[],UNMODELED,,,
641,training-semantic-classifier-v2,training-semantic-registry-v2,7f7c6e88f31a7e4be4fb03761b58b380c6b37070297172a713b2d8a5ba9f14f8,a619932df9f2c4241330826cdd4b728164df7fa1672b2941e04fab621da8a78a,[],[],NO_CAPABILITY_APPLICABLE,,,
642,training-semantic-classifier-v2,training-semantic-registry-v2,7f7c6e88f31a7e4be4fb03761b58b380c6b37070297172a713b2d8a5ba9f14f8,a619932df9f2c4241330826cdd4b728164df7fa1672b2941e04fab621da8a78a,[],[],NO_CAPABILITY_APPLICABLE,,,
643,training-semantic-classifier-v2,training-semantic-registry-v2,7f7c6e88f31a7e4be4fb03761b58b380c6b37070297172a713b2d8a5ba9f14f8,a619932df9f2c4241330826cdd4b728164df7fa1672b2941e04fab621da8a78a,[],"[{""functionCode"":""BARBELL_SUPPORT"",""relationType"":""DIRECT"",""classificationConfidence"":""EXPLICIT""}]",NO_CAPABILITY_APPLICABLE,,Training Function assignment does not imply complete exercise semantic coverage.,
644,training-semantic-classifier-v2,training-semantic-registry-v2,7f7c6e88f31a7e4be4fb03761b58b380c6b37070297172a713b2d8a5ba9f14f8,a619932df9f2c4241330826cdd4b728164df7fa1672b2941e04fab621da8a78a,[],"[{""functionCode"":""BARBELL_SUPPORT"",""relationType"":""DIRECT"",""classificationConfidence"":""EXPLICIT""}]",NO_CAPABILITY_APPLICABLE,,Training Function assignment does not imply complete exercise semantic coverage.,
646,training-semantic-classifier-v2,training-semantic-registry-v2,7f7c6e88f31a7e4be4fb03761b58b380c6b37070297172a713b2d8a5ba9f14f8,a619932df9f2c4241330826cdd4b728164df7fa1672b2941e04fab621da8a78a,[],"[{""functionCode"":""BARBELL_SUPPORT"",""relationType"":""DIRECT"",""classificationConfidence"":""EXPLICIT""}]",NO_CAPABILITY_APPLICABLE,,Training Function assignment does not imply complete exercise semantic coverage.,
647,training-semantic-classifier-v2,training-semantic-registry-v2,7f7c6e88f31a7e4be4fb03761b58b380c6b37070297172a713b2d8a5ba9f14f8,a619932df9f2c4241330826cdd4b728164df7fa1672b2941e04fab621da8a78a,[],[],NO_CAPABILITY_APPLICABLE,,,
648,training-semantic-classifier-v2,training-semantic-registry-v2,7f7c6e88f31a7e4be4fb03761b58b380c6b37070297172a713b2d8a5ba9f14f8,a619932df9f2c4241330826cdd4b728164df7fa1672b2941e04fab621da8a78a,[],[],NO_CAPABILITY_APPLICABLE,,,
649,training-semantic-classifier-v2,training-semantic-registry-v2,7f7c6e88f31a7e4be4fb03761b58b380c6b37070297172a713b2d8a5ba9f14f8,a619932df9f2c4241330826cdd4b728164df7fa1672b2941e04fab621da8a78a,[],[],NO_CAPABILITY_APPLICABLE,,,
650,training-semantic-classifier-v2,training-semantic-registry-v2,7f7c6e88f31a7e4be4fb03761b58b380c6b37070297172a713b2d8a5ba9f14f8,a619932df9f2c4241330826cdd4b728164df7fa1672b2941e04fab621da8a78a,[],[],NO_CAPABILITY_APPLICABLE,,,
651,training-semantic-classifier-v2,training-semantic-registry-v2,7f7c6e88f31a7e4be4fb03761b58b380c6b37070297172a713b2d8a5ba9f14f8,a619932df9f2c4241330826cdd4b728164df7fa1672b2941e04fab621da8a78a,[],[],NO_CAPABILITY_APPLICABLE,,,
655,training-semantic-classifier-v2,training-semantic-registry-v2,7f7c6e88f31a7e4be4fb03761b58b380c6b37070297172a713b2d8a5ba9f14f8,a619932df9f2c4241330826cdd4b728164df7fa1672b2941e04fab621da8a78a,[],[],NO_CAPABILITY_APPLICABLE,,,
657,training-semantic-classifier-v2,training-semantic-registry-v2,7f7c6e88f31a7e4be4fb03761b58b380c6b37070297172a713b2d8a5ba9f14f8,a619932df9f2c4241330826cdd4b728164df7fa1672b2941e04fab621da8a78a,[],[],UNMODELED,,,
658,training-semantic-classifier-v2,training-semantic-registry-v2,7f7c6e88f31a7e4be4fb03761b58b380c6b37070297172a713b2d8a5ba9f14f8,a619932df9f2c4241330826cdd4b728164df7fa1672b2941e04fab621da8a78a,[],[],UNMODELED,,,
659,training-semantic-classifier-v2,training-semantic-registry-v2,7f7c6e88f31a7e4be4fb03761b58b380c6b37070297172a713b2d8a5ba9f14f8,a619932df9f2c4241330826cdd4b728164df7fa1672b2941e04fab621da8a78a,[],[],UNMODELED,,,SQUAT:squat
661,training-semantic-classifier-v2,training-semantic-registry-v2,7f7c6e88f31a7e4be4fb03761b58b380c6b37070297172a713b2d8a5ba9f14f8,a619932df9f2c4241330826cdd4b728164df7fa1672b2941e04fab621da8a78a,[],[],UNMODELED,,,
662,training-semantic-classifier-v2,training-semantic-registry-v2,7f7c6e88f31a7e4be4fb03761b58b380c6b37070297172a713b2d8a5ba9f14f8,a619932df9f2c4241330826cdd4b728164df7fa1672b2941e04fab621da8a78a,[],[],UNMODELED,,,
663,training-semantic-classifier-v2,training-semantic-registry-v2,7f7c6e88f31a7e4be4fb03761b58b380c6b37070297172a713b2d8a5ba9f14f8,a619932df9f2c4241330826cdd4b728164df7fa1672b2941e04fab621da8a78a,[],[],UNMODELED,,,
664,training-semantic-classifier-v2,training-semantic-registry-v2,7f7c6e88f31a7e4be4fb03761b58b380c6b37070297172a713b2d8a5ba9f14f8,a619932df9f2c4241330826cdd4b728164df7fa1672b2941e04fab621da8a78a,[],[],UNMODELED,,,
665,training-semantic-classifier-v2,training-semantic-registry-v2,7f7c6e88f31a7e4be4fb03761b58b380c6b37070297172a713b2d8a5ba9f14f8,a619932df9f2c4241330826cdd4b728164df7fa1672b2941e04fab621da8a78a,[],[],UNMODELED,,,
666,training-semantic-classifier-v2,training-semantic-registry-v2,7f7c6e88f31a7e4be4fb03761b58b380c6b37070297172a713b2d8a5ba9f14f8,a619932df9f2c4241330826cdd4b728164df7fa1672b2941e04fab621da8a78a,[],[],NO_CAPABILITY_APPLICABLE,,,
667,training-semantic-classifier-v2,training-semantic-registry-v2,7f7c6e88f31a7e4be4fb03761b58b380c6b37070297172a713b2d8a5ba9f14f8,a619932df9f2c4241330826cdd4b728164df7fa1672b2941e04fab621da8a78a,[],[],NO_CAPABILITY_APPLICABLE,,,
668,training-semantic-classifier-v2,training-semantic-registry-v2,7f7c6e88f31a7e4be4fb03761b58b380c6b37070297172a713b2d8a5ba9f14f8,a619932df9f2c4241330826cdd4b728164df7fa1672b2941e04fab621da8a78a,[],[],NO_CAPABILITY_APPLICABLE,,,
669,training-semantic-classifier-v2,training-semantic-registry-v2,7f7c6e88f31a7e4be4fb03761b58b380c6b37070297172a713b2d8a5ba9f14f8,a619932df9f2c4241330826cdd4b728164df7fa1672b2941e04fab621da8a78a,[],[],NO_CAPABILITY_APPLICABLE,,,
670,training-semantic-classifier-v2,training-semantic-registry-v2,7f7c6e88f31a7e4be4fb03761b58b380c6b37070297172a713b2d8a5ba9f14f8,a619932df9f2c4241330826cdd4b728164df7fa1672b2941e04fab621da8a78a,[],[],UNMODELED,,,
671,training-semantic-classifier-v2,training-semantic-registry-v2,7f7c6e88f31a7e4be4fb03761b58b380c6b37070297172a713b2d8a5ba9f14f8,a619932df9f2c4241330826cdd4b728164df7fa1672b2941e04fab621da8a78a,[],[],UNMODELED,,,
672,training-semantic-classifier-v2,training-semantic-registry-v2,7f7c6e88f31a7e4be4fb03761b58b380c6b37070297172a713b2d8a5ba9f14f8,a619932df9f2c4241330826cdd4b728164df7fa1672b2941e04fab621da8a78a,[],[],UNMODELED,,,
673,training-semantic-classifier-v2,training-semantic-registry-v2,7f7c6e88f31a7e4be4fb03761b58b380c6b37070297172a713b2d8a5ba9f14f8,a619932df9f2c4241330826cdd4b728164df7fa1672b2941e04fab621da8a78a,[],[],UNMODELED,,,
674,training-semantic-classifier-v2,training-semantic-registry-v2,7f7c6e88f31a7e4be4fb03761b58b380c6b37070297172a713b2d8a5ba9f14f8,a619932df9f2c4241330826cdd4b728164df7fa1672b2941e04fab621da8a78a,[],[],NO_CAPABILITY_APPLICABLE,,,
676,training-semantic-classifier-v2,training-semantic-registry-v2,7f7c6e88f31a7e4be4fb03761b58b380c6b37070297172a713b2d8a5ba9f14f8,a619932df9f2c4241330826cdd4b728164df7fa1672b2941e04fab621da8a78a,[],[],NO_CAPABILITY_APPLICABLE,,,
677,training-semantic-classifier-v2,training-semantic-registry-v2,7f7c6e88f31a7e4be4fb03761b58b380c6b37070297172a713b2d8a5ba9f14f8,a619932df9f2c4241330826cdd4b728164df7fa1672b2941e04fab621da8a78a,[],[],NO_CAPABILITY_APPLICABLE,,,
679,training-semantic-classifier-v2,training-semantic-registry-v2,7f7c6e88f31a7e4be4fb03761b58b380c6b37070297172a713b2d8a5ba9f14f8,a619932df9f2c4241330826cdd4b728164df7fa1672b2941e04fab621da8a78a,[],[],UNMODELED,,,
680,training-semantic-classifier-v2,training-semantic-registry-v2,7f7c6e88f31a7e4be4fb03761b58b380c6b37070297172a713b2d8a5ba9f14f8,a619932df9f2c4241330826cdd4b728164df7fa1672b2941e04fab621da8a78a,[],[],NO_CAPABILITY_APPLICABLE,,,
681,training-semantic-classifier-v2,training-semantic-registry-v2,7f7c6e88f31a7e4be4fb03761b58b380c6b37070297172a713b2d8a5ba9f14f8,a619932df9f2c4241330826cdd4b728164df7fa1672b2941e04fab621da8a78a,[],[],NO_CAPABILITY_APPLICABLE,,,
683,training-semantic-classifier-v2,training-semantic-registry-v2,7f7c6e88f31a7e4be4fb03761b58b380c6b37070297172a713b2d8a5ba9f14f8,a619932df9f2c4241330826cdd4b728164df7fa1672b2941e04fab621da8a78a,[],[],UNMODELED,,,
684,training-semantic-classifier-v2,training-semantic-registry-v2,7f7c6e88f31a7e4be4fb03761b58b380c6b37070297172a713b2d8a5ba9f14f8,a619932df9f2c4241330826cdd4b728164df7fa1672b2941e04fab621da8a78a,[],[],UNMODELED,,,
685,training-semantic-classifier-v2,training-semantic-registry-v2,7f7c6e88f31a7e4be4fb03761b58b380c6b37070297172a713b2d8a5ba9f14f8,a619932df9f2c4241330826cdd4b728164df7fa1672b2941e04fab621da8a78a,[],[],UNMODELED,,,
686,training-semantic-classifier-v2,training-semantic-registry-v2,7f7c6e88f31a7e4be4fb03761b58b380c6b37070297172a713b2d8a5ba9f14f8,a619932df9f2c4241330826cdd4b728164df7fa1672b2941e04fab621da8a78a,[],[],UNMODELED,,,
688,training-semantic-classifier-v2,training-semantic-registry-v2,7f7c6e88f31a7e4be4fb03761b58b380c6b37070297172a713b2d8a5ba9f14f8,a619932df9f2c4241330826cdd4b728164df7fa1672b2941e04fab621da8a78a,[],[],UNMODELED,,,
702,training-semantic-classifier-v2,training-semantic-registry-v2,7f7c6e88f31a7e4be4fb03761b58b380c6b37070297172a713b2d8a5ba9f14f8,a619932df9f2c4241330826cdd4b728164df7fa1672b2941e04fab621da8a78a,[],[],NO_CAPABILITY_APPLICABLE,,,
703,training-semantic-classifier-v2,training-semantic-registry-v2,7f7c6e88f31a7e4be4fb03761b58b380c6b37070297172a713b2d8a5ba9f14f8,a619932df9f2c4241330826cdd4b728164df7fa1672b2941e04fab621da8a78a,[],[],NO_CAPABILITY_APPLICABLE,,,
711,training-semantic-classifier-v2,training-semantic-registry-v2,7f7c6e88f31a7e4be4fb03761b58b380c6b37070297172a713b2d8a5ba9f14f8,a619932df9f2c4241330826cdd4b728164df7fa1672b2941e04fab621da8a78a,[],[],UNMODELED,,,
722,training-semantic-classifier-v2,training-semantic-registry-v2,7f7c6e88f31a7e4be4fb03761b58b380c6b37070297172a713b2d8a5ba9f14f8,a619932df9f2c4241330826cdd4b728164df7fa1672b2941e04fab621da8a78a,[],[],NO_CAPABILITY_APPLICABLE,,,
723,training-semantic-classifier-v2,training-semantic-registry-v2,7f7c6e88f31a7e4be4fb03761b58b380c6b37070297172a713b2d8a5ba9f14f8,a619932df9f2c4241330826cdd4b728164df7fa1672b2941e04fab621da8a78a,[],[],NO_CAPABILITY_APPLICABLE,,,
724,training-semantic-classifier-v2,training-semantic-registry-v2,7f7c6e88f31a7e4be4fb03761b58b380c6b37070297172a713b2d8a5ba9f14f8,a619932df9f2c4241330826cdd4b728164df7fa1672b2941e04fab621da8a78a,[],[],UNMODELED,,,
725,training-semantic-classifier-v2,training-semantic-registry-v2,7f7c6e88f31a7e4be4fb03761b58b380c6b37070297172a713b2d8a5ba9f14f8,a619932df9f2c4241330826cdd4b728164df7fa1672b2941e04fab621da8a78a,[],[],UNMODELED,,,
726,training-semantic-classifier-v2,training-semantic-registry-v2,7f7c6e88f31a7e4be4fb03761b58b380c6b37070297172a713b2d8a5ba9f14f8,a619932df9f2c4241330826cdd4b728164df7fa1672b2941e04fab621da8a78a,[],[],UNMODELED,,,
727,training-semantic-classifier-v2,training-semantic-registry-v2,7f7c6e88f31a7e4be4fb03761b58b380c6b37070297172a713b2d8a5ba9f14f8,a619932df9f2c4241330826cdd4b728164df7fa1672b2941e04fab621da8a78a,[],[],UNMODELED,,,
732,training-semantic-classifier-v2,training-semantic-registry-v2,7f7c6e88f31a7e4be4fb03761b58b380c6b37070297172a713b2d8a5ba9f14f8,a619932df9f2c4241330826cdd4b728164df7fa1672b2941e04fab621da8a78a,[],[],NO_CAPABILITY_APPLICABLE,,,
744,training-semantic-classifier-v2,training-semantic-registry-v2,7f7c6e88f31a7e4be4fb03761b58b380c6b37070297172a713b2d8a5ba9f14f8,a619932df9f2c4241330826cdd4b728164df7fa1672b2941e04fab621da8a78a,[],"[{""functionCode"":""BARBELL_SUPPORT"",""relationType"":""DIRECT"",""classificationConfidence"":""EXPLICIT""}]",UNMODELED,,Training Function assignment does not imply complete exercise semantic coverage.,
746,training-semantic-classifier-v2,training-semantic-registry-v2,7f7c6e88f31a7e4be4fb03761b58b380c6b37070297172a713b2d8a5ba9f14f8,a619932df9f2c4241330826cdd4b728164df7fa1672b2941e04fab621da8a78a,"[{""capabilityCode"":""PULL_UP"",""relationType"":""SUPPORTED"",""classificationConfidence"":""HIGH""}]","[{""functionCode"":""BARBELL_SUPPORT"",""relationType"":""DIRECT"",""classificationConfidence"":""EXPLICIT""}]",UNMODELED,,SUPPORTED assignment requires explicit module/configuration evidence.,SQUAT:squat
758,training-semantic-classifier-v2,training-semantic-registry-v2,7f7c6e88f31a7e4be4fb03761b58b380c6b37070297172a713b2d8a5ba9f14f8,a619932df9f2c4241330826cdd4b728164df7fa1672b2941e04fab621da8a78a,"[{""capabilityCode"":""PULL_UP"",""relationType"":""DIRECT"",""classificationConfidence"":""EXPLICIT""}]",[],UNMODELED,,,
760,training-semantic-classifier-v2,training-semantic-registry-v2,7f7c6e88f31a7e4be4fb03761b58b380c6b37070297172a713b2d8a5ba9f14f8,a619932df9f2c4241330826cdd4b728164df7fa1672b2941e04fab621da8a78a,"[{""capabilityCode"":""PULL_UP"",""relationType"":""SUPPORTED"",""classificationConfidence"":""HIGH""}]","[{""functionCode"":""BARBELL_SUPPORT"",""relationType"":""DIRECT"",""classificationConfidence"":""EXPLICIT""}]",UNMODELED,,SUPPORTED assignment requires explicit module/configuration evidence.,
761,training-semantic-classifier-v2,training-semantic-registry-v2,7f7c6e88f31a7e4be4fb03761b58b380c6b37070297172a713b2d8a5ba9f14f8,a619932df9f2c4241330826cdd4b728164df7fa1672b2941e04fab621da8a78a,[],"[{""functionCode"":""BARBELL_SUPPORT"",""relationType"":""DIRECT"",""classificationConfidence"":""EXPLICIT""}]",UNMODELED,,Training Function assignment does not imply complete exercise semantic coverage.,SQUAT:squat
763,training-semantic-classifier-v2,training-semantic-registry-v2,7f7c6e88f31a7e4be4fb03761b58b380c6b37070297172a713b2d8a5ba9f14f8,a619932df9f2c4241330826cdd4b728164df7fa1672b2941e04fab621da8a78a,[],[],UNMODELED,,,
764,training-semantic-classifier-v2,training-semantic-registry-v2,7f7c6e88f31a7e4be4fb03761b58b380c6b37070297172a713b2d8a5ba9f14f8,a619932df9f2c4241330826cdd4b728164df7fa1672b2941e04fab621da8a78a,[],[],UNMODELED,,,
765,training-semantic-classifier-v2,training-semantic-registry-v2,7f7c6e88f31a7e4be4fb03761b58b380c6b37070297172a713b2d8a5ba9f14f8,a619932df9f2c4241330826cdd4b728164df7fa1672b2941e04fab621da8a78a,[],[],UNMODELED,,,
766,training-semantic-classifier-v2,training-semantic-registry-v2,7f7c6e88f31a7e4be4fb03761b58b380c6b37070297172a713b2d8a5ba9f14f8,a619932df9f2c4241330826cdd4b728164df7fa1672b2941e04fab621da8a78a,[],[],UNMODELED,,,
767,training-semantic-classifier-v2,training-semantic-registry-v2,7f7c6e88f31a7e4be4fb03761b58b380c6b37070297172a713b2d8a5ba9f14f8,a619932df9f2c4241330826cdd4b728164df7fa1672b2941e04fab621da8a78a,[],[],UNMODELED,,,
768,training-semantic-classifier-v2,training-semantic-registry-v2,7f7c6e88f31a7e4be4fb03761b58b380c6b37070297172a713b2d8a5ba9f14f8,a619932df9f2c4241330826cdd4b728164df7fa1672b2941e04fab621da8a78a,[],[],UNMODELED,,,
769,training-semantic-classifier-v2,training-semantic-registry-v2,7f7c6e88f31a7e4be4fb03761b58b380c6b37070297172a713b2d8a5ba9f14f8,a619932df9f2c4241330826cdd4b728164df7fa1672b2941e04fab621da8a78a,[],[],UNMODELED,,,
772,training-semantic-classifier-v2,training-semantic-registry-v2,7f7c6e88f31a7e4be4fb03761b58b380c6b37070297172a713b2d8a5ba9f14f8,a619932df9f2c4241330826cdd4b728164df7fa1672b2941e04fab621da8a78a,[],[],UNMODELED,,,
773,training-semantic-classifier-v2,training-semantic-registry-v2,7f7c6e88f31a7e4be4fb03761b58b380c6b37070297172a713b2d8a5ba9f14f8,a619932df9f2c4241330826cdd4b728164df7fa1672b2941e04fab621da8a78a,[],"[{""functionCode"":""BARBELL_SUPPORT"",""relationType"":""DIRECT"",""classificationConfidence"":""EXPLICIT""}]",UNMODELED,,Training Function assignment does not imply complete exercise semantic coverage.,
774,training-semantic-classifier-v2,training-semantic-registry-v2,7f7c6e88f31a7e4be4fb03761b58b380c6b37070297172a713b2d8a5ba9f14f8,a619932df9f2c4241330826cdd4b728164df7fa1672b2941e04fab621da8a78a,[],"[{""functionCode"":""BARBELL_SUPPORT"",""relationType"":""DIRECT"",""classificationConfidence"":""EXPLICIT""}]",NO_CAPABILITY_APPLICABLE,,Training Function assignment does not imply complete exercise semantic coverage.,
775,training-semantic-classifier-v2,training-semantic-registry-v2,7f7c6e88f31a7e4be4fb03761b58b380c6b37070297172a713b2d8a5ba9f14f8,a619932df9f2c4241330826cdd4b728164df7fa1672b2941e04fab621da8a78a,[],[],UNMODELED,,,
776,training-semantic-classifier-v2,training-semantic-registry-v2,7f7c6e88f31a7e4be4fb03761b58b380c6b37070297172a713b2d8a5ba9f14f8,a619932df9f2c4241330826cdd4b728164df7fa1672b2941e04fab621da8a78a,[],[],UNMODELED,,,
777,training-semantic-classifier-v2,training-semantic-registry-v2,7f7c6e88f31a7e4be4fb03761b58b380c6b37070297172a713b2d8a5ba9f14f8,a619932df9f2c4241330826cdd4b728164df7fa1672b2941e04fab621da8a78a,"[{""capabilityCode"":""PULL_UP"",""relationType"":""DIRECT"",""classificationConfidence"":""EXPLICIT""}]",[],UNMODELED,,,
779,training-semantic-classifier-v2,training-semantic-registry-v2,7f7c6e88f31a7e4be4fb03761b58b380c6b37070297172a713b2d8a5ba9f14f8,a619932df9f2c4241330826cdd4b728164df7fa1672b2941e04fab621da8a78a,[],[],UNMODELED,,,
780,training-semantic-classifier-v2,training-semantic-registry-v2,7f7c6e88f31a7e4be4fb03761b58b380c6b37070297172a713b2d8a5ba9f14f8,a619932df9f2c4241330826cdd4b728164df7fa1672b2941e04fab621da8a78a,[],[],UNMODELED,,,
781,training-semantic-classifier-v2,training-semantic-registry-v2,7f7c6e88f31a7e4be4fb03761b58b380c6b37070297172a713b2d8a5ba9f14f8,a619932df9f2c4241330826cdd4b728164df7fa1672b2941e04fab621da8a78a,[],[],UNMODELED,,,
782,training-semantic-classifier-v2,training-semantic-registry-v2,7f7c6e88f31a7e4be4fb03761b58b380c6b37070297172a713b2d8a5ba9f14f8,a619932df9f2c4241330826cdd4b728164df7fa1672b2941e04fab621da8a78a,[],[],NO_CAPABILITY_APPLICABLE,,,
783,training-semantic-classifier-v2,training-semantic-registry-v2,7f7c6e88f31a7e4be4fb03761b58b380c6b37070297172a713b2d8a5ba9f14f8,a619932df9f2c4241330826cdd4b728164df7fa1672b2941e04fab621da8a78a,[],[],UNMODELED,,,
784,training-semantic-classifier-v2,training-semantic-registry-v2,7f7c6e88f31a7e4be4fb03761b58b380c6b37070297172a713b2d8a5ba9f14f8,a619932df9f2c4241330826cdd4b728164df7fa1672b2941e04fab621da8a78a,"[{""capabilityCode"":""PULL_UP"",""relationType"":""DIRECT"",""classificationConfidence"":""EXPLICIT""}]",[],UNMODELED,,,
785,training-semantic-classifier-v2,training-semantic-registry-v2,7f7c6e88f31a7e4be4fb03761b58b380c6b37070297172a713b2d8a5ba9f14f8,a619932df9f2c4241330826cdd4b728164df7fa1672b2941e04fab621da8a78a,"[{""capabilityCode"":""DIP"",""relationType"":""DIRECT"",""classificationConfidence"":""EXPLICIT""}]",[],UNMODELED,,,
786,training-semantic-classifier-v2,training-semantic-registry-v2,7f7c6e88f31a7e4be4fb03761b58b380c6b37070297172a713b2d8a5ba9f14f8,a619932df9f2c4241330826cdd4b728164df7fa1672b2941e04fab621da8a78a,"[{""capabilityCode"":""DIP"",""relationType"":""DIRECT"",""classificationConfidence"":""EXPLICIT""}]",[],UNMODELED,,,
787,training-semantic-classifier-v2,training-semantic-registry-v2,7f7c6e88f31a7e4be4fb03761b58b380c6b37070297172a713b2d8a5ba9f14f8,a619932df9f2c4241330826cdd4b728164df7fa1672b2941e04fab621da8a78a,[],[],NO_CAPABILITY_APPLICABLE,,,
788,training-semantic-classifier-v2,training-semantic-registry-v2,7f7c6e88f31a7e4be4fb03761b58b380c6b37070297172a713b2d8a5ba9f14f8,a619932df9f2c4241330826cdd4b728164df7fa1672b2941e04fab621da8a78a,[],[],NO_CAPABILITY_APPLICABLE,,,SQUAT:sentadilla
789,training-semantic-classifier-v2,training-semantic-registry-v2,7f7c6e88f31a7e4be4fb03761b58b380c6b37070297172a713b2d8a5ba9f14f8,a619932df9f2c4241330826cdd4b728164df7fa1672b2941e04fab621da8a78a,[],[],UNMODELED,,,
790,training-semantic-classifier-v2,training-semantic-registry-v2,7f7c6e88f31a7e4be4fb03761b58b380c6b37070297172a713b2d8a5ba9f14f8,a619932df9f2c4241330826cdd4b728164df7fa1672b2941e04fab621da8a78a,[],[],UNMODELED,,,
791,training-semantic-classifier-v2,training-semantic-registry-v2,7f7c6e88f31a7e4be4fb03761b58b380c6b37070297172a713b2d8a5ba9f14f8,a619932df9f2c4241330826cdd4b728164df7fa1672b2941e04fab621da8a78a,[],[],NO_CAPABILITY_APPLICABLE,,,
792,training-semantic-classifier-v2,training-semantic-registry-v2,7f7c6e88f31a7e4be4fb03761b58b380c6b37070297172a713b2d8a5ba9f14f8,a619932df9f2c4241330826cdd4b728164df7fa1672b2941e04fab621da8a78a,[],[],NO_CAPABILITY_APPLICABLE,,,
793,training-semantic-classifier-v2,training-semantic-registry-v2,7f7c6e88f31a7e4be4fb03761b58b380c6b37070297172a713b2d8a5ba9f14f8,a619932df9f2c4241330826cdd4b728164df7fa1672b2941e04fab621da8a78a,[],[],NO_CAPABILITY_APPLICABLE,,,
794,training-semantic-classifier-v2,training-semantic-registry-v2,7f7c6e88f31a7e4be4fb03761b58b380c6b37070297172a713b2d8a5ba9f14f8,a619932df9f2c4241330826cdd4b728164df7fa1672b2941e04fab621da8a78a,[],[],NO_CAPABILITY_APPLICABLE,,,
795,training-semantic-classifier-v2,training-semantic-registry-v2,7f7c6e88f31a7e4be4fb03761b58b380c6b37070297172a713b2d8a5ba9f14f8,a619932df9f2c4241330826cdd4b728164df7fa1672b2941e04fab621da8a78a,[],[],NO_CAPABILITY_APPLICABLE,,,
796,training-semantic-classifier-v2,training-semantic-registry-v2,7f7c6e88f31a7e4be4fb03761b58b380c6b37070297172a713b2d8a5ba9f14f8,a619932df9f2c4241330826cdd4b728164df7fa1672b2941e04fab621da8a78a,[],[],NO_CAPABILITY_APPLICABLE,,,
797,training-semantic-classifier-v2,training-semantic-registry-v2,7f7c6e88f31a7e4be4fb03761b58b380c6b37070297172a713b2d8a5ba9f14f8,a619932df9f2c4241330826cdd4b728164df7fa1672b2941e04fab621da8a78a,[],[],UNMODELED,,,SQUAT:squat
798,training-semantic-classifier-v2,training-semantic-registry-v2,7f7c6e88f31a7e4be4fb03761b58b380c6b37070297172a713b2d8a5ba9f14f8,a619932df9f2c4241330826cdd4b728164df7fa1672b2941e04fab621da8a78a,[],[],NO_CAPABILITY_APPLICABLE,,,
799,training-semantic-classifier-v2,training-semantic-registry-v2,7f7c6e88f31a7e4be4fb03761b58b380c6b37070297172a713b2d8a5ba9f14f8,a619932df9f2c4241330826cdd4b728164df7fa1672b2941e04fab621da8a78a,[],[],NO_CAPABILITY_APPLICABLE,,,
800,training-semantic-classifier-v2,training-semantic-registry-v2,7f7c6e88f31a7e4be4fb03761b58b380c6b37070297172a713b2d8a5ba9f14f8,a619932df9f2c4241330826cdd4b728164df7fa1672b2941e04fab621da8a78a,[],[],UNMODELED,,,
801,training-semantic-classifier-v2,training-semantic-registry-v2,7f7c6e88f31a7e4be4fb03761b58b380c6b37070297172a713b2d8a5ba9f14f8,a619932df9f2c4241330826cdd4b728164df7fa1672b2941e04fab621da8a78a,[],[],UNMODELED,,,
802,training-semantic-classifier-v2,training-semantic-registry-v2,7f7c6e88f31a7e4be4fb03761b58b380c6b37070297172a713b2d8a5ba9f14f8,a619932df9f2c4241330826cdd4b728164df7fa1672b2941e04fab621da8a78a,[],[],UNMODELED,,,
803,training-semantic-classifier-v2,training-semantic-registry-v2,7f7c6e88f31a7e4be4fb03761b58b380c6b37070297172a713b2d8a5ba9f14f8,a619932df9f2c4241330826cdd4b728164df7fa1672b2941e04fab621da8a78a,[],[],UNMODELED,,,
804,training-semantic-classifier-v2,training-semantic-registry-v2,7f7c6e88f31a7e4be4fb03761b58b380c6b37070297172a713b2d8a5ba9f14f8,a619932df9f2c4241330826cdd4b728164df7fa1672b2941e04fab621da8a78a,[],[],UNMODELED,,,
805,training-semantic-classifier-v2,training-semantic-registry-v2,7f7c6e88f31a7e4be4fb03761b58b380c6b37070297172a713b2d8a5ba9f14f8,a619932df9f2c4241330826cdd4b728164df7fa1672b2941e04fab621da8a78a,[],[],UNMODELED,,,
806,training-semantic-classifier-v2,training-semantic-registry-v2,7f7c6e88f31a7e4be4fb03761b58b380c6b37070297172a713b2d8a5ba9f14f8,a619932df9f2c4241330826cdd4b728164df7fa1672b2941e04fab621da8a78a,[],[],UNMODELED,,,
807,training-semantic-classifier-v2,training-semantic-registry-v2,7f7c6e88f31a7e4be4fb03761b58b380c6b37070297172a713b2d8a5ba9f14f8,a619932df9f2c4241330826cdd4b728164df7fa1672b2941e04fab621da8a78a,[],[],NO_CAPABILITY_APPLICABLE,,,
808,training-semantic-classifier-v2,training-semantic-registry-v2,7f7c6e88f31a7e4be4fb03761b58b380c6b37070297172a713b2d8a5ba9f14f8,a619932df9f2c4241330826cdd4b728164df7fa1672b2941e04fab621da8a78a,[],[],UNMODELED,,,
809,training-semantic-classifier-v2,training-semantic-registry-v2,7f7c6e88f31a7e4be4fb03761b58b380c6b37070297172a713b2d8a5ba9f14f8,a619932df9f2c4241330826cdd4b728164df7fa1672b2941e04fab621da8a78a,[],[],NO_CAPABILITY_APPLICABLE,,,
810,training-semantic-classifier-v2,training-semantic-registry-v2,7f7c6e88f31a7e4be4fb03761b58b380c6b37070297172a713b2d8a5ba9f14f8,a619932df9f2c4241330826cdd4b728164df7fa1672b2941e04fab621da8a78a,[],[],NO_CAPABILITY_APPLICABLE,,,
811,training-semantic-classifier-v2,training-semantic-registry-v2,7f7c6e88f31a7e4be4fb03761b58b380c6b37070297172a713b2d8a5ba9f14f8,a619932df9f2c4241330826cdd4b728164df7fa1672b2941e04fab621da8a78a,[],[],NO_CAPABILITY_APPLICABLE,,,
812,training-semantic-classifier-v2,training-semantic-registry-v2,7f7c6e88f31a7e4be4fb03761b58b380c6b37070297172a713b2d8a5ba9f14f8,a619932df9f2c4241330826cdd4b728164df7fa1672b2941e04fab621da8a78a,[],[],NO_CAPABILITY_APPLICABLE,,,
814,training-semantic-classifier-v2,training-semantic-registry-v2,7f7c6e88f31a7e4be4fb03761b58b380c6b37070297172a713b2d8a5ba9f14f8,a619932df9f2c4241330826cdd4b728164df7fa1672b2941e04fab621da8a78a,[],[],NO_CAPABILITY_APPLICABLE,,,
815,training-semantic-classifier-v2,training-semantic-registry-v2,7f7c6e88f31a7e4be4fb03761b58b380c6b37070297172a713b2d8a5ba9f14f8,a619932df9f2c4241330826cdd4b728164df7fa1672b2941e04fab621da8a78a,[],[],NO_CAPABILITY_APPLICABLE,,,
816,training-semantic-classifier-v2,training-semantic-registry-v2,7f7c6e88f31a7e4be4fb03761b58b380c6b37070297172a713b2d8a5ba9f14f8,a619932df9f2c4241330826cdd4b728164df7fa1672b2941e04fab621da8a78a,[],[],NO_CAPABILITY_APPLICABLE,,,
817,training-semantic-classifier-v2,training-semantic-registry-v2,7f7c6e88f31a7e4be4fb03761b58b380c6b37070297172a713b2d8a5ba9f14f8,a619932df9f2c4241330826cdd4b728164df7fa1672b2941e04fab621da8a78a,[],[],NO_CAPABILITY_APPLICABLE,,,
818,training-semantic-classifier-v2,training-semantic-registry-v2,7f7c6e88f31a7e4be4fb03761b58b380c6b37070297172a713b2d8a5ba9f14f8,a619932df9f2c4241330826cdd4b728164df7fa1672b2941e04fab621da8a78a,[],[],NO_CAPABILITY_APPLICABLE,,,
819,training-semantic-classifier-v2,training-semantic-registry-v2,7f7c6e88f31a7e4be4fb03761b58b380c6b37070297172a713b2d8a5ba9f14f8,a619932df9f2c4241330826cdd4b728164df7fa1672b2941e04fab621da8a78a,[],[],NO_CAPABILITY_APPLICABLE,,,
820,training-semantic-classifier-v2,training-semantic-registry-v2,7f7c6e88f31a7e4be4fb03761b58b380c6b37070297172a713b2d8a5ba9f14f8,a619932df9f2c4241330826cdd4b728164df7fa1672b2941e04fab621da8a78a,[],[],NO_CAPABILITY_APPLICABLE,,,
821,training-semantic-classifier-v2,training-semantic-registry-v2,7f7c6e88f31a7e4be4fb03761b58b380c6b37070297172a713b2d8a5ba9f14f8,a619932df9f2c4241330826cdd4b728164df7fa1672b2941e04fab621da8a78a,[],[],UNMODELED,,,
822,training-semantic-classifier-v2,training-semantic-registry-v2,7f7c6e88f31a7e4be4fb03761b58b380c6b37070297172a713b2d8a5ba9f14f8,a619932df9f2c4241330826cdd4b728164df7fa1672b2941e04fab621da8a78a,[],[],UNMODELED,,,
823,training-semantic-classifier-v2,training-semantic-registry-v2,7f7c6e88f31a7e4be4fb03761b58b380c6b37070297172a713b2d8a5ba9f14f8,a619932df9f2c4241330826cdd4b728164df7fa1672b2941e04fab621da8a78a,[],[],UNMODELED,,,
824,training-semantic-classifier-v2,training-semantic-registry-v2,7f7c6e88f31a7e4be4fb03761b58b380c6b37070297172a713b2d8a5ba9f14f8,a619932df9f2c4241330826cdd4b728164df7fa1672b2941e04fab621da8a78a,[],[],UNMODELED,,,
825,training-semantic-classifier-v2,training-semantic-registry-v2,7f7c6e88f31a7e4be4fb03761b58b380c6b37070297172a713b2d8a5ba9f14f8,a619932df9f2c4241330826cdd4b728164df7fa1672b2941e04fab621da8a78a,[],[],UNMODELED,,,
826,training-semantic-classifier-v2,training-semantic-registry-v2,7f7c6e88f31a7e4be4fb03761b58b380c6b37070297172a713b2d8a5ba9f14f8,a619932df9f2c4241330826cdd4b728164df7fa1672b2941e04fab621da8a78a,[],[],UNMODELED,,,
827,training-semantic-classifier-v2,training-semantic-registry-v2,7f7c6e88f31a7e4be4fb03761b58b380c6b37070297172a713b2d8a5ba9f14f8,a619932df9f2c4241330826cdd4b728164df7fa1672b2941e04fab621da8a78a,[],[],UNMODELED,,,
828,training-semantic-classifier-v2,training-semantic-registry-v2,7f7c6e88f31a7e4be4fb03761b58b380c6b37070297172a713b2d8a5ba9f14f8,a619932df9f2c4241330826cdd4b728164df7fa1672b2941e04fab621da8a78a,[],[],UNMODELED,,,
829,training-semantic-classifier-v2,training-semantic-registry-v2,7f7c6e88f31a7e4be4fb03761b58b380c6b37070297172a713b2d8a5ba9f14f8,a619932df9f2c4241330826cdd4b728164df7fa1672b2941e04fab621da8a78a,[],[],UNMODELED,,,
830,training-semantic-classifier-v2,training-semantic-registry-v2,7f7c6e88f31a7e4be4fb03761b58b380c6b37070297172a713b2d8a5ba9f14f8,a619932df9f2c4241330826cdd4b728164df7fa1672b2941e04fab621da8a78a,[],[],UNMODELED,,,
831,training-semantic-classifier-v2,training-semantic-registry-v2,7f7c6e88f31a7e4be4fb03761b58b380c6b37070297172a713b2d8a5ba9f14f8,a619932df9f2c4241330826cdd4b728164df7fa1672b2941e04fab621da8a78a,[],[],UNMODELED,,,
832,training-semantic-classifier-v2,training-semantic-registry-v2,7f7c6e88f31a7e4be4fb03761b58b380c6b37070297172a713b2d8a5ba9f14f8,a619932df9f2c4241330826cdd4b728164df7fa1672b2941e04fab621da8a78a,[],[],UNMODELED,,,
833,training-semantic-classifier-v2,training-semantic-registry-v2,7f7c6e88f31a7e4be4fb03761b58b380c6b37070297172a713b2d8a5ba9f14f8,a619932df9f2c4241330826cdd4b728164df7fa1672b2941e04fab621da8a78a,[],[],UNMODELED,,,
834,training-semantic-classifier-v2,training-semantic-registry-v2,7f7c6e88f31a7e4be4fb03761b58b380c6b37070297172a713b2d8a5ba9f14f8,a619932df9f2c4241330826cdd4b728164df7fa1672b2941e04fab621da8a78a,[],[],UNMODELED,,,
835,training-semantic-classifier-v2,training-semantic-registry-v2,7f7c6e88f31a7e4be4fb03761b58b380c6b37070297172a713b2d8a5ba9f14f8,a619932df9f2c4241330826cdd4b728164df7fa1672b2941e04fab621da8a78a,[],[],UNMODELED,,,
836,training-semantic-classifier-v2,training-semantic-registry-v2,7f7c6e88f31a7e4be4fb03761b58b380c6b37070297172a713b2d8a5ba9f14f8,a619932df9f2c4241330826cdd4b728164df7fa1672b2941e04fab621da8a78a,[],[],UNMODELED,,,
837,training-semantic-classifier-v2,training-semantic-registry-v2,7f7c6e88f31a7e4be4fb03761b58b380c6b37070297172a713b2d8a5ba9f14f8,a619932df9f2c4241330826cdd4b728164df7fa1672b2941e04fab621da8a78a,[],[],UNMODELED,,,
838,training-semantic-classifier-v2,training-semantic-registry-v2,7f7c6e88f31a7e4be4fb03761b58b380c6b37070297172a713b2d8a5ba9f14f8,a619932df9f2c4241330826cdd4b728164df7fa1672b2941e04fab621da8a78a,[],[],UNMODELED,,,
839,training-semantic-classifier-v2,training-semantic-registry-v2,7f7c6e88f31a7e4be4fb03761b58b380c6b37070297172a713b2d8a5ba9f14f8,a619932df9f2c4241330826cdd4b728164df7fa1672b2941e04fab621da8a78a,[],[],UNMODELED,,,
840,training-semantic-classifier-v2,training-semantic-registry-v2,7f7c6e88f31a7e4be4fb03761b58b380c6b37070297172a713b2d8a5ba9f14f8,a619932df9f2c4241330826cdd4b728164df7fa1672b2941e04fab621da8a78a,[],[],UNMODELED,,,
841,training-semantic-classifier-v2,training-semantic-registry-v2,7f7c6e88f31a7e4be4fb03761b58b380c6b37070297172a713b2d8a5ba9f14f8,a619932df9f2c4241330826cdd4b728164df7fa1672b2941e04fab621da8a78a,[],[],UNMODELED,,,
860,training-semantic-classifier-v2,training-semantic-registry-v2,7f7c6e88f31a7e4be4fb03761b58b380c6b37070297172a713b2d8a5ba9f14f8,a619932df9f2c4241330826cdd4b728164df7fa1672b2941e04fab621da8a78a,[],[],NO_CAPABILITY_APPLICABLE,,,
861,training-semantic-classifier-v2,training-semantic-registry-v2,7f7c6e88f31a7e4be4fb03761b58b380c6b37070297172a713b2d8a5ba9f14f8,a619932df9f2c4241330826cdd4b728164df7fa1672b2941e04fab621da8a78a,[],[],NO_CAPABILITY_APPLICABLE,,,
862,training-semantic-classifier-v2,training-semantic-registry-v2,7f7c6e88f31a7e4be4fb03761b58b380c6b37070297172a713b2d8a5ba9f14f8,a619932df9f2c4241330826cdd4b728164df7fa1672b2941e04fab621da8a78a,[],[],UNMODELED,,,
863,training-semantic-classifier-v2,training-semantic-registry-v2,7f7c6e88f31a7e4be4fb03761b58b380c6b37070297172a713b2d8a5ba9f14f8,a619932df9f2c4241330826cdd4b728164df7fa1672b2941e04fab621da8a78a,[],[],UNMODELED,,,
864,training-semantic-classifier-v2,training-semantic-registry-v2,7f7c6e88f31a7e4be4fb03761b58b380c6b37070297172a713b2d8a5ba9f14f8,a619932df9f2c4241330826cdd4b728164df7fa1672b2941e04fab621da8a78a,[],[],UNMODELED,,,
865,training-semantic-classifier-v2,training-semantic-registry-v2,7f7c6e88f31a7e4be4fb03761b58b380c6b37070297172a713b2d8a5ba9f14f8,a619932df9f2c4241330826cdd4b728164df7fa1672b2941e04fab621da8a78a,[],[],UNMODELED,,,
866,training-semantic-classifier-v2,training-semantic-registry-v2,7f7c6e88f31a7e4be4fb03761b58b380c6b37070297172a713b2d8a5ba9f14f8,a619932df9f2c4241330826cdd4b728164df7fa1672b2941e04fab621da8a78a,[],[],UNMODELED,,,
867,training-semantic-classifier-v2,training-semantic-registry-v2,7f7c6e88f31a7e4be4fb03761b58b380c6b37070297172a713b2d8a5ba9f14f8,a619932df9f2c4241330826cdd4b728164df7fa1672b2941e04fab621da8a78a,[],[],UNMODELED,,,
868,training-semantic-classifier-v2,training-semantic-registry-v2,7f7c6e88f31a7e4be4fb03761b58b380c6b37070297172a713b2d8a5ba9f14f8,a619932df9f2c4241330826cdd4b728164df7fa1672b2941e04fab621da8a78a,[],[],UNMODELED,,,
869,training-semantic-classifier-v2,training-semantic-registry-v2,7f7c6e88f31a7e4be4fb03761b58b380c6b37070297172a713b2d8a5ba9f14f8,a619932df9f2c4241330826cdd4b728164df7fa1672b2941e04fab621da8a78a,[],[],NO_CAPABILITY_APPLICABLE,,,
870,training-semantic-classifier-v2,training-semantic-registry-v2,7f7c6e88f31a7e4be4fb03761b58b380c6b37070297172a713b2d8a5ba9f14f8,a619932df9f2c4241330826cdd4b728164df7fa1672b2941e04fab621da8a78a,[],[],UNMODELED,,,
871,training-semantic-classifier-v2,training-semantic-registry-v2,7f7c6e88f31a7e4be4fb03761b58b380c6b37070297172a713b2d8a5ba9f14f8,a619932df9f2c4241330826cdd4b728164df7fa1672b2941e04fab621da8a78a,[],[],NO_CAPABILITY_APPLICABLE,,,
872,training-semantic-classifier-v2,training-semantic-registry-v2,7f7c6e88f31a7e4be4fb03761b58b380c6b37070297172a713b2d8a5ba9f14f8,a619932df9f2c4241330826cdd4b728164df7fa1672b2941e04fab621da8a78a,[],[],NO_CAPABILITY_APPLICABLE,,,
873,training-semantic-classifier-v2,training-semantic-registry-v2,7f7c6e88f31a7e4be4fb03761b58b380c6b37070297172a713b2d8a5ba9f14f8,a619932df9f2c4241330826cdd4b728164df7fa1672b2941e04fab621da8a78a,[],[],NO_CAPABILITY_APPLICABLE,,,
874,training-semantic-classifier-v2,training-semantic-registry-v2,7f7c6e88f31a7e4be4fb03761b58b380c6b37070297172a713b2d8a5ba9f14f8,a619932df9f2c4241330826cdd4b728164df7fa1672b2941e04fab621da8a78a,[],[],UNMODELED,,,
876,training-semantic-classifier-v2,training-semantic-registry-v2,7f7c6e88f31a7e4be4fb03761b58b380c6b37070297172a713b2d8a5ba9f14f8,a619932df9f2c4241330826cdd4b728164df7fa1672b2941e04fab621da8a78a,[],[],UNMODELED,,,
877,training-semantic-classifier-v2,training-semantic-registry-v2,7f7c6e88f31a7e4be4fb03761b58b380c6b37070297172a713b2d8a5ba9f14f8,a619932df9f2c4241330826cdd4b728164df7fa1672b2941e04fab621da8a78a,[],[],UNMODELED,,,
878,training-semantic-classifier-v2,training-semantic-registry-v2,7f7c6e88f31a7e4be4fb03761b58b380c6b37070297172a713b2d8a5ba9f14f8,a619932df9f2c4241330826cdd4b728164df7fa1672b2941e04fab621da8a78a,[],[],UNMODELED,,,
879,training-semantic-classifier-v2,training-semantic-registry-v2,7f7c6e88f31a7e4be4fb03761b58b380c6b37070297172a713b2d8a5ba9f14f8,a619932df9f2c4241330826cdd4b728164df7fa1672b2941e04fab621da8a78a,[],[],UNMODELED,,,
880,training-semantic-classifier-v2,training-semantic-registry-v2,7f7c6e88f31a7e4be4fb03761b58b380c6b37070297172a713b2d8a5ba9f14f8,a619932df9f2c4241330826cdd4b728164df7fa1672b2941e04fab621da8a78a,[],[],UNMODELED,,,
881,training-semantic-classifier-v2,training-semantic-registry-v2,7f7c6e88f31a7e4be4fb03761b58b380c6b37070297172a713b2d8a5ba9f14f8,a619932df9f2c4241330826cdd4b728164df7fa1672b2941e04fab621da8a78a,[],[],UNMODELED,,,
882,training-semantic-classifier-v2,training-semantic-registry-v2,7f7c6e88f31a7e4be4fb03761b58b380c6b37070297172a713b2d8a5ba9f14f8,a619932df9f2c4241330826cdd4b728164df7fa1672b2941e04fab621da8a78a,[],[],UNMODELED,,,
883,training-semantic-classifier-v2,training-semantic-registry-v2,7f7c6e88f31a7e4be4fb03761b58b380c6b37070297172a713b2d8a5ba9f14f8,a619932df9f2c4241330826cdd4b728164df7fa1672b2941e04fab621da8a78a,[],[],UNMODELED,,,
884,training-semantic-classifier-v2,training-semantic-registry-v2,7f7c6e88f31a7e4be4fb03761b58b380c6b37070297172a713b2d8a5ba9f14f8,a619932df9f2c4241330826cdd4b728164df7fa1672b2941e04fab621da8a78a,[],[],UNMODELED,,,
885,training-semantic-classifier-v2,training-semantic-registry-v2,7f7c6e88f31a7e4be4fb03761b58b380c6b37070297172a713b2d8a5ba9f14f8,a619932df9f2c4241330826cdd4b728164df7fa1672b2941e04fab621da8a78a,[],[],UNMODELED,,,
886,training-semantic-classifier-v2,training-semantic-registry-v2,7f7c6e88f31a7e4be4fb03761b58b380c6b37070297172a713b2d8a5ba9f14f8,a619932df9f2c4241330826cdd4b728164df7fa1672b2941e04fab621da8a78a,"[{""capabilityCode"":""PULL_UP"",""relationType"":""DIRECT"",""classificationConfidence"":""EXPLICIT""}]",[],UNMODELED,,,
887,training-semantic-classifier-v2,training-semantic-registry-v2,7f7c6e88f31a7e4be4fb03761b58b380c6b37070297172a713b2d8a5ba9f14f8,a619932df9f2c4241330826cdd4b728164df7fa1672b2941e04fab621da8a78a,"[{""capabilityCode"":""PULL_UP"",""relationType"":""SUPPORTED"",""classificationConfidence"":""HIGH""}]","[{""functionCode"":""BARBELL_SUPPORT"",""relationType"":""DIRECT"",""classificationConfidence"":""EXPLICIT""}]",UNMODELED,,SUPPORTED assignment requires explicit module/configuration evidence.,
888,training-semantic-classifier-v2,training-semantic-registry-v2,7f7c6e88f31a7e4be4fb03761b58b380c6b37070297172a713b2d8a5ba9f14f8,a619932df9f2c4241330826cdd4b728164df7fa1672b2941e04fab621da8a78a,[],"[{""functionCode"":""BARBELL_SUPPORT"",""relationType"":""DIRECT"",""classificationConfidence"":""EXPLICIT""}]",NO_CAPABILITY_APPLICABLE,,Training Function assignment does not imply complete exercise semantic coverage.,
889,training-semantic-classifier-v2,training-semantic-registry-v2,7f7c6e88f31a7e4be4fb03761b58b380c6b37070297172a713b2d8a5ba9f14f8,a619932df9f2c4241330826cdd4b728164df7fa1672b2941e04fab621da8a78a,"[{""capabilityCode"":""LEG_PRESS"",""relationType"":""DIRECT"",""classificationConfidence"":""EXPLICIT""}]","[{""functionCode"":""BARBELL_SUPPORT"",""relationType"":""DIRECT"",""classificationConfidence"":""EXPLICIT""}]",INSUFFICIENT_EVIDENCE,,,
890,training-semantic-classifier-v2,training-semantic-registry-v2,7f7c6e88f31a7e4be4fb03761b58b380c6b37070297172a713b2d8a5ba9f14f8,a619932df9f2c4241330826cdd4b728164df7fa1672b2941e04fab621da8a78a,[],"[{""functionCode"":""BARBELL_SUPPORT"",""relationType"":""DIRECT"",""classificationConfidence"":""EXPLICIT""}]",NO_CAPABILITY_APPLICABLE,,Training Function assignment does not imply complete exercise semantic coverage.,
891,training-semantic-classifier-v2,training-semantic-registry-v2,7f7c6e88f31a7e4be4fb03761b58b380c6b37070297172a713b2d8a5ba9f14f8,a619932df9f2c4241330826cdd4b728164df7fa1672b2941e04fab621da8a78a,[],"[{""functionCode"":""BARBELL_SUPPORT"",""relationType"":""DIRECT"",""classificationConfidence"":""EXPLICIT""}]",NO_CAPABILITY_APPLICABLE,,Training Function assignment does not imply complete exercise semantic coverage.,
892,training-semantic-classifier-v2,training-semantic-registry-v2,7f7c6e88f31a7e4be4fb03761b58b380c6b37070297172a713b2d8a5ba9f14f8,a619932df9f2c4241330826cdd4b728164df7fa1672b2941e04fab621da8a78a,[],"[{""functionCode"":""BARBELL_SUPPORT"",""relationType"":""DIRECT"",""classificationConfidence"":""EXPLICIT""}]",NO_CAPABILITY_APPLICABLE,,Training Function assignment does not imply complete exercise semantic coverage.,
893,training-semantic-classifier-v2,training-semantic-registry-v2,7f7c6e88f31a7e4be4fb03761b58b380c6b37070297172a713b2d8a5ba9f14f8,a619932df9f2c4241330826cdd4b728164df7fa1672b2941e04fab621da8a78a,[],"[{""functionCode"":""BARBELL_SUPPORT"",""relationType"":""DIRECT"",""classificationConfidence"":""EXPLICIT""}]",NO_CAPABILITY_APPLICABLE,,Training Function assignment does not imply complete exercise semantic coverage.,
894,training-semantic-classifier-v2,training-semantic-registry-v2,7f7c6e88f31a7e4be4fb03761b58b380c6b37070297172a713b2d8a5ba9f14f8,a619932df9f2c4241330826cdd4b728164df7fa1672b2941e04fab621da8a78a,[],"[{""functionCode"":""BARBELL_SUPPORT"",""relationType"":""DIRECT"",""classificationConfidence"":""EXPLICIT""}]",NO_CAPABILITY_APPLICABLE,,Training Function assignment does not imply complete exercise semantic coverage.,
895,training-semantic-classifier-v2,training-semantic-registry-v2,7f7c6e88f31a7e4be4fb03761b58b380c6b37070297172a713b2d8a5ba9f14f8,a619932df9f2c4241330826cdd4b728164df7fa1672b2941e04fab621da8a78a,[],"[{""functionCode"":""BARBELL_SUPPORT"",""relationType"":""DIRECT"",""classificationConfidence"":""EXPLICIT""}]",NO_CAPABILITY_APPLICABLE,,Training Function assignment does not imply complete exercise semantic coverage.,SQUAT:squat
896,training-semantic-classifier-v2,training-semantic-registry-v2,7f7c6e88f31a7e4be4fb03761b58b380c6b37070297172a713b2d8a5ba9f14f8,a619932df9f2c4241330826cdd4b728164df7fa1672b2941e04fab621da8a78a,[],"[{""functionCode"":""BARBELL_SUPPORT"",""relationType"":""DIRECT"",""classificationConfidence"":""EXPLICIT""}]",NO_CAPABILITY_APPLICABLE,,Training Function assignment does not imply complete exercise semantic coverage.,
897,training-semantic-classifier-v2,training-semantic-registry-v2,7f7c6e88f31a7e4be4fb03761b58b380c6b37070297172a713b2d8a5ba9f14f8,a619932df9f2c4241330826cdd4b728164df7fa1672b2941e04fab621da8a78a,[],"[{""functionCode"":""CABLE_RESISTANCE"",""relationType"":""DIRECT"",""classificationConfidence"":""EXPLICIT""}]",NO_CAPABILITY_APPLICABLE,,Training Function assignment does not imply complete exercise semantic coverage.,
898,training-semantic-classifier-v2,training-semantic-registry-v2,7f7c6e88f31a7e4be4fb03761b58b380c6b37070297172a713b2d8a5ba9f14f8,a619932df9f2c4241330826cdd4b728164df7fa1672b2941e04fab621da8a78a,[],[],NO_CAPABILITY_APPLICABLE,,,
899,training-semantic-classifier-v2,training-semantic-registry-v2,7f7c6e88f31a7e4be4fb03761b58b380c6b37070297172a713b2d8a5ba9f14f8,a619932df9f2c4241330826cdd4b728164df7fa1672b2941e04fab621da8a78a,"[{""capabilityCode"":""LAT_PULLDOWN"",""relationType"":""DIRECT"",""classificationConfidence"":""EXPLICIT""}]","[{""functionCode"":""CABLE_RESISTANCE"",""relationType"":""FAMILY_DERIVED"",""classificationConfidence"":""HIGH""}]",UNMODELED,,,
900,training-semantic-classifier-v2,training-semantic-registry-v2,7f7c6e88f31a7e4be4fb03761b58b380c6b37070297172a713b2d8a5ba9f14f8,a619932df9f2c4241330826cdd4b728164df7fa1672b2941e04fab621da8a78a,[],[],UNMODELED,,,
901,training-semantic-classifier-v2,training-semantic-registry-v2,7f7c6e88f31a7e4be4fb03761b58b380c6b37070297172a713b2d8a5ba9f14f8,a619932df9f2c4241330826cdd4b728164df7fa1672b2941e04fab621da8a78a,[],[],UNMODELED,,,
902,training-semantic-classifier-v2,training-semantic-registry-v2,7f7c6e88f31a7e4be4fb03761b58b380c6b37070297172a713b2d8a5ba9f14f8,a619932df9f2c4241330826cdd4b728164df7fa1672b2941e04fab621da8a78a,[],[],UNMODELED,,,
903,training-semantic-classifier-v2,training-semantic-registry-v2,7f7c6e88f31a7e4be4fb03761b58b380c6b37070297172a713b2d8a5ba9f14f8,a619932df9f2c4241330826cdd4b728164df7fa1672b2941e04fab621da8a78a,[],"[{""functionCode"":""BARBELL_SUPPORT"",""relationType"":""DIRECT"",""classificationConfidence"":""EXPLICIT""}]",UNMODELED,,Training Function assignment does not imply complete exercise semantic coverage.,
911,training-semantic-classifier-v2,training-semantic-registry-v2,7f7c6e88f31a7e4be4fb03761b58b380c6b37070297172a713b2d8a5ba9f14f8,a619932df9f2c4241330826cdd4b728164df7fa1672b2941e04fab621da8a78a,[],[],UNMODELED,,,
912,training-semantic-classifier-v2,training-semantic-registry-v2,7f7c6e88f31a7e4be4fb03761b58b380c6b37070297172a713b2d8a5ba9f14f8,a619932df9f2c4241330826cdd4b728164df7fa1672b2941e04fab621da8a78a,[],[],UNMODELED,,,
913,training-semantic-classifier-v2,training-semantic-registry-v2,7f7c6e88f31a7e4be4fb03761b58b380c6b37070297172a713b2d8a5ba9f14f8,a619932df9f2c4241330826cdd4b728164df7fa1672b2941e04fab621da8a78a,[],[],UNMODELED,,,
914,training-semantic-classifier-v2,training-semantic-registry-v2,7f7c6e88f31a7e4be4fb03761b58b380c6b37070297172a713b2d8a5ba9f14f8,a619932df9f2c4241330826cdd4b728164df7fa1672b2941e04fab621da8a78a,[],[],UNMODELED,,,
915,training-semantic-classifier-v2,training-semantic-registry-v2,7f7c6e88f31a7e4be4fb03761b58b380c6b37070297172a713b2d8a5ba9f14f8,a619932df9f2c4241330826cdd4b728164df7fa1672b2941e04fab621da8a78a,[],[],UNMODELED,,,
916,training-semantic-classifier-v2,training-semantic-registry-v2,7f7c6e88f31a7e4be4fb03761b58b380c6b37070297172a713b2d8a5ba9f14f8,a619932df9f2c4241330826cdd4b728164df7fa1672b2941e04fab621da8a78a,[],[],UNMODELED,,,
917,training-semantic-classifier-v2,training-semantic-registry-v2,7f7c6e88f31a7e4be4fb03761b58b380c6b37070297172a713b2d8a5ba9f14f8,a619932df9f2c4241330826cdd4b728164df7fa1672b2941e04fab621da8a78a,[],[],UNMODELED,,,
918,training-semantic-classifier-v2,training-semantic-registry-v2,7f7c6e88f31a7e4be4fb03761b58b380c6b37070297172a713b2d8a5ba9f14f8,a619932df9f2c4241330826cdd4b728164df7fa1672b2941e04fab621da8a78a,[],[],UNMODELED,,,
919,training-semantic-classifier-v2,training-semantic-registry-v2,7f7c6e88f31a7e4be4fb03761b58b380c6b37070297172a713b2d8a5ba9f14f8,a619932df9f2c4241330826cdd4b728164df7fa1672b2941e04fab621da8a78a,[],[],UNMODELED,,,
920,training-semantic-classifier-v2,training-semantic-registry-v2,7f7c6e88f31a7e4be4fb03761b58b380c6b37070297172a713b2d8a5ba9f14f8,a619932df9f2c4241330826cdd4b728164df7fa1672b2941e04fab621da8a78a,[],[],NO_CAPABILITY_APPLICABLE,,,
921,training-semantic-classifier-v2,training-semantic-registry-v2,7f7c6e88f31a7e4be4fb03761b58b380c6b37070297172a713b2d8a5ba9f14f8,a619932df9f2c4241330826cdd4b728164df7fa1672b2941e04fab621da8a78a,[],[],NO_CAPABILITY_APPLICABLE,,,
922,training-semantic-classifier-v2,training-semantic-registry-v2,7f7c6e88f31a7e4be4fb03761b58b380c6b37070297172a713b2d8a5ba9f14f8,a619932df9f2c4241330826cdd4b728164df7fa1672b2941e04fab621da8a78a,[],[],NO_CAPABILITY_APPLICABLE,,,
923,training-semantic-classifier-v2,training-semantic-registry-v2,7f7c6e88f31a7e4be4fb03761b58b380c6b37070297172a713b2d8a5ba9f14f8,a619932df9f2c4241330826cdd4b728164df7fa1672b2941e04fab621da8a78a,[],[],NO_CAPABILITY_APPLICABLE,,,
924,training-semantic-classifier-v2,training-semantic-registry-v2,7f7c6e88f31a7e4be4fb03761b58b380c6b37070297172a713b2d8a5ba9f14f8,a619932df9f2c4241330826cdd4b728164df7fa1672b2941e04fab621da8a78a,[],[],NO_CAPABILITY_APPLICABLE,,,
925,training-semantic-classifier-v2,training-semantic-registry-v2,7f7c6e88f31a7e4be4fb03761b58b380c6b37070297172a713b2d8a5ba9f14f8,a619932df9f2c4241330826cdd4b728164df7fa1672b2941e04fab621da8a78a,[],[],NO_CAPABILITY_APPLICABLE,,,
926,training-semantic-classifier-v2,training-semantic-registry-v2,7f7c6e88f31a7e4be4fb03761b58b380c6b37070297172a713b2d8a5ba9f14f8,a619932df9f2c4241330826cdd4b728164df7fa1672b2941e04fab621da8a78a,[],[],UNMODELED,,,
927,training-semantic-classifier-v2,training-semantic-registry-v2,7f7c6e88f31a7e4be4fb03761b58b380c6b37070297172a713b2d8a5ba9f14f8,a619932df9f2c4241330826cdd4b728164df7fa1672b2941e04fab621da8a78a,[],[],UNMODELED,,,
928,training-semantic-classifier-v2,training-semantic-registry-v2,7f7c6e88f31a7e4be4fb03761b58b380c6b37070297172a713b2d8a5ba9f14f8,a619932df9f2c4241330826cdd4b728164df7fa1672b2941e04fab621da8a78a,[],[],UNMODELED,,,
929,training-semantic-classifier-v2,training-semantic-registry-v2,7f7c6e88f31a7e4be4fb03761b58b380c6b37070297172a713b2d8a5ba9f14f8,a619932df9f2c4241330826cdd4b728164df7fa1672b2941e04fab621da8a78a,[],[],UNMODELED,,,
930,training-semantic-classifier-v2,training-semantic-registry-v2,7f7c6e88f31a7e4be4fb03761b58b380c6b37070297172a713b2d8a5ba9f14f8,a619932df9f2c4241330826cdd4b728164df7fa1672b2941e04fab621da8a78a,[],"[{""functionCode"":""BARBELL_SUPPORT"",""relationType"":""DIRECT"",""classificationConfidence"":""EXPLICIT""}]",NO_CAPABILITY_APPLICABLE,,Training Function assignment does not imply complete exercise semantic coverage.,SQUAT:squat
931,training-semantic-classifier-v2,training-semantic-registry-v2,7f7c6e88f31a7e4be4fb03761b58b380c6b37070297172a713b2d8a5ba9f14f8,a619932df9f2c4241330826cdd4b728164df7fa1672b2941e04fab621da8a78a,"[{""capabilityCode"":""LEG_PRESS"",""relationType"":""DIRECT"",""classificationConfidence"":""EXPLICIT""}]",[],UNMODELED,,,
932,training-semantic-classifier-v2,training-semantic-registry-v2,7f7c6e88f31a7e4be4fb03761b58b380c6b37070297172a713b2d8a5ba9f14f8,a619932df9f2c4241330826cdd4b728164df7fa1672b2941e04fab621da8a78a,[],[],UNMODELED,,,
933,training-semantic-classifier-v2,training-semantic-registry-v2,7f7c6e88f31a7e4be4fb03761b58b380c6b37070297172a713b2d8a5ba9f14f8,a619932df9f2c4241330826cdd4b728164df7fa1672b2941e04fab621da8a78a,"[{""capabilityCode"":""ROW"",""relationType"":""DIRECT"",""classificationConfidence"":""EXPLICIT""}]",[],UNMODELED,,,
934,training-semantic-classifier-v2,training-semantic-registry-v2,7f7c6e88f31a7e4be4fb03761b58b380c6b37070297172a713b2d8a5ba9f14f8,a619932df9f2c4241330826cdd4b728164df7fa1672b2941e04fab621da8a78a,"[{""capabilityCode"":""DIP"",""relationType"":""DIRECT"",""classificationConfidence"":""EXPLICIT""},{""capabilityCode"":""PULL_UP"",""relationType"":""DIRECT"",""classificationConfidence"":""HIGH""}]","[{""functionCode"":""BODYWEIGHT_SUPPORT"",""relationType"":""DIRECT"",""classificationConfidence"":""HIGH""}]",UNMODELED,,,
935,training-semantic-classifier-v2,training-semantic-registry-v2,7f7c6e88f31a7e4be4fb03761b58b380c6b37070297172a713b2d8a5ba9f14f8,a619932df9f2c4241330826cdd4b728164df7fa1672b2941e04fab621da8a78a,[],[],UNMODELED,,,
936,training-semantic-classifier-v2,training-semantic-registry-v2,7f7c6e88f31a7e4be4fb03761b58b380c6b37070297172a713b2d8a5ba9f14f8,a619932df9f2c4241330826cdd4b728164df7fa1672b2941e04fab621da8a78a,[],[],UNMODELED,,,
937,training-semantic-classifier-v2,training-semantic-registry-v2,7f7c6e88f31a7e4be4fb03761b58b380c6b37070297172a713b2d8a5ba9f14f8,a619932df9f2c4241330826cdd4b728164df7fa1672b2941e04fab621da8a78a,[],[],UNMODELED,,,
938,training-semantic-classifier-v2,training-semantic-registry-v2,7f7c6e88f31a7e4be4fb03761b58b380c6b37070297172a713b2d8a5ba9f14f8,a619932df9f2c4241330826cdd4b728164df7fa1672b2941e04fab621da8a78a,[],[],UNMODELED,,,
939,training-semantic-classifier-v2,training-semantic-registry-v2,7f7c6e88f31a7e4be4fb03761b58b380c6b37070297172a713b2d8a5ba9f14f8,a619932df9f2c4241330826cdd4b728164df7fa1672b2941e04fab621da8a78a,[],[],UNMODELED,,,
940,training-semantic-classifier-v2,training-semantic-registry-v2,7f7c6e88f31a7e4be4fb03761b58b380c6b37070297172a713b2d8a5ba9f14f8,a619932df9f2c4241330826cdd4b728164df7fa1672b2941e04fab621da8a78a,[],[],UNMODELED,,,
941,training-semantic-classifier-v2,training-semantic-registry-v2,7f7c6e88f31a7e4be4fb03761b58b380c6b37070297172a713b2d8a5ba9f14f8,a619932df9f2c4241330826cdd4b728164df7fa1672b2941e04fab621da8a78a,[],[],UNMODELED,,,
942,training-semantic-classifier-v2,training-semantic-registry-v2,7f7c6e88f31a7e4be4fb03761b58b380c6b37070297172a713b2d8a5ba9f14f8,a619932df9f2c4241330826cdd4b728164df7fa1672b2941e04fab621da8a78a,[],[],UNMODELED,,,
944,training-semantic-classifier-v2,training-semantic-registry-v2,7f7c6e88f31a7e4be4fb03761b58b380c6b37070297172a713b2d8a5ba9f14f8,a619932df9f2c4241330826cdd4b728164df7fa1672b2941e04fab621da8a78a,[],[],NO_CAPABILITY_APPLICABLE,,,
945,training-semantic-classifier-v2,training-semantic-registry-v2,7f7c6e88f31a7e4be4fb03761b58b380c6b37070297172a713b2d8a5ba9f14f8,a619932df9f2c4241330826cdd4b728164df7fa1672b2941e04fab621da8a78a,[],[],UNMODELED,,,
946,training-semantic-classifier-v2,training-semantic-registry-v2,7f7c6e88f31a7e4be4fb03761b58b380c6b37070297172a713b2d8a5ba9f14f8,a619932df9f2c4241330826cdd4b728164df7fa1672b2941e04fab621da8a78a,[],[],UNMODELED,,,
947,training-semantic-classifier-v2,training-semantic-registry-v2,7f7c6e88f31a7e4be4fb03761b58b380c6b37070297172a713b2d8a5ba9f14f8,a619932df9f2c4241330826cdd4b728164df7fa1672b2941e04fab621da8a78a,[],[],UNMODELED,,,
948,training-semantic-classifier-v2,training-semantic-registry-v2,7f7c6e88f31a7e4be4fb03761b58b380c6b37070297172a713b2d8a5ba9f14f8,a619932df9f2c4241330826cdd4b728164df7fa1672b2941e04fab621da8a78a,[],[],UNMODELED,,,
949,training-semantic-classifier-v2,training-semantic-registry-v2,7f7c6e88f31a7e4be4fb03761b58b380c6b37070297172a713b2d8a5ba9f14f8,a619932df9f2c4241330826cdd4b728164df7fa1672b2941e04fab621da8a78a,[],[],UNMODELED,,,
950,training-semantic-classifier-v2,training-semantic-registry-v2,7f7c6e88f31a7e4be4fb03761b58b380c6b37070297172a713b2d8a5ba9f14f8,a619932df9f2c4241330826cdd4b728164df7fa1672b2941e04fab621da8a78a,[],[],NO_CAPABILITY_APPLICABLE,,,
951,training-semantic-classifier-v2,training-semantic-registry-v2,7f7c6e88f31a7e4be4fb03761b58b380c6b37070297172a713b2d8a5ba9f14f8,a619932df9f2c4241330826cdd4b728164df7fa1672b2941e04fab621da8a78a,[],[],NO_CAPABILITY_APPLICABLE,,,
952,training-semantic-classifier-v2,training-semantic-registry-v2,7f7c6e88f31a7e4be4fb03761b58b380c6b37070297172a713b2d8a5ba9f14f8,a619932df9f2c4241330826cdd4b728164df7fa1672b2941e04fab621da8a78a,[],"[{""functionCode"":""BARBELL_SUPPORT"",""relationType"":""DIRECT"",""classificationConfidence"":""EXPLICIT""}]",NO_CAPABILITY_APPLICABLE,,Training Function assignment does not imply complete exercise semantic coverage.,
953,training-semantic-classifier-v2,training-semantic-registry-v2,7f7c6e88f31a7e4be4fb03761b58b380c6b37070297172a713b2d8a5ba9f14f8,a619932df9f2c4241330826cdd4b728164df7fa1672b2941e04fab621da8a78a,[],[],NO_CAPABILITY_APPLICABLE,,,
954,training-semantic-classifier-v2,training-semantic-registry-v2,7f7c6e88f31a7e4be4fb03761b58b380c6b37070297172a713b2d8a5ba9f14f8,a619932df9f2c4241330826cdd4b728164df7fa1672b2941e04fab621da8a78a,[],[],NO_CAPABILITY_APPLICABLE,,,
955,training-semantic-classifier-v2,training-semantic-registry-v2,7f7c6e88f31a7e4be4fb03761b58b380c6b37070297172a713b2d8a5ba9f14f8,a619932df9f2c4241330826cdd4b728164df7fa1672b2941e04fab621da8a78a,[],[],NO_CAPABILITY_APPLICABLE,,,
956,training-semantic-classifier-v2,training-semantic-registry-v2,7f7c6e88f31a7e4be4fb03761b58b380c6b37070297172a713b2d8a5ba9f14f8,a619932df9f2c4241330826cdd4b728164df7fa1672b2941e04fab621da8a78a,[],[],NO_CAPABILITY_APPLICABLE,,,
957,training-semantic-classifier-v2,training-semantic-registry-v2,7f7c6e88f31a7e4be4fb03761b58b380c6b37070297172a713b2d8a5ba9f14f8,a619932df9f2c4241330826cdd4b728164df7fa1672b2941e04fab621da8a78a,[],[],NO_CAPABILITY_APPLICABLE,,,
961,training-semantic-classifier-v2,training-semantic-registry-v2,7f7c6e88f31a7e4be4fb03761b58b380c6b37070297172a713b2d8a5ba9f14f8,a619932df9f2c4241330826cdd4b728164df7fa1672b2941e04fab621da8a78a,[],[],UNMODELED,,,
962,training-semantic-classifier-v2,training-semantic-registry-v2,7f7c6e88f31a7e4be4fb03761b58b380c6b37070297172a713b2d8a5ba9f14f8,a619932df9f2c4241330826cdd4b728164df7fa1672b2941e04fab621da8a78a,[],[],UNMODELED,,,
963,training-semantic-classifier-v2,training-semantic-registry-v2,7f7c6e88f31a7e4be4fb03761b58b380c6b37070297172a713b2d8a5ba9f14f8,a619932df9f2c4241330826cdd4b728164df7fa1672b2941e04fab621da8a78a,[],[],UNMODELED,,,
964,training-semantic-classifier-v2,training-semantic-registry-v2,7f7c6e88f31a7e4be4fb03761b58b380c6b37070297172a713b2d8a5ba9f14f8,a619932df9f2c4241330826cdd4b728164df7fa1672b2941e04fab621da8a78a,[],[],UNMODELED,,,
965,training-semantic-classifier-v2,training-semantic-registry-v2,7f7c6e88f31a7e4be4fb03761b58b380c6b37070297172a713b2d8a5ba9f14f8,a619932df9f2c4241330826cdd4b728164df7fa1672b2941e04fab621da8a78a,[],[],UNMODELED,,,
966,training-semantic-classifier-v2,training-semantic-registry-v2,7f7c6e88f31a7e4be4fb03761b58b380c6b37070297172a713b2d8a5ba9f14f8,a619932df9f2c4241330826cdd4b728164df7fa1672b2941e04fab621da8a78a,[],[],NO_CAPABILITY_APPLICABLE,,,
967,training-semantic-classifier-v2,training-semantic-registry-v2,7f7c6e88f31a7e4be4fb03761b58b380c6b37070297172a713b2d8a5ba9f14f8,a619932df9f2c4241330826cdd4b728164df7fa1672b2941e04fab621da8a78a,[],[],UNMODELED,,,
968,training-semantic-classifier-v2,training-semantic-registry-v2,7f7c6e88f31a7e4be4fb03761b58b380c6b37070297172a713b2d8a5ba9f14f8,a619932df9f2c4241330826cdd4b728164df7fa1672b2941e04fab621da8a78a,[],[],UNMODELED,,,
969,training-semantic-classifier-v2,training-semantic-registry-v2,7f7c6e88f31a7e4be4fb03761b58b380c6b37070297172a713b2d8a5ba9f14f8,a619932df9f2c4241330826cdd4b728164df7fa1672b2941e04fab621da8a78a,[],[],UNMODELED,,,
970,training-semantic-classifier-v2,training-semantic-registry-v2,7f7c6e88f31a7e4be4fb03761b58b380c6b37070297172a713b2d8a5ba9f14f8,a619932df9f2c4241330826cdd4b728164df7fa1672b2941e04fab621da8a78a,[],[],UNMODELED,,,
971,training-semantic-classifier-v2,training-semantic-registry-v2,7f7c6e88f31a7e4be4fb03761b58b380c6b37070297172a713b2d8a5ba9f14f8,a619932df9f2c4241330826cdd4b728164df7fa1672b2941e04fab621da8a78a,[],"[{""functionCode"":""BARBELL_SUPPORT"",""relationType"":""DIRECT"",""classificationConfidence"":""EXPLICIT""}]",UNMODELED,,Training Function assignment does not imply complete exercise semantic coverage.,
972,training-semantic-classifier-v2,training-semantic-registry-v2,7f7c6e88f31a7e4be4fb03761b58b380c6b37070297172a713b2d8a5ba9f14f8,a619932df9f2c4241330826cdd4b728164df7fa1672b2941e04fab621da8a78a,[],"[{""functionCode"":""BARBELL_SUPPORT"",""relationType"":""DIRECT"",""classificationConfidence"":""EXPLICIT""}]",UNMODELED,,Training Function assignment does not imply complete exercise semantic coverage.,
973,training-semantic-classifier-v2,training-semantic-registry-v2,7f7c6e88f31a7e4be4fb03761b58b380c6b37070297172a713b2d8a5ba9f14f8,a619932df9f2c4241330826cdd4b728164df7fa1672b2941e04fab621da8a78a,"[{""capabilityCode"":""PULL_UP"",""relationType"":""SUPPORTED"",""classificationConfidence"":""HIGH""}]","[{""functionCode"":""GUIDED_BARBELL_SUPPORT"",""relationType"":""DIRECT"",""classificationConfidence"":""EXPLICIT""}]",UNMODELED,,SUPPORTED assignment requires explicit module/configuration evidence.,
974,training-semantic-classifier-v2,training-semantic-registry-v2,7f7c6e88f31a7e4be4fb03761b58b380c6b37070297172a713b2d8a5ba9f14f8,a619932df9f2c4241330826cdd4b728164df7fa1672b2941e04fab621da8a78a,[],[],UNMODELED,,,
975,training-semantic-classifier-v2,training-semantic-registry-v2,7f7c6e88f31a7e4be4fb03761b58b380c6b37070297172a713b2d8a5ba9f14f8,a619932df9f2c4241330826cdd4b728164df7fa1672b2941e04fab621da8a78a,[],"[{""functionCode"":""BARBELL_SUPPORT"",""relationType"":""DIRECT"",""classificationConfidence"":""EXPLICIT""}]",UNMODELED,,Training Function assignment does not imply complete exercise semantic coverage.,SQUAT:squat
976,training-semantic-classifier-v2,training-semantic-registry-v2,7f7c6e88f31a7e4be4fb03761b58b380c6b37070297172a713b2d8a5ba9f14f8,a619932df9f2c4241330826cdd4b728164df7fa1672b2941e04fab621da8a78a,[],"[{""functionCode"":""CABLE_RESISTANCE"",""relationType"":""FAMILY_DERIVED"",""classificationConfidence"":""HIGH""},{""functionCode"":""MULTI_DIRECTIONAL_RESISTANCE"",""relationType"":""DIRECT"",""classificationConfidence"":""EXPLICIT""}]",UNMODELED,,Training Function assignment does not imply complete exercise semantic coverage.,
978,training-semantic-classifier-v2,training-semantic-registry-v2,7f7c6e88f31a7e4be4fb03761b58b380c6b37070297172a713b2d8a5ba9f14f8,a619932df9f2c4241330826cdd4b728164df7fa1672b2941e04fab621da8a78a,[],[],UNMODELED,,,
979,training-semantic-classifier-v2,training-semantic-registry-v2,7f7c6e88f31a7e4be4fb03761b58b380c6b37070297172a713b2d8a5ba9f14f8,a619932df9f2c4241330826cdd4b728164df7fa1672b2941e04fab621da8a78a,[],[],UNMODELED,,,
980,training-semantic-classifier-v2,training-semantic-registry-v2,7f7c6e88f31a7e4be4fb03761b58b380c6b37070297172a713b2d8a5ba9f14f8,a619932df9f2c4241330826cdd4b728164df7fa1672b2941e04fab621da8a78a,[],"[{""functionCode"":""BARBELL_SUPPORT"",""relationType"":""DIRECT"",""classificationConfidence"":""EXPLICIT""}]",UNMODELED,,Training Function assignment does not imply complete exercise semantic coverage.,
981,training-semantic-classifier-v2,training-semantic-registry-v2,7f7c6e88f31a7e4be4fb03761b58b380c6b37070297172a713b2d8a5ba9f14f8,a619932df9f2c4241330826cdd4b728164df7fa1672b2941e04fab621da8a78a,[],[],NO_CAPABILITY_APPLICABLE,,,
982,training-semantic-classifier-v2,training-semantic-registry-v2,7f7c6e88f31a7e4be4fb03761b58b380c6b37070297172a713b2d8a5ba9f14f8,a619932df9f2c4241330826cdd4b728164df7fa1672b2941e04fab621da8a78a,[],[],UNMODELED,,,
983,training-semantic-classifier-v2,training-semantic-registry-v2,7f7c6e88f31a7e4be4fb03761b58b380c6b37070297172a713b2d8a5ba9f14f8,a619932df9f2c4241330826cdd4b728164df7fa1672b2941e04fab621da8a78a,[],"[{""functionCode"":""BARBELL_SUPPORT"",""relationType"":""DIRECT"",""classificationConfidence"":""EXPLICIT""}]",NO_CAPABILITY_APPLICABLE,,Training Function assignment does not imply complete exercise semantic coverage.,
984,training-semantic-classifier-v2,training-semantic-registry-v2,7f7c6e88f31a7e4be4fb03761b58b380c6b37070297172a713b2d8a5ba9f14f8,a619932df9f2c4241330826cdd4b728164df7fa1672b2941e04fab621da8a78a,[],[],UNMODELED,,,
985,training-semantic-classifier-v2,training-semantic-registry-v2,7f7c6e88f31a7e4be4fb03761b58b380c6b37070297172a713b2d8a5ba9f14f8,a619932df9f2c4241330826cdd4b728164df7fa1672b2941e04fab621da8a78a,[],[],UNMODELED,,,
986,training-semantic-classifier-v2,training-semantic-registry-v2,7f7c6e88f31a7e4be4fb03761b58b380c6b37070297172a713b2d8a5ba9f14f8,a619932df9f2c4241330826cdd4b728164df7fa1672b2941e04fab621da8a78a,[],[],UNMODELED,,,
987,training-semantic-classifier-v2,training-semantic-registry-v2,7f7c6e88f31a7e4be4fb03761b58b380c6b37070297172a713b2d8a5ba9f14f8,a619932df9f2c4241330826cdd4b728164df7fa1672b2941e04fab621da8a78a,[],[],NO_CAPABILITY_APPLICABLE,,,
988,training-semantic-classifier-v2,training-semantic-registry-v2,7f7c6e88f31a7e4be4fb03761b58b380c6b37070297172a713b2d8a5ba9f14f8,a619932df9f2c4241330826cdd4b728164df7fa1672b2941e04fab621da8a78a,[],"[{""functionCode"":""CABLE_RESISTANCE"",""relationType"":""DIRECT"",""classificationConfidence"":""EXPLICIT""}]",NO_CAPABILITY_APPLICABLE,,Training Function assignment does not imply complete exercise semantic coverage.,
989,training-semantic-classifier-v2,training-semantic-registry-v2,7f7c6e88f31a7e4be4fb03761b58b380c6b37070297172a713b2d8a5ba9f14f8,a619932df9f2c4241330826cdd4b728164df7fa1672b2941e04fab621da8a78a,[],"[{""functionCode"":""CABLE_RESISTANCE"",""relationType"":""DIRECT"",""classificationConfidence"":""EXPLICIT""}]",NO_CAPABILITY_APPLICABLE,,Training Function assignment does not imply complete exercise semantic coverage.,
990,training-semantic-classifier-v2,training-semantic-registry-v2,7f7c6e88f31a7e4be4fb03761b58b380c6b37070297172a713b2d8a5ba9f14f8,a619932df9f2c4241330826cdd4b728164df7fa1672b2941e04fab621da8a78a,[],"[{""functionCode"":""CABLE_RESISTANCE"",""relationType"":""DIRECT"",""classificationConfidence"":""EXPLICIT""}]",INSUFFICIENT_EVIDENCE,,Training Function assignment does not imply complete exercise semantic coverage.,
991,training-semantic-classifier-v2,training-semantic-registry-v2,7f7c6e88f31a7e4be4fb03761b58b380c6b37070297172a713b2d8a5ba9f14f8,a619932df9f2c4241330826cdd4b728164df7fa1672b2941e04fab621da8a78a,[],"[{""functionCode"":""CABLE_RESISTANCE"",""relationType"":""DIRECT"",""classificationConfidence"":""EXPLICIT""}]",INSUFFICIENT_EVIDENCE,,Training Function assignment does not imply complete exercise semantic coverage.,
992,training-semantic-classifier-v2,training-semantic-registry-v2,7f7c6e88f31a7e4be4fb03761b58b380c6b37070297172a713b2d8a5ba9f14f8,a619932df9f2c4241330826cdd4b728164df7fa1672b2941e04fab621da8a78a,[],[],UNMODELED,,,
993,training-semantic-classifier-v2,training-semantic-registry-v2,7f7c6e88f31a7e4be4fb03761b58b380c6b37070297172a713b2d8a5ba9f14f8,a619932df9f2c4241330826cdd4b728164df7fa1672b2941e04fab621da8a78a,[],"[{""functionCode"":""GUIDED_BARBELL_SUPPORT"",""relationType"":""DIRECT"",""classificationConfidence"":""EXPLICIT""}]",UNMODELED,,Training Function assignment does not imply complete exercise semantic coverage.,
994,training-semantic-classifier-v2,training-semantic-registry-v2,7f7c6e88f31a7e4be4fb03761b58b380c6b37070297172a713b2d8a5ba9f14f8,a619932df9f2c4241330826cdd4b728164df7fa1672b2941e04fab621da8a78a,[],[],UNMODELED,,,SQUAT:squat
995,training-semantic-classifier-v2,training-semantic-registry-v2,7f7c6e88f31a7e4be4fb03761b58b380c6b37070297172a713b2d8a5ba9f14f8,a619932df9f2c4241330826cdd4b728164df7fa1672b2941e04fab621da8a78a,[],[],UNMODELED,,,
996,training-semantic-classifier-v2,training-semantic-registry-v2,7f7c6e88f31a7e4be4fb03761b58b380c6b37070297172a713b2d8a5ba9f14f8,a619932df9f2c4241330826cdd4b728164df7fa1672b2941e04fab621da8a78a,[],[],UNMODELED,,,
997,training-semantic-classifier-v2,training-semantic-registry-v2,7f7c6e88f31a7e4be4fb03761b58b380c6b37070297172a713b2d8a5ba9f14f8,a619932df9f2c4241330826cdd4b728164df7fa1672b2941e04fab621da8a78a,[],[],UNMODELED,,,
998,training-semantic-classifier-v2,training-semantic-registry-v2,7f7c6e88f31a7e4be4fb03761b58b380c6b37070297172a713b2d8a5ba9f14f8,a619932df9f2c4241330826cdd4b728164df7fa1672b2941e04fab621da8a78a,[],[],UNMODELED,,,
999,training-semantic-classifier-v2,training-semantic-registry-v2,7f7c6e88f31a7e4be4fb03761b58b380c6b37070297172a713b2d8a5ba9f14f8,a619932df9f2c4241330826cdd4b728164df7fa1672b2941e04fab621da8a78a,[],"[{""functionCode"":""BARBELL_SUPPORT"",""relationType"":""DIRECT"",""classificationConfidence"":""EXPLICIT""}]",NO_CAPABILITY_APPLICABLE,,Training Function assignment does not imply complete exercise semantic coverage.,
1000,training-semantic-classifier-v2,training-semantic-registry-v2,7f7c6e88f31a7e4be4fb03761b58b380c6b37070297172a713b2d8a5ba9f14f8,a619932df9f2c4241330826cdd4b728164df7fa1672b2941e04fab621da8a78a,[],"[{""functionCode"":""BARBELL_SUPPORT"",""relationType"":""DIRECT"",""classificationConfidence"":""EXPLICIT""}]",UNMODELED,,Training Function assignment does not imply complete exercise semantic coverage.,
1001,training-semantic-classifier-v2,training-semantic-registry-v2,7f7c6e88f31a7e4be4fb03761b58b380c6b37070297172a713b2d8a5ba9f14f8,a619932df9f2c4241330826cdd4b728164df7fa1672b2941e04fab621da8a78a,[],"[{""functionCode"":""BARBELL_SUPPORT"",""relationType"":""DIRECT"",""classificationConfidence"":""EXPLICIT""}]",NO_CAPABILITY_APPLICABLE,,Training Function assignment does not imply complete exercise semantic coverage.,
1002,training-semantic-classifier-v2,training-semantic-registry-v2,7f7c6e88f31a7e4be4fb03761b58b380c6b37070297172a713b2d8a5ba9f14f8,a619932df9f2c4241330826cdd4b728164df7fa1672b2941e04fab621da8a78a,[],"[{""functionCode"":""BARBELL_SUPPORT"",""relationType"":""DIRECT"",""classificationConfidence"":""EXPLICIT""}]",NO_CAPABILITY_APPLICABLE,,Training Function assignment does not imply complete exercise semantic coverage.,
1004,training-semantic-classifier-v2,training-semantic-registry-v2,7f7c6e88f31a7e4be4fb03761b58b380c6b37070297172a713b2d8a5ba9f14f8,a619932df9f2c4241330826cdd4b728164df7fa1672b2941e04fab621da8a78a,[],"[{""functionCode"":""CABLE_RESISTANCE"",""relationType"":""DIRECT"",""classificationConfidence"":""EXPLICIT""}]",NO_CAPABILITY_APPLICABLE,,Training Function assignment does not imply complete exercise semantic coverage.,
1005,training-semantic-classifier-v2,training-semantic-registry-v2,7f7c6e88f31a7e4be4fb03761b58b380c6b37070297172a713b2d8a5ba9f14f8,a619932df9f2c4241330826cdd4b728164df7fa1672b2941e04fab621da8a78a,[],[],UNMODELED,,,
1008,training-semantic-classifier-v2,training-semantic-registry-v2,7f7c6e88f31a7e4be4fb03761b58b380c6b37070297172a713b2d8a5ba9f14f8,a619932df9f2c4241330826cdd4b728164df7fa1672b2941e04fab621da8a78a,[],[],NO_CAPABILITY_APPLICABLE,,,
1009,training-semantic-classifier-v2,training-semantic-registry-v2,7f7c6e88f31a7e4be4fb03761b58b380c6b37070297172a713b2d8a5ba9f14f8,a619932df9f2c4241330826cdd4b728164df7fa1672b2941e04fab621da8a78a,[],[],UNMODELED,,,
1010,training-semantic-classifier-v2,training-semantic-registry-v2,7f7c6e88f31a7e4be4fb03761b58b380c6b37070297172a713b2d8a5ba9f14f8,a619932df9f2c4241330826cdd4b728164df7fa1672b2941e04fab621da8a78a,[],[],UNMODELED,,,
1011,training-semantic-classifier-v2,training-semantic-registry-v2,7f7c6e88f31a7e4be4fb03761b58b380c6b37070297172a713b2d8a5ba9f14f8,a619932df9f2c4241330826cdd4b728164df7fa1672b2941e04fab621da8a78a,"[{""capabilityCode"":""LEG_PRESS"",""relationType"":""DIRECT"",""classificationConfidence"":""EXPLICIT""}]",[],INSUFFICIENT_EVIDENCE,,,
1014,training-semantic-classifier-v2,training-semantic-registry-v2,7f7c6e88f31a7e4be4fb03761b58b380c6b37070297172a713b2d8a5ba9f14f8,a619932df9f2c4241330826cdd4b728164df7fa1672b2941e04fab621da8a78a,[],[],UNMODELED,,,
1015,training-semantic-classifier-v2,training-semantic-registry-v2,7f7c6e88f31a7e4be4fb03761b58b380c6b37070297172a713b2d8a5ba9f14f8,a619932df9f2c4241330826cdd4b728164df7fa1672b2941e04fab621da8a78a,[],[],UNMODELED,,,
1016,training-semantic-classifier-v2,training-semantic-registry-v2,7f7c6e88f31a7e4be4fb03761b58b380c6b37070297172a713b2d8a5ba9f14f8,a619932df9f2c4241330826cdd4b728164df7fa1672b2941e04fab621da8a78a,[],[],UNMODELED,,,
1019,training-semantic-classifier-v2,training-semantic-registry-v2,7f7c6e88f31a7e4be4fb03761b58b380c6b37070297172a713b2d8a5ba9f14f8,a619932df9f2c4241330826cdd4b728164df7fa1672b2941e04fab621da8a78a,[],[],UNMODELED,,,
1020,training-semantic-classifier-v2,training-semantic-registry-v2,7f7c6e88f31a7e4be4fb03761b58b380c6b37070297172a713b2d8a5ba9f14f8,a619932df9f2c4241330826cdd4b728164df7fa1672b2941e04fab621da8a78a,[],"[{""functionCode"":""CABLE_RESISTANCE"",""relationType"":""DIRECT"",""classificationConfidence"":""EXPLICIT""}]",INSUFFICIENT_EVIDENCE,,Training Function assignment does not imply complete exercise semantic coverage.,
1021,training-semantic-classifier-v2,training-semantic-registry-v2,7f7c6e88f31a7e4be4fb03761b58b380c6b37070297172a713b2d8a5ba9f14f8,a619932df9f2c4241330826cdd4b728164df7fa1672b2941e04fab621da8a78a,[],"[{""functionCode"":""CABLE_RESISTANCE"",""relationType"":""DIRECT"",""classificationConfidence"":""HIGH""},{""functionCode"":""GUIDED_BARBELL_SUPPORT"",""relationType"":""DIRECT"",""classificationConfidence"":""EXPLICIT""}]",UNMODELED,,Training Function assignment does not imply complete exercise semantic coverage.,
1022,training-semantic-classifier-v2,training-semantic-registry-v2,7f7c6e88f31a7e4be4fb03761b58b380c6b37070297172a713b2d8a5ba9f14f8,a619932df9f2c4241330826cdd4b728164df7fa1672b2941e04fab621da8a78a,[],"[{""functionCode"":""CABLE_RESISTANCE"",""relationType"":""FAMILY_DERIVED"",""classificationConfidence"":""HIGH""}]",NO_CAPABILITY_APPLICABLE,,Training Function assignment does not imply complete exercise semantic coverage.,
1023,training-semantic-classifier-v2,training-semantic-registry-v2,7f7c6e88f31a7e4be4fb03761b58b380c6b37070297172a713b2d8a5ba9f14f8,a619932df9f2c4241330826cdd4b728164df7fa1672b2941e04fab621da8a78a,[],[],INSUFFICIENT_EVIDENCE,,,
1024,training-semantic-classifier-v2,training-semantic-registry-v2,7f7c6e88f31a7e4be4fb03761b58b380c6b37070297172a713b2d8a5ba9f14f8,a619932df9f2c4241330826cdd4b728164df7fa1672b2941e04fab621da8a78a,[],[],NO_CAPABILITY_APPLICABLE,,,
1025,training-semantic-classifier-v2,training-semantic-registry-v2,7f7c6e88f31a7e4be4fb03761b58b380c6b37070297172a713b2d8a5ba9f14f8,a619932df9f2c4241330826cdd4b728164df7fa1672b2941e04fab621da8a78a,"[{""capabilityCode"":""LAT_PULLDOWN"",""relationType"":""DIRECT"",""classificationConfidence"":""EXPLICIT""},{""capabilityCode"":""ROW"",""relationType"":""DIRECT"",""classificationConfidence"":""EXPLICIT""}]","[{""functionCode"":""CABLE_RESISTANCE"",""relationType"":""DIRECT"",""classificationConfidence"":""EXPLICIT""}]",UNMODELED,,,
1026,training-semantic-classifier-v2,training-semantic-registry-v2,7f7c6e88f31a7e4be4fb03761b58b380c6b37070297172a713b2d8a5ba9f14f8,a619932df9f2c4241330826cdd4b728164df7fa1672b2941e04fab621da8a78a,[],[],NO_CAPABILITY_APPLICABLE,,,
1029,training-semantic-classifier-v2,training-semantic-registry-v2,7f7c6e88f31a7e4be4fb03761b58b380c6b37070297172a713b2d8a5ba9f14f8,a619932df9f2c4241330826cdd4b728164df7fa1672b2941e04fab621da8a78a,[],[],UNMODELED,,,
1030,training-semantic-classifier-v2,training-semantic-registry-v2,7f7c6e88f31a7e4be4fb03761b58b380c6b37070297172a713b2d8a5ba9f14f8,a619932df9f2c4241330826cdd4b728164df7fa1672b2941e04fab621da8a78a,[],[],UNMODELED,,,
1032,training-semantic-classifier-v2,training-semantic-registry-v2,7f7c6e88f31a7e4be4fb03761b58b380c6b37070297172a713b2d8a5ba9f14f8,a619932df9f2c4241330826cdd4b728164df7fa1672b2941e04fab621da8a78a,[],[],UNMODELED,,,
1033,training-semantic-classifier-v2,training-semantic-registry-v2,7f7c6e88f31a7e4be4fb03761b58b380c6b37070297172a713b2d8a5ba9f14f8,a619932df9f2c4241330826cdd4b728164df7fa1672b2941e04fab621da8a78a,[],[],UNMODELED,,,
1035,training-semantic-classifier-v2,training-semantic-registry-v2,7f7c6e88f31a7e4be4fb03761b58b380c6b37070297172a713b2d8a5ba9f14f8,a619932df9f2c4241330826cdd4b728164df7fa1672b2941e04fab621da8a78a,"[{""capabilityCode"":""PULL_UP"",""relationType"":""DIRECT"",""classificationConfidence"":""EXPLICIT""}]",[],UNMODELED,,,
1036,training-semantic-classifier-v2,training-semantic-registry-v2,7f7c6e88f31a7e4be4fb03761b58b380c6b37070297172a713b2d8a5ba9f14f8,a619932df9f2c4241330826cdd4b728164df7fa1672b2941e04fab621da8a78a,[],[],NO_CAPABILITY_APPLICABLE,,,
1038,training-semantic-classifier-v2,training-semantic-registry-v2,7f7c6e88f31a7e4be4fb03761b58b380c6b37070297172a713b2d8a5ba9f14f8,a619932df9f2c4241330826cdd4b728164df7fa1672b2941e04fab621da8a78a,[],[],UNMODELED,,,
1039,training-semantic-classifier-v2,training-semantic-registry-v2,7f7c6e88f31a7e4be4fb03761b58b380c6b37070297172a713b2d8a5ba9f14f8,a619932df9f2c4241330826cdd4b728164df7fa1672b2941e04fab621da8a78a,[],[],UNMODELED,,,
1040,training-semantic-classifier-v2,training-semantic-registry-v2,7f7c6e88f31a7e4be4fb03761b58b380c6b37070297172a713b2d8a5ba9f14f8,a619932df9f2c4241330826cdd4b728164df7fa1672b2941e04fab621da8a78a,[],[],UNMODELED,,,
1041,training-semantic-classifier-v2,training-semantic-registry-v2,7f7c6e88f31a7e4be4fb03761b58b380c6b37070297172a713b2d8a5ba9f14f8,a619932df9f2c4241330826cdd4b728164df7fa1672b2941e04fab621da8a78a,[],[],UNMODELED,,,
1042,training-semantic-classifier-v2,training-semantic-registry-v2,7f7c6e88f31a7e4be4fb03761b58b380c6b37070297172a713b2d8a5ba9f14f8,a619932df9f2c4241330826cdd4b728164df7fa1672b2941e04fab621da8a78a,[],[],UNMODELED,,,
1043,training-semantic-classifier-v2,training-semantic-registry-v2,7f7c6e88f31a7e4be4fb03761b58b380c6b37070297172a713b2d8a5ba9f14f8,a619932df9f2c4241330826cdd4b728164df7fa1672b2941e04fab621da8a78a,[],[],UNMODELED,,,
1044,training-semantic-classifier-v2,training-semantic-registry-v2,7f7c6e88f31a7e4be4fb03761b58b380c6b37070297172a713b2d8a5ba9f14f8,a619932df9f2c4241330826cdd4b728164df7fa1672b2941e04fab621da8a78a,[],[],UNMODELED,,,
1045,training-semantic-classifier-v2,training-semantic-registry-v2,7f7c6e88f31a7e4be4fb03761b58b380c6b37070297172a713b2d8a5ba9f14f8,a619932df9f2c4241330826cdd4b728164df7fa1672b2941e04fab621da8a78a,[],[],UNMODELED,,,
1046,training-semantic-classifier-v2,training-semantic-registry-v2,7f7c6e88f31a7e4be4fb03761b58b380c6b37070297172a713b2d8a5ba9f14f8,a619932df9f2c4241330826cdd4b728164df7fa1672b2941e04fab621da8a78a,[],[],UNMODELED,,,
1047,training-semantic-classifier-v2,training-semantic-registry-v2,7f7c6e88f31a7e4be4fb03761b58b380c6b37070297172a713b2d8a5ba9f14f8,a619932df9f2c4241330826cdd4b728164df7fa1672b2941e04fab621da8a78a,[],[],UNMODELED,,,
1048,training-semantic-classifier-v2,training-semantic-registry-v2,7f7c6e88f31a7e4be4fb03761b58b380c6b37070297172a713b2d8a5ba9f14f8,a619932df9f2c4241330826cdd4b728164df7fa1672b2941e04fab621da8a78a,[],[],UNMODELED,,,
1049,training-semantic-classifier-v2,training-semantic-registry-v2,7f7c6e88f31a7e4be4fb03761b58b380c6b37070297172a713b2d8a5ba9f14f8,a619932df9f2c4241330826cdd4b728164df7fa1672b2941e04fab621da8a78a,[],[],UNMODELED,,,
1050,training-semantic-classifier-v2,training-semantic-registry-v2,7f7c6e88f31a7e4be4fb03761b58b380c6b37070297172a713b2d8a5ba9f14f8,a619932df9f2c4241330826cdd4b728164df7fa1672b2941e04fab621da8a78a,[],[],UNMODELED,,,
1051,training-semantic-classifier-v2,training-semantic-registry-v2,7f7c6e88f31a7e4be4fb03761b58b380c6b37070297172a713b2d8a5ba9f14f8,a619932df9f2c4241330826cdd4b728164df7fa1672b2941e04fab621da8a78a,[],[],UNMODELED,,,
1052,training-semantic-classifier-v2,training-semantic-registry-v2,7f7c6e88f31a7e4be4fb03761b58b380c6b37070297172a713b2d8a5ba9f14f8,a619932df9f2c4241330826cdd4b728164df7fa1672b2941e04fab621da8a78a,[],[],UNMODELED,,,
1053,training-semantic-classifier-v2,training-semantic-registry-v2,7f7c6e88f31a7e4be4fb03761b58b380c6b37070297172a713b2d8a5ba9f14f8,a619932df9f2c4241330826cdd4b728164df7fa1672b2941e04fab621da8a78a,[],[],UNMODELED,,,
1055,training-semantic-classifier-v2,training-semantic-registry-v2,7f7c6e88f31a7e4be4fb03761b58b380c6b37070297172a713b2d8a5ba9f14f8,a619932df9f2c4241330826cdd4b728164df7fa1672b2941e04fab621da8a78a,[],[],NO_CAPABILITY_APPLICABLE,,,
1057,training-semantic-classifier-v2,training-semantic-registry-v2,7f7c6e88f31a7e4be4fb03761b58b380c6b37070297172a713b2d8a5ba9f14f8,a619932df9f2c4241330826cdd4b728164df7fa1672b2941e04fab621da8a78a,[],"[{""functionCode"":""BARBELL_SUPPORT"",""relationType"":""DIRECT"",""classificationConfidence"":""EXPLICIT""}]",UNMODELED,,Training Function assignment does not imply complete exercise semantic coverage.,
1058,training-semantic-classifier-v2,training-semantic-registry-v2,7f7c6e88f31a7e4be4fb03761b58b380c6b37070297172a713b2d8a5ba9f14f8,a619932df9f2c4241330826cdd4b728164df7fa1672b2941e04fab621da8a78a,[],"[{""functionCode"":""CABLE_RESISTANCE"",""relationType"":""DIRECT"",""classificationConfidence"":""HIGH""}]",UNMODELED,,Training Function assignment does not imply complete exercise semantic coverage.,
1059,training-semantic-classifier-v2,training-semantic-registry-v2,7f7c6e88f31a7e4be4fb03761b58b380c6b37070297172a713b2d8a5ba9f14f8,a619932df9f2c4241330826cdd4b728164df7fa1672b2941e04fab621da8a78a,"[{""capabilityCode"":""DIP"",""relationType"":""SUPPORTED"",""classificationConfidence"":""HIGH""},{""capabilityCode"":""PULL_UP"",""relationType"":""SUPPORTED"",""classificationConfidence"":""HIGH""}]","[{""functionCode"":""GUIDED_BARBELL_SUPPORT"",""relationType"":""DIRECT"",""classificationConfidence"":""EXPLICIT""}]",UNMODELED,,SUPPORTED assignment requires explicit module/configuration evidence.,
1060,training-semantic-classifier-v2,training-semantic-registry-v2,7f7c6e88f31a7e4be4fb03761b58b380c6b37070297172a713b2d8a5ba9f14f8,a619932df9f2c4241330826cdd4b728164df7fa1672b2941e04fab621da8a78a,[],[],UNMODELED,,,
1061,training-semantic-classifier-v2,training-semantic-registry-v2,7f7c6e88f31a7e4be4fb03761b58b380c6b37070297172a713b2d8a5ba9f14f8,a619932df9f2c4241330826cdd4b728164df7fa1672b2941e04fab621da8a78a,[],[],NO_CAPABILITY_APPLICABLE,,,
1062,training-semantic-classifier-v2,training-semantic-registry-v2,7f7c6e88f31a7e4be4fb03761b58b380c6b37070297172a713b2d8a5ba9f14f8,a619932df9f2c4241330826cdd4b728164df7fa1672b2941e04fab621da8a78a,[],[],NO_CAPABILITY_APPLICABLE,,,
1063,training-semantic-classifier-v2,training-semantic-registry-v2,7f7c6e88f31a7e4be4fb03761b58b380c6b37070297172a713b2d8a5ba9f14f8,a619932df9f2c4241330826cdd4b728164df7fa1672b2941e04fab621da8a78a,[],"[{""functionCode"":""BARBELL_SUPPORT"",""relationType"":""DIRECT"",""classificationConfidence"":""EXPLICIT""}]",UNMODELED,,Training Function assignment does not imply complete exercise semantic coverage.,
1065,training-semantic-classifier-v2,training-semantic-registry-v2,7f7c6e88f31a7e4be4fb03761b58b380c6b37070297172a713b2d8a5ba9f14f8,a619932df9f2c4241330826cdd4b728164df7fa1672b2941e04fab621da8a78a,"[{""capabilityCode"":""PULL_UP"",""relationType"":""DIRECT"",""classificationConfidence"":""EXPLICIT""}]",[],UNMODELED,,,
1066,training-semantic-classifier-v2,training-semantic-registry-v2,7f7c6e88f31a7e4be4fb03761b58b380c6b37070297172a713b2d8a5ba9f14f8,a619932df9f2c4241330826cdd4b728164df7fa1672b2941e04fab621da8a78a,[],[],UNMODELED,,,
1067,training-semantic-classifier-v2,training-semantic-registry-v2,7f7c6e88f31a7e4be4fb03761b58b380c6b37070297172a713b2d8a5ba9f14f8,a619932df9f2c4241330826cdd4b728164df7fa1672b2941e04fab621da8a78a,[],[],UNMODELED,,,
1068,training-semantic-classifier-v2,training-semantic-registry-v2,7f7c6e88f31a7e4be4fb03761b58b380c6b37070297172a713b2d8a5ba9f14f8,a619932df9f2c4241330826cdd4b728164df7fa1672b2941e04fab621da8a78a,[],[],UNMODELED,,,
1070,training-semantic-classifier-v2,training-semantic-registry-v2,7f7c6e88f31a7e4be4fb03761b58b380c6b37070297172a713b2d8a5ba9f14f8,a619932df9f2c4241330826cdd4b728164df7fa1672b2941e04fab621da8a78a,"[{""capabilityCode"":""LEG_PRESS"",""relationType"":""DIRECT"",""classificationConfidence"":""EXPLICIT""}]",[],INSUFFICIENT_EVIDENCE,,,
1071,training-semantic-classifier-v2,training-semantic-registry-v2,7f7c6e88f31a7e4be4fb03761b58b380c6b37070297172a713b2d8a5ba9f14f8,a619932df9f2c4241330826cdd4b728164df7fa1672b2941e04fab621da8a78a,"[{""capabilityCode"":""HACK_SQUAT"",""relationType"":""DIRECT"",""classificationConfidence"":""EXPLICIT""}]",[],UNMODELED,,,SQUAT:squat
1072,training-semantic-classifier-v2,training-semantic-registry-v2,7f7c6e88f31a7e4be4fb03761b58b380c6b37070297172a713b2d8a5ba9f14f8,a619932df9f2c4241330826cdd4b728164df7fa1672b2941e04fab621da8a78a,"[{""capabilityCode"":""HIP_THRUST"",""relationType"":""DIRECT"",""classificationConfidence"":""EXPLICIT""}]",[],UNMODELED,,,
1073,training-semantic-classifier-v2,training-semantic-registry-v2,7f7c6e88f31a7e4be4fb03761b58b380c6b37070297172a713b2d8a5ba9f14f8,a619932df9f2c4241330826cdd4b728164df7fa1672b2941e04fab621da8a78a,[],[],UNMODELED,,,
1074,training-semantic-classifier-v2,training-semantic-registry-v2,7f7c6e88f31a7e4be4fb03761b58b380c6b37070297172a713b2d8a5ba9f14f8,a619932df9f2c4241330826cdd4b728164df7fa1672b2941e04fab621da8a78a,[],[],UNMODELED,,,
1075,training-semantic-classifier-v2,training-semantic-registry-v2,7f7c6e88f31a7e4be4fb03761b58b380c6b37070297172a713b2d8a5ba9f14f8,a619932df9f2c4241330826cdd4b728164df7fa1672b2941e04fab621da8a78a,[],[],UNMODELED,,,
1076,training-semantic-classifier-v2,training-semantic-registry-v2,7f7c6e88f31a7e4be4fb03761b58b380c6b37070297172a713b2d8a5ba9f14f8,a619932df9f2c4241330826cdd4b728164df7fa1672b2941e04fab621da8a78a,[],[],UNMODELED,,,
1077,training-semantic-classifier-v2,training-semantic-registry-v2,7f7c6e88f31a7e4be4fb03761b58b380c6b37070297172a713b2d8a5ba9f14f8,a619932df9f2c4241330826cdd4b728164df7fa1672b2941e04fab621da8a78a,[],[],UNMODELED,,,
1078,training-semantic-classifier-v2,training-semantic-registry-v2,7f7c6e88f31a7e4be4fb03761b58b380c6b37070297172a713b2d8a5ba9f14f8,a619932df9f2c4241330826cdd4b728164df7fa1672b2941e04fab621da8a78a,[],"[{""functionCode"":""BARBELL_SUPPORT"",""relationType"":""DIRECT"",""classificationConfidence"":""EXPLICIT""}]",UNMODELED,,Training Function assignment does not imply complete exercise semantic coverage.,
1079,training-semantic-classifier-v2,training-semantic-registry-v2,7f7c6e88f31a7e4be4fb03761b58b380c6b37070297172a713b2d8a5ba9f14f8,a619932df9f2c4241330826cdd4b728164df7fa1672b2941e04fab621da8a78a,[],[],NO_CAPABILITY_APPLICABLE,,,
1080,training-semantic-classifier-v2,training-semantic-registry-v2,7f7c6e88f31a7e4be4fb03761b58b380c6b37070297172a713b2d8a5ba9f14f8,a619932df9f2c4241330826cdd4b728164df7fa1672b2941e04fab621da8a78a,[],"[{""functionCode"":""BARBELL_SUPPORT"",""relationType"":""DIRECT"",""classificationConfidence"":""EXPLICIT""}]",UNMODELED,,Training Function assignment does not imply complete exercise semantic coverage.,SQUAT:squat
1081,training-semantic-classifier-v2,training-semantic-registry-v2,7f7c6e88f31a7e4be4fb03761b58b380c6b37070297172a713b2d8a5ba9f14f8,a619932df9f2c4241330826cdd4b728164df7fa1672b2941e04fab621da8a78a,[],[],UNMODELED,,,
1083,training-semantic-classifier-v2,training-semantic-registry-v2,7f7c6e88f31a7e4be4fb03761b58b380c6b37070297172a713b2d8a5ba9f14f8,a619932df9f2c4241330826cdd4b728164df7fa1672b2941e04fab621da8a78a,[],[],NO_CAPABILITY_APPLICABLE,,,
1084,training-semantic-classifier-v2,training-semantic-registry-v2,7f7c6e88f31a7e4be4fb03761b58b380c6b37070297172a713b2d8a5ba9f14f8,a619932df9f2c4241330826cdd4b728164df7fa1672b2941e04fab621da8a78a,[],[],NO_CAPABILITY_APPLICABLE,,,
1085,training-semantic-classifier-v2,training-semantic-registry-v2,7f7c6e88f31a7e4be4fb03761b58b380c6b37070297172a713b2d8a5ba9f14f8,a619932df9f2c4241330826cdd4b728164df7fa1672b2941e04fab621da8a78a,[],"[{""functionCode"":""GUIDED_BARBELL_SUPPORT"",""relationType"":""DIRECT"",""classificationConfidence"":""EXPLICIT""}]",UNMODELED,,Training Function assignment does not imply complete exercise semantic coverage.,
1087,training-semantic-classifier-v2,training-semantic-registry-v2,7f7c6e88f31a7e4be4fb03761b58b380c6b37070297172a713b2d8a5ba9f14f8,a619932df9f2c4241330826cdd4b728164df7fa1672b2941e04fab621da8a78a,[],"[{""functionCode"":""GUIDED_BARBELL_SUPPORT"",""relationType"":""DIRECT"",""classificationConfidence"":""EXPLICIT""}]",UNMODELED,,Training Function assignment does not imply complete exercise semantic coverage.,
1088,training-semantic-classifier-v2,training-semantic-registry-v2,7f7c6e88f31a7e4be4fb03761b58b380c6b37070297172a713b2d8a5ba9f14f8,a619932df9f2c4241330826cdd4b728164df7fa1672b2941e04fab621da8a78a,[],[],UNMODELED,,,SQUAT:squat
1089,training-semantic-classifier-v2,training-semantic-registry-v2,7f7c6e88f31a7e4be4fb03761b58b380c6b37070297172a713b2d8a5ba9f14f8,a619932df9f2c4241330826cdd4b728164df7fa1672b2941e04fab621da8a78a,[],"[{""functionCode"":""BARBELL_SUPPORT"",""relationType"":""DIRECT"",""classificationConfidence"":""EXPLICIT""}]",NO_CAPABILITY_APPLICABLE,,Training Function assignment does not imply complete exercise semantic coverage.,
1090,training-semantic-classifier-v2,training-semantic-registry-v2,7f7c6e88f31a7e4be4fb03761b58b380c6b37070297172a713b2d8a5ba9f14f8,a619932df9f2c4241330826cdd4b728164df7fa1672b2941e04fab621da8a78a,[],[],NO_CAPABILITY_APPLICABLE,,,
1091,training-semantic-classifier-v2,training-semantic-registry-v2,7f7c6e88f31a7e4be4fb03761b58b380c6b37070297172a713b2d8a5ba9f14f8,a619932df9f2c4241330826cdd4b728164df7fa1672b2941e04fab621da8a78a,[],[],NO_CAPABILITY_APPLICABLE,,,
1092,training-semantic-classifier-v2,training-semantic-registry-v2,7f7c6e88f31a7e4be4fb03761b58b380c6b37070297172a713b2d8a5ba9f14f8,a619932df9f2c4241330826cdd4b728164df7fa1672b2941e04fab621da8a78a,[],[],UNMODELED,,,
1093,training-semantic-classifier-v2,training-semantic-registry-v2,7f7c6e88f31a7e4be4fb03761b58b380c6b37070297172a713b2d8a5ba9f14f8,a619932df9f2c4241330826cdd4b728164df7fa1672b2941e04fab621da8a78a,[],[],UNMODELED,,,
1094,training-semantic-classifier-v2,training-semantic-registry-v2,7f7c6e88f31a7e4be4fb03761b58b380c6b37070297172a713b2d8a5ba9f14f8,a619932df9f2c4241330826cdd4b728164df7fa1672b2941e04fab621da8a78a,[],[],NO_CAPABILITY_APPLICABLE,,,
1095,training-semantic-classifier-v2,training-semantic-registry-v2,7f7c6e88f31a7e4be4fb03761b58b380c6b37070297172a713b2d8a5ba9f14f8,a619932df9f2c4241330826cdd4b728164df7fa1672b2941e04fab621da8a78a,[],[],NO_CAPABILITY_APPLICABLE,,,
1096,training-semantic-classifier-v2,training-semantic-registry-v2,7f7c6e88f31a7e4be4fb03761b58b380c6b37070297172a713b2d8a5ba9f14f8,a619932df9f2c4241330826cdd4b728164df7fa1672b2941e04fab621da8a78a,[],[],NO_CAPABILITY_APPLICABLE,,,
1097,training-semantic-classifier-v2,training-semantic-registry-v2,7f7c6e88f31a7e4be4fb03761b58b380c6b37070297172a713b2d8a5ba9f14f8,a619932df9f2c4241330826cdd4b728164df7fa1672b2941e04fab621da8a78a,[],[],UNMODELED,,,
1098,training-semantic-classifier-v2,training-semantic-registry-v2,7f7c6e88f31a7e4be4fb03761b58b380c6b37070297172a713b2d8a5ba9f14f8,a619932df9f2c4241330826cdd4b728164df7fa1672b2941e04fab621da8a78a,[],[],UNMODELED,,,
1099,training-semantic-classifier-v2,training-semantic-registry-v2,7f7c6e88f31a7e4be4fb03761b58b380c6b37070297172a713b2d8a5ba9f14f8,a619932df9f2c4241330826cdd4b728164df7fa1672b2941e04fab621da8a78a,[],[],UNMODELED,,,
1100,training-semantic-classifier-v2,training-semantic-registry-v2,7f7c6e88f31a7e4be4fb03761b58b380c6b37070297172a713b2d8a5ba9f14f8,a619932df9f2c4241330826cdd4b728164df7fa1672b2941e04fab621da8a78a,[],[],UNMODELED,,,
1101,training-semantic-classifier-v2,training-semantic-registry-v2,7f7c6e88f31a7e4be4fb03761b58b380c6b37070297172a713b2d8a5ba9f14f8,a619932df9f2c4241330826cdd4b728164df7fa1672b2941e04fab621da8a78a,[],[],UNMODELED,,,
1102,training-semantic-classifier-v2,training-semantic-registry-v2,7f7c6e88f31a7e4be4fb03761b58b380c6b37070297172a713b2d8a5ba9f14f8,a619932df9f2c4241330826cdd4b728164df7fa1672b2941e04fab621da8a78a,[],[],NO_CAPABILITY_APPLICABLE,,,
1103,training-semantic-classifier-v2,training-semantic-registry-v2,7f7c6e88f31a7e4be4fb03761b58b380c6b37070297172a713b2d8a5ba9f14f8,a619932df9f2c4241330826cdd4b728164df7fa1672b2941e04fab621da8a78a,[],[],NO_CAPABILITY_APPLICABLE,,,
1104,training-semantic-classifier-v2,training-semantic-registry-v2,7f7c6e88f31a7e4be4fb03761b58b380c6b37070297172a713b2d8a5ba9f14f8,a619932df9f2c4241330826cdd4b728164df7fa1672b2941e04fab621da8a78a,[],[],NO_CAPABILITY_APPLICABLE,,,
1105,training-semantic-classifier-v2,training-semantic-registry-v2,7f7c6e88f31a7e4be4fb03761b58b380c6b37070297172a713b2d8a5ba9f14f8,a619932df9f2c4241330826cdd4b728164df7fa1672b2941e04fab621da8a78a,[],[],NO_CAPABILITY_APPLICABLE,,,
1106,training-semantic-classifier-v2,training-semantic-registry-v2,7f7c6e88f31a7e4be4fb03761b58b380c6b37070297172a713b2d8a5ba9f14f8,a619932df9f2c4241330826cdd4b728164df7fa1672b2941e04fab621da8a78a,[],[],NO_CAPABILITY_APPLICABLE,,,
1107,training-semantic-classifier-v2,training-semantic-registry-v2,7f7c6e88f31a7e4be4fb03761b58b380c6b37070297172a713b2d8a5ba9f14f8,a619932df9f2c4241330826cdd4b728164df7fa1672b2941e04fab621da8a78a,[],[],UNMODELED,,,
1108,training-semantic-classifier-v2,training-semantic-registry-v2,7f7c6e88f31a7e4be4fb03761b58b380c6b37070297172a713b2d8a5ba9f14f8,a619932df9f2c4241330826cdd4b728164df7fa1672b2941e04fab621da8a78a,[],[],NO_CAPABILITY_APPLICABLE,,,
1109,training-semantic-classifier-v2,training-semantic-registry-v2,7f7c6e88f31a7e4be4fb03761b58b380c6b37070297172a713b2d8a5ba9f14f8,a619932df9f2c4241330826cdd4b728164df7fa1672b2941e04fab621da8a78a,[],[],UNMODELED,,,
1112,training-semantic-classifier-v2,training-semantic-registry-v2,7f7c6e88f31a7e4be4fb03761b58b380c6b37070297172a713b2d8a5ba9f14f8,a619932df9f2c4241330826cdd4b728164df7fa1672b2941e04fab621da8a78a,[],[],NO_CAPABILITY_APPLICABLE,,,SQUAT:sentadilla
1113,training-semantic-classifier-v2,training-semantic-registry-v2,7f7c6e88f31a7e4be4fb03761b58b380c6b37070297172a713b2d8a5ba9f14f8,a619932df9f2c4241330826cdd4b728164df7fa1672b2941e04fab621da8a78a,[],[],UNMODELED,,,SQUAT:squat
1115,training-semantic-classifier-v2,training-semantic-registry-v2,7f7c6e88f31a7e4be4fb03761b58b380c6b37070297172a713b2d8a5ba9f14f8,a619932df9f2c4241330826cdd4b728164df7fa1672b2941e04fab621da8a78a,[],[],NO_CAPABILITY_APPLICABLE,,,
1116,training-semantic-classifier-v2,training-semantic-registry-v2,7f7c6e88f31a7e4be4fb03761b58b380c6b37070297172a713b2d8a5ba9f14f8,a619932df9f2c4241330826cdd4b728164df7fa1672b2941e04fab621da8a78a,[],[],UNMODELED,,,
1117,training-semantic-classifier-v2,training-semantic-registry-v2,7f7c6e88f31a7e4be4fb03761b58b380c6b37070297172a713b2d8a5ba9f14f8,a619932df9f2c4241330826cdd4b728164df7fa1672b2941e04fab621da8a78a,[],[],NO_CAPABILITY_APPLICABLE,,,
1118,training-semantic-classifier-v2,training-semantic-registry-v2,7f7c6e88f31a7e4be4fb03761b58b380c6b37070297172a713b2d8a5ba9f14f8,a619932df9f2c4241330826cdd4b728164df7fa1672b2941e04fab621da8a78a,"[{""capabilityCode"":""LEG_CURL"",""relationType"":""DIRECT"",""classificationConfidence"":""HIGH""}]",[],UNMODELED,,,
1119,training-semantic-classifier-v2,training-semantic-registry-v2,7f7c6e88f31a7e4be4fb03761b58b380c6b37070297172a713b2d8a5ba9f14f8,a619932df9f2c4241330826cdd4b728164df7fa1672b2941e04fab621da8a78a,[],[],NO_CAPABILITY_APPLICABLE,,,
1121,training-semantic-classifier-v2,training-semantic-registry-v2,7f7c6e88f31a7e4be4fb03761b58b380c6b37070297172a713b2d8a5ba9f14f8,a619932df9f2c4241330826cdd4b728164df7fa1672b2941e04fab621da8a78a,[],"[{""functionCode"":""BARBELL_SUPPORT"",""relationType"":""DIRECT"",""classificationConfidence"":""EXPLICIT""}]",UNMODELED,,Training Function assignment does not imply complete exercise semantic coverage.,
1122,training-semantic-classifier-v2,training-semantic-registry-v2,7f7c6e88f31a7e4be4fb03761b58b380c6b37070297172a713b2d8a5ba9f14f8,a619932df9f2c4241330826cdd4b728164df7fa1672b2941e04fab621da8a78a,[],[],UNMODELED,,,
1123,training-semantic-classifier-v2,training-semantic-registry-v2,7f7c6e88f31a7e4be4fb03761b58b380c6b37070297172a713b2d8a5ba9f14f8,a619932df9f2c4241330826cdd4b728164df7fa1672b2941e04fab621da8a78a,[],[],UNMODELED,,,
1124,training-semantic-classifier-v2,training-semantic-registry-v2,7f7c6e88f31a7e4be4fb03761b58b380c6b37070297172a713b2d8a5ba9f14f8,a619932df9f2c4241330826cdd4b728164df7fa1672b2941e04fab621da8a78a,[],"[{""functionCode"":""CABLE_RESISTANCE"",""relationType"":""DIRECT"",""classificationConfidence"":""HIGH""},{""functionCode"":""GUIDED_BARBELL_SUPPORT"",""relationType"":""DIRECT"",""classificationConfidence"":""EXPLICIT""}]",NO_CAPABILITY_APPLICABLE,,Training Function assignment does not imply complete exercise semantic coverage.,
1125,training-semantic-classifier-v2,training-semantic-registry-v2,7f7c6e88f31a7e4be4fb03761b58b380c6b37070297172a713b2d8a5ba9f14f8,a619932df9f2c4241330826cdd4b728164df7fa1672b2941e04fab621da8a78a,[],[],NO_CAPABILITY_APPLICABLE,,,
1126,training-semantic-classifier-v2,training-semantic-registry-v2,7f7c6e88f31a7e4be4fb03761b58b380c6b37070297172a713b2d8a5ba9f14f8,a619932df9f2c4241330826cdd4b728164df7fa1672b2941e04fab621da8a78a,[],"[{""functionCode"":""BODYWEIGHT_SUPPORT"",""relationType"":""DIRECT"",""classificationConfidence"":""EXPLICIT""}]",UNMODELED,,Training Function assignment does not imply complete exercise semantic coverage.,
1127,training-semantic-classifier-v2,training-semantic-registry-v2,7f7c6e88f31a7e4be4fb03761b58b380c6b37070297172a713b2d8a5ba9f14f8,a619932df9f2c4241330826cdd4b728164df7fa1672b2941e04fab621da8a78a,[],[],NO_CAPABILITY_APPLICABLE,,,
1128,training-semantic-classifier-v2,training-semantic-registry-v2,7f7c6e88f31a7e4be4fb03761b58b380c6b37070297172a713b2d8a5ba9f14f8,a619932df9f2c4241330826cdd4b728164df7fa1672b2941e04fab621da8a78a,[],[],UNMODELED,,,
1129,training-semantic-classifier-v2,training-semantic-registry-v2,7f7c6e88f31a7e4be4fb03761b58b380c6b37070297172a713b2d8a5ba9f14f8,a619932df9f2c4241330826cdd4b728164df7fa1672b2941e04fab621da8a78a,[],[],NO_CAPABILITY_APPLICABLE,,,
1130,training-semantic-classifier-v2,training-semantic-registry-v2,7f7c6e88f31a7e4be4fb03761b58b380c6b37070297172a713b2d8a5ba9f14f8,a619932df9f2c4241330826cdd4b728164df7fa1672b2941e04fab621da8a78a,[],[],NO_CAPABILITY_APPLICABLE,,,
1131,training-semantic-classifier-v2,training-semantic-registry-v2,7f7c6e88f31a7e4be4fb03761b58b380c6b37070297172a713b2d8a5ba9f14f8,a619932df9f2c4241330826cdd4b728164df7fa1672b2941e04fab621da8a78a,[],[],NO_CAPABILITY_APPLICABLE,,,
1132,training-semantic-classifier-v2,training-semantic-registry-v2,7f7c6e88f31a7e4be4fb03761b58b380c6b37070297172a713b2d8a5ba9f14f8,a619932df9f2c4241330826cdd4b728164df7fa1672b2941e04fab621da8a78a,[],[],NO_CAPABILITY_APPLICABLE,,,
1133,training-semantic-classifier-v2,training-semantic-registry-v2,7f7c6e88f31a7e4be4fb03761b58b380c6b37070297172a713b2d8a5ba9f14f8,a619932df9f2c4241330826cdd4b728164df7fa1672b2941e04fab621da8a78a,[],[],NO_CAPABILITY_APPLICABLE,,,
1134,training-semantic-classifier-v2,training-semantic-registry-v2,7f7c6e88f31a7e4be4fb03761b58b380c6b37070297172a713b2d8a5ba9f14f8,a619932df9f2c4241330826cdd4b728164df7fa1672b2941e04fab621da8a78a,[],[],NO_CAPABILITY_APPLICABLE,,,
1135,training-semantic-classifier-v2,training-semantic-registry-v2,7f7c6e88f31a7e4be4fb03761b58b380c6b37070297172a713b2d8a5ba9f14f8,a619932df9f2c4241330826cdd4b728164df7fa1672b2941e04fab621da8a78a,[],[],NO_CAPABILITY_APPLICABLE,,,
1136,training-semantic-classifier-v2,training-semantic-registry-v2,7f7c6e88f31a7e4be4fb03761b58b380c6b37070297172a713b2d8a5ba9f14f8,a619932df9f2c4241330826cdd4b728164df7fa1672b2941e04fab621da8a78a,[],[],NO_CAPABILITY_APPLICABLE,,,
1137,training-semantic-classifier-v2,training-semantic-registry-v2,7f7c6e88f31a7e4be4fb03761b58b380c6b37070297172a713b2d8a5ba9f14f8,a619932df9f2c4241330826cdd4b728164df7fa1672b2941e04fab621da8a78a,[],"[{""functionCode"":""CABLE_RESISTANCE"",""relationType"":""DIRECT"",""classificationConfidence"":""HIGH""}]",UNMODELED,,Training Function assignment does not imply complete exercise semantic coverage.,
1138,training-semantic-classifier-v2,training-semantic-registry-v2,7f7c6e88f31a7e4be4fb03761b58b380c6b37070297172a713b2d8a5ba9f14f8,a619932df9f2c4241330826cdd4b728164df7fa1672b2941e04fab621da8a78a,[],"[{""functionCode"":""CABLE_RESISTANCE"",""relationType"":""DIRECT"",""classificationConfidence"":""HIGH""}]",UNMODELED,,Training Function assignment does not imply complete exercise semantic coverage.,
1139,training-semantic-classifier-v2,training-semantic-registry-v2,7f7c6e88f31a7e4be4fb03761b58b380c6b37070297172a713b2d8a5ba9f14f8,a619932df9f2c4241330826cdd4b728164df7fa1672b2941e04fab621da8a78a,[],"[{""functionCode"":""CABLE_RESISTANCE"",""relationType"":""DIRECT"",""classificationConfidence"":""HIGH""}]",UNMODELED,,Training Function assignment does not imply complete exercise semantic coverage.,
1140,training-semantic-classifier-v2,training-semantic-registry-v2,7f7c6e88f31a7e4be4fb03761b58b380c6b37070297172a713b2d8a5ba9f14f8,a619932df9f2c4241330826cdd4b728164df7fa1672b2941e04fab621da8a78a,[],"[{""functionCode"":""CABLE_RESISTANCE"",""relationType"":""DIRECT"",""classificationConfidence"":""HIGH""}]",UNMODELED,,Training Function assignment does not imply complete exercise semantic coverage.,
1141,training-semantic-classifier-v2,training-semantic-registry-v2,7f7c6e88f31a7e4be4fb03761b58b380c6b37070297172a713b2d8a5ba9f14f8,a619932df9f2c4241330826cdd4b728164df7fa1672b2941e04fab621da8a78a,[],[],UNMODELED,,,
1142,training-semantic-classifier-v2,training-semantic-registry-v2,7f7c6e88f31a7e4be4fb03761b58b380c6b37070297172a713b2d8a5ba9f14f8,a619932df9f2c4241330826cdd4b728164df7fa1672b2941e04fab621da8a78a,[],[],UNMODELED,,,
1143,training-semantic-classifier-v2,training-semantic-registry-v2,7f7c6e88f31a7e4be4fb03761b58b380c6b37070297172a713b2d8a5ba9f14f8,a619932df9f2c4241330826cdd4b728164df7fa1672b2941e04fab621da8a78a,[],[],UNMODELED,,,
1144,training-semantic-classifier-v2,training-semantic-registry-v2,7f7c6e88f31a7e4be4fb03761b58b380c6b37070297172a713b2d8a5ba9f14f8,a619932df9f2c4241330826cdd4b728164df7fa1672b2941e04fab621da8a78a,[],[],UNMODELED,,,
1145,training-semantic-classifier-v2,training-semantic-registry-v2,7f7c6e88f31a7e4be4fb03761b58b380c6b37070297172a713b2d8a5ba9f14f8,a619932df9f2c4241330826cdd4b728164df7fa1672b2941e04fab621da8a78a,[],[],UNMODELED,,,
1146,training-semantic-classifier-v2,training-semantic-registry-v2,7f7c6e88f31a7e4be4fb03761b58b380c6b37070297172a713b2d8a5ba9f14f8,a619932df9f2c4241330826cdd4b728164df7fa1672b2941e04fab621da8a78a,[],[],UNMODELED,,,
1147,training-semantic-classifier-v2,training-semantic-registry-v2,7f7c6e88f31a7e4be4fb03761b58b380c6b37070297172a713b2d8a5ba9f14f8,a619932df9f2c4241330826cdd4b728164df7fa1672b2941e04fab621da8a78a,[],[],UNMODELED,,,
1148,training-semantic-classifier-v2,training-semantic-registry-v2,7f7c6e88f31a7e4be4fb03761b58b380c6b37070297172a713b2d8a5ba9f14f8,a619932df9f2c4241330826cdd4b728164df7fa1672b2941e04fab621da8a78a,[],[],UNMODELED,,,
1149,training-semantic-classifier-v2,training-semantic-registry-v2,7f7c6e88f31a7e4be4fb03761b58b380c6b37070297172a713b2d8a5ba9f14f8,a619932df9f2c4241330826cdd4b728164df7fa1672b2941e04fab621da8a78a,[],[],NO_CAPABILITY_APPLICABLE,,,
1150,training-semantic-classifier-v2,training-semantic-registry-v2,7f7c6e88f31a7e4be4fb03761b58b380c6b37070297172a713b2d8a5ba9f14f8,a619932df9f2c4241330826cdd4b728164df7fa1672b2941e04fab621da8a78a,[],[],NO_CAPABILITY_APPLICABLE,,,
1151,training-semantic-classifier-v2,training-semantic-registry-v2,7f7c6e88f31a7e4be4fb03761b58b380c6b37070297172a713b2d8a5ba9f14f8,a619932df9f2c4241330826cdd4b728164df7fa1672b2941e04fab621da8a78a,[],[],UNMODELED,,,
1152,training-semantic-classifier-v2,training-semantic-registry-v2,7f7c6e88f31a7e4be4fb03761b58b380c6b37070297172a713b2d8a5ba9f14f8,a619932df9f2c4241330826cdd4b728164df7fa1672b2941e04fab621da8a78a,[],[],UNMODELED,,,
1153,training-semantic-classifier-v2,training-semantic-registry-v2,7f7c6e88f31a7e4be4fb03761b58b380c6b37070297172a713b2d8a5ba9f14f8,a619932df9f2c4241330826cdd4b728164df7fa1672b2941e04fab621da8a78a,[],[],UNMODELED,,,
1154,training-semantic-classifier-v2,training-semantic-registry-v2,7f7c6e88f31a7e4be4fb03761b58b380c6b37070297172a713b2d8a5ba9f14f8,a619932df9f2c4241330826cdd4b728164df7fa1672b2941e04fab621da8a78a,[],[],NO_CAPABILITY_APPLICABLE,,,
1155,training-semantic-classifier-v2,training-semantic-registry-v2,7f7c6e88f31a7e4be4fb03761b58b380c6b37070297172a713b2d8a5ba9f14f8,a619932df9f2c4241330826cdd4b728164df7fa1672b2941e04fab621da8a78a,[],[],NO_CAPABILITY_APPLICABLE,,,
1156,training-semantic-classifier-v2,training-semantic-registry-v2,7f7c6e88f31a7e4be4fb03761b58b380c6b37070297172a713b2d8a5ba9f14f8,a619932df9f2c4241330826cdd4b728164df7fa1672b2941e04fab621da8a78a,[],[],UNMODELED,,,
1157,training-semantic-classifier-v2,training-semantic-registry-v2,7f7c6e88f31a7e4be4fb03761b58b380c6b37070297172a713b2d8a5ba9f14f8,a619932df9f2c4241330826cdd4b728164df7fa1672b2941e04fab621da8a78a,[],[],UNMODELED,,,
1158,training-semantic-classifier-v2,training-semantic-registry-v2,7f7c6e88f31a7e4be4fb03761b58b380c6b37070297172a713b2d8a5ba9f14f8,a619932df9f2c4241330826cdd4b728164df7fa1672b2941e04fab621da8a78a,[],[],UNMODELED,,,
1159,training-semantic-classifier-v2,training-semantic-registry-v2,7f7c6e88f31a7e4be4fb03761b58b380c6b37070297172a713b2d8a5ba9f14f8,a619932df9f2c4241330826cdd4b728164df7fa1672b2941e04fab621da8a78a,[],[],UNMODELED,,,
1160,training-semantic-classifier-v2,training-semantic-registry-v2,7f7c6e88f31a7e4be4fb03761b58b380c6b37070297172a713b2d8a5ba9f14f8,a619932df9f2c4241330826cdd4b728164df7fa1672b2941e04fab621da8a78a,[],[],UNMODELED,,,
1161,training-semantic-classifier-v2,training-semantic-registry-v2,7f7c6e88f31a7e4be4fb03761b58b380c6b37070297172a713b2d8a5ba9f14f8,a619932df9f2c4241330826cdd4b728164df7fa1672b2941e04fab621da8a78a,[],[],UNMODELED,,,
1162,training-semantic-classifier-v2,training-semantic-registry-v2,7f7c6e88f31a7e4be4fb03761b58b380c6b37070297172a713b2d8a5ba9f14f8,a619932df9f2c4241330826cdd4b728164df7fa1672b2941e04fab621da8a78a,[],[],INSUFFICIENT_EVIDENCE,,,
1163,training-semantic-classifier-v2,training-semantic-registry-v2,7f7c6e88f31a7e4be4fb03761b58b380c6b37070297172a713b2d8a5ba9f14f8,a619932df9f2c4241330826cdd4b728164df7fa1672b2941e04fab621da8a78a,[],[],NO_CAPABILITY_APPLICABLE,,,
1164,training-semantic-classifier-v2,training-semantic-registry-v2,7f7c6e88f31a7e4be4fb03761b58b380c6b37070297172a713b2d8a5ba9f14f8,a619932df9f2c4241330826cdd4b728164df7fa1672b2941e04fab621da8a78a,[],[],NO_CAPABILITY_APPLICABLE,,,
1165,training-semantic-classifier-v2,training-semantic-registry-v2,7f7c6e88f31a7e4be4fb03761b58b380c6b37070297172a713b2d8a5ba9f14f8,a619932df9f2c4241330826cdd4b728164df7fa1672b2941e04fab621da8a78a,[],[],NO_CAPABILITY_APPLICABLE,,,
1166,training-semantic-classifier-v2,training-semantic-registry-v2,7f7c6e88f31a7e4be4fb03761b58b380c6b37070297172a713b2d8a5ba9f14f8,a619932df9f2c4241330826cdd4b728164df7fa1672b2941e04fab621da8a78a,[],[],NO_CAPABILITY_APPLICABLE,,,
1167,training-semantic-classifier-v2,training-semantic-registry-v2,7f7c6e88f31a7e4be4fb03761b58b380c6b37070297172a713b2d8a5ba9f14f8,a619932df9f2c4241330826cdd4b728164df7fa1672b2941e04fab621da8a78a,[],[],NO_CAPABILITY_APPLICABLE,,,
1168,training-semantic-classifier-v2,training-semantic-registry-v2,7f7c6e88f31a7e4be4fb03761b58b380c6b37070297172a713b2d8a5ba9f14f8,a619932df9f2c4241330826cdd4b728164df7fa1672b2941e04fab621da8a78a,[],[],NO_CAPABILITY_APPLICABLE,,,
1169,training-semantic-classifier-v2,training-semantic-registry-v2,7f7c6e88f31a7e4be4fb03761b58b380c6b37070297172a713b2d8a5ba9f14f8,a619932df9f2c4241330826cdd4b728164df7fa1672b2941e04fab621da8a78a,[],[],NO_CAPABILITY_APPLICABLE,,,
1170,training-semantic-classifier-v2,training-semantic-registry-v2,7f7c6e88f31a7e4be4fb03761b58b380c6b37070297172a713b2d8a5ba9f14f8,a619932df9f2c4241330826cdd4b728164df7fa1672b2941e04fab621da8a78a,[],[],NO_CAPABILITY_APPLICABLE,,,
1171,training-semantic-classifier-v2,training-semantic-registry-v2,7f7c6e88f31a7e4be4fb03761b58b380c6b37070297172a713b2d8a5ba9f14f8,a619932df9f2c4241330826cdd4b728164df7fa1672b2941e04fab621da8a78a,[],[],NO_CAPABILITY_APPLICABLE,,,
1172,training-semantic-classifier-v2,training-semantic-registry-v2,7f7c6e88f31a7e4be4fb03761b58b380c6b37070297172a713b2d8a5ba9f14f8,a619932df9f2c4241330826cdd4b728164df7fa1672b2941e04fab621da8a78a,[],[],UNMODELED,,,
1173,training-semantic-classifier-v2,training-semantic-registry-v2,7f7c6e88f31a7e4be4fb03761b58b380c6b37070297172a713b2d8a5ba9f14f8,a619932df9f2c4241330826cdd4b728164df7fa1672b2941e04fab621da8a78a,[],[],UNMODELED,,,
1174,training-semantic-classifier-v2,training-semantic-registry-v2,7f7c6e88f31a7e4be4fb03761b58b380c6b37070297172a713b2d8a5ba9f14f8,a619932df9f2c4241330826cdd4b728164df7fa1672b2941e04fab621da8a78a,[],[],UNMODELED,,,
1175,training-semantic-classifier-v2,training-semantic-registry-v2,7f7c6e88f31a7e4be4fb03761b58b380c6b37070297172a713b2d8a5ba9f14f8,a619932df9f2c4241330826cdd4b728164df7fa1672b2941e04fab621da8a78a,[],[],UNMODELED,,,
1176,training-semantic-classifier-v2,training-semantic-registry-v2,7f7c6e88f31a7e4be4fb03761b58b380c6b37070297172a713b2d8a5ba9f14f8,a619932df9f2c4241330826cdd4b728164df7fa1672b2941e04fab621da8a78a,[],[],UNMODELED,,,
1177,training-semantic-classifier-v2,training-semantic-registry-v2,7f7c6e88f31a7e4be4fb03761b58b380c6b37070297172a713b2d8a5ba9f14f8,a619932df9f2c4241330826cdd4b728164df7fa1672b2941e04fab621da8a78a,[],"[{""functionCode"":""BARBELL_SUPPORT"",""relationType"":""DIRECT"",""classificationConfidence"":""EXPLICIT""}]",NO_CAPABILITY_APPLICABLE,,Training Function assignment does not imply complete exercise semantic coverage.,
1178,training-semantic-classifier-v2,training-semantic-registry-v2,7f7c6e88f31a7e4be4fb03761b58b380c6b37070297172a713b2d8a5ba9f14f8,a619932df9f2c4241330826cdd4b728164df7fa1672b2941e04fab621da8a78a,[],[],UNMODELED,,,
1179,training-semantic-classifier-v2,training-semantic-registry-v2,7f7c6e88f31a7e4be4fb03761b58b380c6b37070297172a713b2d8a5ba9f14f8,a619932df9f2c4241330826cdd4b728164df7fa1672b2941e04fab621da8a78a,[],[],UNMODELED,,,
1180,training-semantic-classifier-v2,training-semantic-registry-v2,7f7c6e88f31a7e4be4fb03761b58b380c6b37070297172a713b2d8a5ba9f14f8,a619932df9f2c4241330826cdd4b728164df7fa1672b2941e04fab621da8a78a,[],[],UNMODELED,,,
1181,training-semantic-classifier-v2,training-semantic-registry-v2,7f7c6e88f31a7e4be4fb03761b58b380c6b37070297172a713b2d8a5ba9f14f8,a619932df9f2c4241330826cdd4b728164df7fa1672b2941e04fab621da8a78a,"[{""capabilityCode"":""PULL_UP"",""relationType"":""DIRECT"",""classificationConfidence"":""HIGH""}]",[],NO_CAPABILITY_APPLICABLE,,,
1182,training-semantic-classifier-v2,training-semantic-registry-v2,7f7c6e88f31a7e4be4fb03761b58b380c6b37070297172a713b2d8a5ba9f14f8,a619932df9f2c4241330826cdd4b728164df7fa1672b2941e04fab621da8a78a,"[{""capabilityCode"":""PULL_UP"",""relationType"":""DIRECT"",""classificationConfidence"":""HIGH""}]",[],NO_CAPABILITY_APPLICABLE,,,
1183,training-semantic-classifier-v2,training-semantic-registry-v2,7f7c6e88f31a7e4be4fb03761b58b380c6b37070297172a713b2d8a5ba9f14f8,a619932df9f2c4241330826cdd4b728164df7fa1672b2941e04fab621da8a78a,[],"[{""functionCode"":""BARBELL_SUPPORT"",""relationType"":""DIRECT"",""classificationConfidence"":""EXPLICIT""}]",NO_CAPABILITY_APPLICABLE,,Training Function assignment does not imply complete exercise semantic coverage.,
1184,training-semantic-classifier-v2,training-semantic-registry-v2,7f7c6e88f31a7e4be4fb03761b58b380c6b37070297172a713b2d8a5ba9f14f8,a619932df9f2c4241330826cdd4b728164df7fa1672b2941e04fab621da8a78a,[],[],UNMODELED,,,
1185,training-semantic-classifier-v2,training-semantic-registry-v2,7f7c6e88f31a7e4be4fb03761b58b380c6b37070297172a713b2d8a5ba9f14f8,a619932df9f2c4241330826cdd4b728164df7fa1672b2941e04fab621da8a78a,[],[],UNMODELED,,,
1186,training-semantic-classifier-v2,training-semantic-registry-v2,7f7c6e88f31a7e4be4fb03761b58b380c6b37070297172a713b2d8a5ba9f14f8,a619932df9f2c4241330826cdd4b728164df7fa1672b2941e04fab621da8a78a,[],[],UNMODELED,,,
1187,training-semantic-classifier-v2,training-semantic-registry-v2,7f7c6e88f31a7e4be4fb03761b58b380c6b37070297172a713b2d8a5ba9f14f8,a619932df9f2c4241330826cdd4b728164df7fa1672b2941e04fab621da8a78a,[],"[{""functionCode"":""CABLE_RESISTANCE"",""relationType"":""DIRECT"",""classificationConfidence"":""HIGH""}]",UNMODELED,,Training Function assignment does not imply complete exercise semantic coverage.,
1188,training-semantic-classifier-v2,training-semantic-registry-v2,7f7c6e88f31a7e4be4fb03761b58b380c6b37070297172a713b2d8a5ba9f14f8,a619932df9f2c4241330826cdd4b728164df7fa1672b2941e04fab621da8a78a,[],[],NO_CAPABILITY_APPLICABLE,,,
1189,training-semantic-classifier-v2,training-semantic-registry-v2,7f7c6e88f31a7e4be4fb03761b58b380c6b37070297172a713b2d8a5ba9f14f8,a619932df9f2c4241330826cdd4b728164df7fa1672b2941e04fab621da8a78a,[],[],NO_CAPABILITY_APPLICABLE,,,
1190,training-semantic-classifier-v2,training-semantic-registry-v2,7f7c6e88f31a7e4be4fb03761b58b380c6b37070297172a713b2d8a5ba9f14f8,a619932df9f2c4241330826cdd4b728164df7fa1672b2941e04fab621da8a78a,[],[],UNMODELED,,,
1191,training-semantic-classifier-v2,training-semantic-registry-v2,7f7c6e88f31a7e4be4fb03761b58b380c6b37070297172a713b2d8a5ba9f14f8,a619932df9f2c4241330826cdd4b728164df7fa1672b2941e04fab621da8a78a,[],[],UNMODELED,,,
1192,training-semantic-classifier-v2,training-semantic-registry-v2,7f7c6e88f31a7e4be4fb03761b58b380c6b37070297172a713b2d8a5ba9f14f8,a619932df9f2c4241330826cdd4b728164df7fa1672b2941e04fab621da8a78a,[],[],UNMODELED,,,
1193,training-semantic-classifier-v2,training-semantic-registry-v2,7f7c6e88f31a7e4be4fb03761b58b380c6b37070297172a713b2d8a5ba9f14f8,a619932df9f2c4241330826cdd4b728164df7fa1672b2941e04fab621da8a78a,"[{""capabilityCode"":""PULL_UP"",""relationType"":""DIRECT"",""classificationConfidence"":""HIGH""}]",[],UNMODELED,,,
1194,training-semantic-classifier-v2,training-semantic-registry-v2,7f7c6e88f31a7e4be4fb03761b58b380c6b37070297172a713b2d8a5ba9f14f8,a619932df9f2c4241330826cdd4b728164df7fa1672b2941e04fab621da8a78a,[],"[{""functionCode"":""BARBELL_SUPPORT"",""relationType"":""DIRECT"",""classificationConfidence"":""EXPLICIT""}]",NO_CAPABILITY_APPLICABLE,,Training Function assignment does not imply complete exercise semantic coverage.,
1195,training-semantic-classifier-v2,training-semantic-registry-v2,7f7c6e88f31a7e4be4fb03761b58b380c6b37070297172a713b2d8a5ba9f14f8,a619932df9f2c4241330826cdd4b728164df7fa1672b2941e04fab621da8a78a,[],"[{""functionCode"":""BARBELL_SUPPORT"",""relationType"":""DIRECT"",""classificationConfidence"":""EXPLICIT""}]",NO_CAPABILITY_APPLICABLE,,Training Function assignment does not imply complete exercise semantic coverage.,
1196,training-semantic-classifier-v2,training-semantic-registry-v2,7f7c6e88f31a7e4be4fb03761b58b380c6b37070297172a713b2d8a5ba9f14f8,a619932df9f2c4241330826cdd4b728164df7fa1672b2941e04fab621da8a78a,[],"[{""functionCode"":""BARBELL_SUPPORT"",""relationType"":""DIRECT"",""classificationConfidence"":""EXPLICIT""}]",NO_CAPABILITY_APPLICABLE,,Training Function assignment does not imply complete exercise semantic coverage.,
1197,training-semantic-classifier-v2,training-semantic-registry-v2,7f7c6e88f31a7e4be4fb03761b58b380c6b37070297172a713b2d8a5ba9f14f8,a619932df9f2c4241330826cdd4b728164df7fa1672b2941e04fab621da8a78a,[],[],NO_CAPABILITY_APPLICABLE,,,
1198,training-semantic-classifier-v2,training-semantic-registry-v2,7f7c6e88f31a7e4be4fb03761b58b380c6b37070297172a713b2d8a5ba9f14f8,a619932df9f2c4241330826cdd4b728164df7fa1672b2941e04fab621da8a78a,[],[],NO_CAPABILITY_APPLICABLE,,,
1199,training-semantic-classifier-v2,training-semantic-registry-v2,7f7c6e88f31a7e4be4fb03761b58b380c6b37070297172a713b2d8a5ba9f14f8,a619932df9f2c4241330826cdd4b728164df7fa1672b2941e04fab621da8a78a,[],[],NO_CAPABILITY_APPLICABLE,,,
1202,training-semantic-classifier-v2,training-semantic-registry-v2,7f7c6e88f31a7e4be4fb03761b58b380c6b37070297172a713b2d8a5ba9f14f8,a619932df9f2c4241330826cdd4b728164df7fa1672b2941e04fab621da8a78a,[],[],NO_CAPABILITY_APPLICABLE,,,
1203,training-semantic-classifier-v2,training-semantic-registry-v2,7f7c6e88f31a7e4be4fb03761b58b380c6b37070297172a713b2d8a5ba9f14f8,a619932df9f2c4241330826cdd4b728164df7fa1672b2941e04fab621da8a78a,[],[],NO_CAPABILITY_APPLICABLE,,,
1204,training-semantic-classifier-v2,training-semantic-registry-v2,7f7c6e88f31a7e4be4fb03761b58b380c6b37070297172a713b2d8a5ba9f14f8,a619932df9f2c4241330826cdd4b728164df7fa1672b2941e04fab621da8a78a,[],[],NO_CAPABILITY_APPLICABLE,,,
1205,training-semantic-classifier-v2,training-semantic-registry-v2,7f7c6e88f31a7e4be4fb03761b58b380c6b37070297172a713b2d8a5ba9f14f8,a619932df9f2c4241330826cdd4b728164df7fa1672b2941e04fab621da8a78a,[],[],NO_CAPABILITY_APPLICABLE,,,
1206,training-semantic-classifier-v2,training-semantic-registry-v2,7f7c6e88f31a7e4be4fb03761b58b380c6b37070297172a713b2d8a5ba9f14f8,a619932df9f2c4241330826cdd4b728164df7fa1672b2941e04fab621da8a78a,[],[],NO_CAPABILITY_APPLICABLE,,,
1207,training-semantic-classifier-v2,training-semantic-registry-v2,7f7c6e88f31a7e4be4fb03761b58b380c6b37070297172a713b2d8a5ba9f14f8,a619932df9f2c4241330826cdd4b728164df7fa1672b2941e04fab621da8a78a,"[{""capabilityCode"":""LAT_PULLDOWN"",""relationType"":""DIRECT"",""classificationConfidence"":""HIGH""},{""capabilityCode"":""ROW"",""relationType"":""DIRECT"",""classificationConfidence"":""HIGH""}]","[{""functionCode"":""CABLE_RESISTANCE"",""relationType"":""DIRECT"",""classificationConfidence"":""HIGH""}]",UNMODELED,,,
1208,training-semantic-classifier-v2,training-semantic-registry-v2,7f7c6e88f31a7e4be4fb03761b58b380c6b37070297172a713b2d8a5ba9f14f8,a619932df9f2c4241330826cdd4b728164df7fa1672b2941e04fab621da8a78a,[],[],NO_CAPABILITY_APPLICABLE,,,
1209,training-semantic-classifier-v2,training-semantic-registry-v2,7f7c6e88f31a7e4be4fb03761b58b380c6b37070297172a713b2d8a5ba9f14f8,a619932df9f2c4241330826cdd4b728164df7fa1672b2941e04fab621da8a78a,[],[],NO_CAPABILITY_APPLICABLE,,,
1210,training-semantic-classifier-v2,training-semantic-registry-v2,7f7c6e88f31a7e4be4fb03761b58b380c6b37070297172a713b2d8a5ba9f14f8,a619932df9f2c4241330826cdd4b728164df7fa1672b2941e04fab621da8a78a,[],"[{""functionCode"":""BARBELL_SUPPORT"",""relationType"":""DIRECT"",""classificationConfidence"":""EXPLICIT""}]",NO_CAPABILITY_APPLICABLE,,Training Function assignment does not imply complete exercise semantic coverage.,
1211,training-semantic-classifier-v2,training-semantic-registry-v2,7f7c6e88f31a7e4be4fb03761b58b380c6b37070297172a713b2d8a5ba9f14f8,a619932df9f2c4241330826cdd4b728164df7fa1672b2941e04fab621da8a78a,[],[],NO_CAPABILITY_APPLICABLE,,,
1212,training-semantic-classifier-v2,training-semantic-registry-v2,7f7c6e88f31a7e4be4fb03761b58b380c6b37070297172a713b2d8a5ba9f14f8,a619932df9f2c4241330826cdd4b728164df7fa1672b2941e04fab621da8a78a,[],[],NO_CAPABILITY_APPLICABLE,,,
1213,training-semantic-classifier-v2,training-semantic-registry-v2,7f7c6e88f31a7e4be4fb03761b58b380c6b37070297172a713b2d8a5ba9f14f8,a619932df9f2c4241330826cdd4b728164df7fa1672b2941e04fab621da8a78a,[],[],NO_CAPABILITY_APPLICABLE,,,
1214,training-semantic-classifier-v2,training-semantic-registry-v2,7f7c6e88f31a7e4be4fb03761b58b380c6b37070297172a713b2d8a5ba9f14f8,a619932df9f2c4241330826cdd4b728164df7fa1672b2941e04fab621da8a78a,[],[],NO_CAPABILITY_APPLICABLE,,,
1215,training-semantic-classifier-v2,training-semantic-registry-v2,7f7c6e88f31a7e4be4fb03761b58b380c6b37070297172a713b2d8a5ba9f14f8,a619932df9f2c4241330826cdd4b728164df7fa1672b2941e04fab621da8a78a,[],[],NO_CAPABILITY_APPLICABLE,,,
1216,training-semantic-classifier-v2,training-semantic-registry-v2,7f7c6e88f31a7e4be4fb03761b58b380c6b37070297172a713b2d8a5ba9f14f8,a619932df9f2c4241330826cdd4b728164df7fa1672b2941e04fab621da8a78a,[],[],NO_CAPABILITY_APPLICABLE,,,
1217,training-semantic-classifier-v2,training-semantic-registry-v2,7f7c6e88f31a7e4be4fb03761b58b380c6b37070297172a713b2d8a5ba9f14f8,a619932df9f2c4241330826cdd4b728164df7fa1672b2941e04fab621da8a78a,[],[],NO_CAPABILITY_APPLICABLE,,,
1218,training-semantic-classifier-v2,training-semantic-registry-v2,7f7c6e88f31a7e4be4fb03761b58b380c6b37070297172a713b2d8a5ba9f14f8,a619932df9f2c4241330826cdd4b728164df7fa1672b2941e04fab621da8a78a,[],[],NO_CAPABILITY_APPLICABLE,,,
1219,training-semantic-classifier-v2,training-semantic-registry-v2,7f7c6e88f31a7e4be4fb03761b58b380c6b37070297172a713b2d8a5ba9f14f8,a619932df9f2c4241330826cdd4b728164df7fa1672b2941e04fab621da8a78a,[],[],NO_CAPABILITY_APPLICABLE,,,
1220,training-semantic-classifier-v2,training-semantic-registry-v2,7f7c6e88f31a7e4be4fb03761b58b380c6b37070297172a713b2d8a5ba9f14f8,a619932df9f2c4241330826cdd4b728164df7fa1672b2941e04fab621da8a78a,[],[],NO_CAPABILITY_APPLICABLE,,,
1221,training-semantic-classifier-v2,training-semantic-registry-v2,7f7c6e88f31a7e4be4fb03761b58b380c6b37070297172a713b2d8a5ba9f14f8,a619932df9f2c4241330826cdd4b728164df7fa1672b2941e04fab621da8a78a,[],[],NO_CAPABILITY_APPLICABLE,,,
1222,training-semantic-classifier-v2,training-semantic-registry-v2,7f7c6e88f31a7e4be4fb03761b58b380c6b37070297172a713b2d8a5ba9f14f8,a619932df9f2c4241330826cdd4b728164df7fa1672b2941e04fab621da8a78a,[],[],NO_CAPABILITY_APPLICABLE,,,
1223,training-semantic-classifier-v2,training-semantic-registry-v2,7f7c6e88f31a7e4be4fb03761b58b380c6b37070297172a713b2d8a5ba9f14f8,a619932df9f2c4241330826cdd4b728164df7fa1672b2941e04fab621da8a78a,[],[],NO_CAPABILITY_APPLICABLE,,,
1224,training-semantic-classifier-v2,training-semantic-registry-v2,7f7c6e88f31a7e4be4fb03761b58b380c6b37070297172a713b2d8a5ba9f14f8,a619932df9f2c4241330826cdd4b728164df7fa1672b2941e04fab621da8a78a,[],[],NO_CAPABILITY_APPLICABLE,,,
1225,training-semantic-classifier-v2,training-semantic-registry-v2,7f7c6e88f31a7e4be4fb03761b58b380c6b37070297172a713b2d8a5ba9f14f8,a619932df9f2c4241330826cdd4b728164df7fa1672b2941e04fab621da8a78a,[],[],NO_CAPABILITY_APPLICABLE,,,
1226,training-semantic-classifier-v2,training-semantic-registry-v2,7f7c6e88f31a7e4be4fb03761b58b380c6b37070297172a713b2d8a5ba9f14f8,a619932df9f2c4241330826cdd4b728164df7fa1672b2941e04fab621da8a78a,"[{""capabilityCode"":""HIP_THRUST"",""relationType"":""DIRECT"",""classificationConfidence"":""EXPLICIT""}]",[],UNMODELED,,,
1227,training-semantic-classifier-v2,training-semantic-registry-v2,7f7c6e88f31a7e4be4fb03761b58b380c6b37070297172a713b2d8a5ba9f14f8,a619932df9f2c4241330826cdd4b728164df7fa1672b2941e04fab621da8a78a,"[{""capabilityCode"":""LEG_PRESS"",""relationType"":""DIRECT"",""classificationConfidence"":""EXPLICIT""}]",[],INSUFFICIENT_EVIDENCE,,,
1229,training-semantic-classifier-v2,training-semantic-registry-v2,7f7c6e88f31a7e4be4fb03761b58b380c6b37070297172a713b2d8a5ba9f14f8,a619932df9f2c4241330826cdd4b728164df7fa1672b2941e04fab621da8a78a,"[{""capabilityCode"":""HACK_SQUAT"",""relationType"":""DIRECT"",""classificationConfidence"":""EXPLICIT""}]",[],UNMODELED,,,SQUAT:squat
1230,training-semantic-classifier-v2,training-semantic-registry-v2,7f7c6e88f31a7e4be4fb03761b58b380c6b37070297172a713b2d8a5ba9f14f8,a619932df9f2c4241330826cdd4b728164df7fa1672b2941e04fab621da8a78a,[],[],UNMODELED,,,SQUAT:squat
1231,training-semantic-classifier-v2,training-semantic-registry-v2,7f7c6e88f31a7e4be4fb03761b58b380c6b37070297172a713b2d8a5ba9f14f8,a619932df9f2c4241330826cdd4b728164df7fa1672b2941e04fab621da8a78a,"[{""capabilityCode"":""LEG_CURL"",""relationType"":""DIRECT"",""classificationConfidence"":""EXPLICIT""}]",[],UNMODELED,,,
1232,training-semantic-classifier-v2,training-semantic-registry-v2,7f7c6e88f31a7e4be4fb03761b58b380c6b37070297172a713b2d8a5ba9f14f8,a619932df9f2c4241330826cdd4b728164df7fa1672b2941e04fab621da8a78a,"[{""capabilityCode"":""LEG_EXTENSION"",""relationType"":""DIRECT"",""classificationConfidence"":""EXPLICIT""}]",[],UNMODELED,,,
1234,training-semantic-classifier-v2,training-semantic-registry-v2,7f7c6e88f31a7e4be4fb03761b58b380c6b37070297172a713b2d8a5ba9f14f8,a619932df9f2c4241330826cdd4b728164df7fa1672b2941e04fab621da8a78a,"[{""capabilityCode"":""HIP_THRUST"",""relationType"":""DIRECT"",""classificationConfidence"":""EXPLICIT""}]",[],UNMODELED,,,
1236,training-semantic-classifier-v2,training-semantic-registry-v2,7f7c6e88f31a7e4be4fb03761b58b380c6b37070297172a713b2d8a5ba9f14f8,a619932df9f2c4241330826cdd4b728164df7fa1672b2941e04fab621da8a78a,[],[],UNMODELED,,,
1237,training-semantic-classifier-v2,training-semantic-registry-v2,7f7c6e88f31a7e4be4fb03761b58b380c6b37070297172a713b2d8a5ba9f14f8,a619932df9f2c4241330826cdd4b728164df7fa1672b2941e04fab621da8a78a,[],[],UNMODELED,,,
1238,training-semantic-classifier-v2,training-semantic-registry-v2,7f7c6e88f31a7e4be4fb03761b58b380c6b37070297172a713b2d8a5ba9f14f8,a619932df9f2c4241330826cdd4b728164df7fa1672b2941e04fab621da8a78a,[],[],UNMODELED,,,
1239,training-semantic-classifier-v2,training-semantic-registry-v2,7f7c6e88f31a7e4be4fb03761b58b380c6b37070297172a713b2d8a5ba9f14f8,a619932df9f2c4241330826cdd4b728164df7fa1672b2941e04fab621da8a78a,[],[],UNMODELED,,,
1240,training-semantic-classifier-v2,training-semantic-registry-v2,7f7c6e88f31a7e4be4fb03761b58b380c6b37070297172a713b2d8a5ba9f14f8,a619932df9f2c4241330826cdd4b728164df7fa1672b2941e04fab621da8a78a,[],[],UNMODELED,,,
1241,training-semantic-classifier-v2,training-semantic-registry-v2,7f7c6e88f31a7e4be4fb03761b58b380c6b37070297172a713b2d8a5ba9f14f8,a619932df9f2c4241330826cdd4b728164df7fa1672b2941e04fab621da8a78a,[],[],INSUFFICIENT_EVIDENCE,,,
1242,training-semantic-classifier-v2,training-semantic-registry-v2,7f7c6e88f31a7e4be4fb03761b58b380c6b37070297172a713b2d8a5ba9f14f8,a619932df9f2c4241330826cdd4b728164df7fa1672b2941e04fab621da8a78a,[],[],UNMODELED,,,
1244,training-semantic-classifier-v2,training-semantic-registry-v2,7f7c6e88f31a7e4be4fb03761b58b380c6b37070297172a713b2d8a5ba9f14f8,a619932df9f2c4241330826cdd4b728164df7fa1672b2941e04fab621da8a78a,[],[],UNMODELED,,,
1245,training-semantic-classifier-v2,training-semantic-registry-v2,7f7c6e88f31a7e4be4fb03761b58b380c6b37070297172a713b2d8a5ba9f14f8,a619932df9f2c4241330826cdd4b728164df7fa1672b2941e04fab621da8a78a,[],[],UNMODELED,,,
1246,training-semantic-classifier-v2,training-semantic-registry-v2,7f7c6e88f31a7e4be4fb03761b58b380c6b37070297172a713b2d8a5ba9f14f8,a619932df9f2c4241330826cdd4b728164df7fa1672b2941e04fab621da8a78a,[],[],UNMODELED,,,
1247,training-semantic-classifier-v2,training-semantic-registry-v2,7f7c6e88f31a7e4be4fb03761b58b380c6b37070297172a713b2d8a5ba9f14f8,a619932df9f2c4241330826cdd4b728164df7fa1672b2941e04fab621da8a78a,[],[],UNMODELED,,,
1248,training-semantic-classifier-v2,training-semantic-registry-v2,7f7c6e88f31a7e4be4fb03761b58b380c6b37070297172a713b2d8a5ba9f14f8,a619932df9f2c4241330826cdd4b728164df7fa1672b2941e04fab621da8a78a,[],[],UNMODELED,,,
1249,training-semantic-classifier-v2,training-semantic-registry-v2,7f7c6e88f31a7e4be4fb03761b58b380c6b37070297172a713b2d8a5ba9f14f8,a619932df9f2c4241330826cdd4b728164df7fa1672b2941e04fab621da8a78a,[],[],UNMODELED,,,
1250,training-semantic-classifier-v2,training-semantic-registry-v2,7f7c6e88f31a7e4be4fb03761b58b380c6b37070297172a713b2d8a5ba9f14f8,a619932df9f2c4241330826cdd4b728164df7fa1672b2941e04fab621da8a78a,[],[],UNMODELED,,,
1251,training-semantic-classifier-v2,training-semantic-registry-v2,7f7c6e88f31a7e4be4fb03761b58b380c6b37070297172a713b2d8a5ba9f14f8,a619932df9f2c4241330826cdd4b728164df7fa1672b2941e04fab621da8a78a,[],[],UNMODELED,,,
1252,training-semantic-classifier-v2,training-semantic-registry-v2,7f7c6e88f31a7e4be4fb03761b58b380c6b37070297172a713b2d8a5ba9f14f8,a619932df9f2c4241330826cdd4b728164df7fa1672b2941e04fab621da8a78a,[],[],UNMODELED,,,
1253,training-semantic-classifier-v2,training-semantic-registry-v2,7f7c6e88f31a7e4be4fb03761b58b380c6b37070297172a713b2d8a5ba9f14f8,a619932df9f2c4241330826cdd4b728164df7fa1672b2941e04fab621da8a78a,[],[],UNMODELED,,,
1254,training-semantic-classifier-v2,training-semantic-registry-v2,7f7c6e88f31a7e4be4fb03761b58b380c6b37070297172a713b2d8a5ba9f14f8,a619932df9f2c4241330826cdd4b728164df7fa1672b2941e04fab621da8a78a,[],[],UNMODELED,,,
1255,training-semantic-classifier-v2,training-semantic-registry-v2,7f7c6e88f31a7e4be4fb03761b58b380c6b37070297172a713b2d8a5ba9f14f8,a619932df9f2c4241330826cdd4b728164df7fa1672b2941e04fab621da8a78a,[],[],UNMODELED,,,
1256,training-semantic-classifier-v2,training-semantic-registry-v2,7f7c6e88f31a7e4be4fb03761b58b380c6b37070297172a713b2d8a5ba9f14f8,a619932df9f2c4241330826cdd4b728164df7fa1672b2941e04fab621da8a78a,[],[],NO_CAPABILITY_APPLICABLE,,,
1257,training-semantic-classifier-v2,training-semantic-registry-v2,7f7c6e88f31a7e4be4fb03761b58b380c6b37070297172a713b2d8a5ba9f14f8,a619932df9f2c4241330826cdd4b728164df7fa1672b2941e04fab621da8a78a,[],[],NO_CAPABILITY_APPLICABLE,,,
1258,training-semantic-classifier-v2,training-semantic-registry-v2,7f7c6e88f31a7e4be4fb03761b58b380c6b37070297172a713b2d8a5ba9f14f8,a619932df9f2c4241330826cdd4b728164df7fa1672b2941e04fab621da8a78a,[],[],NO_CAPABILITY_APPLICABLE,,,
1259,training-semantic-classifier-v2,training-semantic-registry-v2,7f7c6e88f31a7e4be4fb03761b58b380c6b37070297172a713b2d8a5ba9f14f8,a619932df9f2c4241330826cdd4b728164df7fa1672b2941e04fab621da8a78a,[],[],NO_CAPABILITY_APPLICABLE,,,
1260,training-semantic-classifier-v2,training-semantic-registry-v2,7f7c6e88f31a7e4be4fb03761b58b380c6b37070297172a713b2d8a5ba9f14f8,a619932df9f2c4241330826cdd4b728164df7fa1672b2941e04fab621da8a78a,[],[],NO_CAPABILITY_APPLICABLE,,,
1261,training-semantic-classifier-v2,training-semantic-registry-v2,7f7c6e88f31a7e4be4fb03761b58b380c6b37070297172a713b2d8a5ba9f14f8,a619932df9f2c4241330826cdd4b728164df7fa1672b2941e04fab621da8a78a,[],[],NO_CAPABILITY_APPLICABLE,,,
1262,training-semantic-classifier-v2,training-semantic-registry-v2,7f7c6e88f31a7e4be4fb03761b58b380c6b37070297172a713b2d8a5ba9f14f8,a619932df9f2c4241330826cdd4b728164df7fa1672b2941e04fab621da8a78a,[],[],UNMODELED,,,
1263,training-semantic-classifier-v2,training-semantic-registry-v2,7f7c6e88f31a7e4be4fb03761b58b380c6b37070297172a713b2d8a5ba9f14f8,a619932df9f2c4241330826cdd4b728164df7fa1672b2941e04fab621da8a78a,[],[],UNMODELED,,,
1264,training-semantic-classifier-v2,training-semantic-registry-v2,7f7c6e88f31a7e4be4fb03761b58b380c6b37070297172a713b2d8a5ba9f14f8,a619932df9f2c4241330826cdd4b728164df7fa1672b2941e04fab621da8a78a,[],[],UNMODELED,,,
1265,training-semantic-classifier-v2,training-semantic-registry-v2,7f7c6e88f31a7e4be4fb03761b58b380c6b37070297172a713b2d8a5ba9f14f8,a619932df9f2c4241330826cdd4b728164df7fa1672b2941e04fab621da8a78a,"[{""capabilityCode"":""CHEST_PRESS"",""relationType"":""DIRECT"",""classificationConfidence"":""EXPLICIT""}]",[],UNMODELED,,,
1266,training-semantic-classifier-v2,training-semantic-registry-v2,7f7c6e88f31a7e4be4fb03761b58b380c6b37070297172a713b2d8a5ba9f14f8,a619932df9f2c4241330826cdd4b728164df7fa1672b2941e04fab621da8a78a,"[{""capabilityCode"":""PEC_DECK"",""relationType"":""DIRECT"",""classificationConfidence"":""EXPLICIT""},{""capabilityCode"":""REAR_DELT_FLY"",""relationType"":""DIRECT"",""classificationConfidence"":""EXPLICIT""}]",[],UNMODELED,,,
1267,training-semantic-classifier-v2,training-semantic-registry-v2,7f7c6e88f31a7e4be4fb03761b58b380c6b37070297172a713b2d8a5ba9f14f8,a619932df9f2c4241330826cdd4b728164df7fa1672b2941e04fab621da8a78a,"[{""capabilityCode"":""LAT_PULLDOWN"",""relationType"":""DIRECT"",""classificationConfidence"":""EXPLICIT""}]","[{""functionCode"":""CABLE_RESISTANCE"",""relationType"":""DIRECT"",""classificationConfidence"":""EXPLICIT""}]",UNMODELED,,,
1268,training-semantic-classifier-v2,training-semantic-registry-v2,7f7c6e88f31a7e4be4fb03761b58b380c6b37070297172a713b2d8a5ba9f14f8,a619932df9f2c4241330826cdd4b728164df7fa1672b2941e04fab621da8a78a,"[{""capabilityCode"":""ROW"",""relationType"":""DIRECT"",""classificationConfidence"":""EXPLICIT""}]",[],UNMODELED,,,
1269,training-semantic-classifier-v2,training-semantic-registry-v2,7f7c6e88f31a7e4be4fb03761b58b380c6b37070297172a713b2d8a5ba9f14f8,a619932df9f2c4241330826cdd4b728164df7fa1672b2941e04fab621da8a78a,"[{""capabilityCode"":""LEG_EXTENSION"",""relationType"":""DIRECT"",""classificationConfidence"":""EXPLICIT""}]",[],UNMODELED,,,
1270,training-semantic-classifier-v2,training-semantic-registry-v2,7f7c6e88f31a7e4be4fb03761b58b380c6b37070297172a713b2d8a5ba9f14f8,a619932df9f2c4241330826cdd4b728164df7fa1672b2941e04fab621da8a78a,"[{""capabilityCode"":""LEG_CURL"",""relationType"":""DIRECT"",""classificationConfidence"":""EXPLICIT""}]",[],INSUFFICIENT_EVIDENCE,,,
1271,training-semantic-classifier-v2,training-semantic-registry-v2,7f7c6e88f31a7e4be4fb03761b58b380c6b37070297172a713b2d8a5ba9f14f8,a619932df9f2c4241330826cdd4b728164df7fa1672b2941e04fab621da8a78a,"[{""capabilityCode"":""ADDUCTOR"",""relationType"":""DIRECT"",""classificationConfidence"":""EXPLICIT""}]",[],UNMODELED,,,
1272,training-semantic-classifier-v2,training-semantic-registry-v2,7f7c6e88f31a7e4be4fb03761b58b380c6b37070297172a713b2d8a5ba9f14f8,a619932df9f2c4241330826cdd4b728164df7fa1672b2941e04fab621da8a78a,"[{""capabilityCode"":""HACK_SQUAT"",""relationType"":""DIRECT"",""classificationConfidence"":""EXPLICIT""}]",[],UNMODELED,,,SQUAT:squat
1273,training-semantic-classifier-v2,training-semantic-registry-v2,7f7c6e88f31a7e4be4fb03761b58b380c6b37070297172a713b2d8a5ba9f14f8,a619932df9f2c4241330826cdd4b728164df7fa1672b2941e04fab621da8a78a,"[{""capabilityCode"":""LEG_PRESS"",""relationType"":""DIRECT"",""classificationConfidence"":""EXPLICIT""}]",[],UNMODELED,,,
1274,training-semantic-classifier-v2,training-semantic-registry-v2,7f7c6e88f31a7e4be4fb03761b58b380c6b37070297172a713b2d8a5ba9f14f8,a619932df9f2c4241330826cdd4b728164df7fa1672b2941e04fab621da8a78a,[],"[{""functionCode"":""GUIDED_BARBELL_SUPPORT"",""relationType"":""DIRECT"",""classificationConfidence"":""EXPLICIT""}]",UNMODELED,,Training Function assignment does not imply complete exercise semantic coverage.,
1275,training-semantic-classifier-v2,training-semantic-registry-v2,7f7c6e88f31a7e4be4fb03761b58b380c6b37070297172a713b2d8a5ba9f14f8,a619932df9f2c4241330826cdd4b728164df7fa1672b2941e04fab621da8a78a,"[{""capabilityCode"":""LEG_PRESS"",""relationType"":""DIRECT"",""classificationConfidence"":""EXPLICIT""}]",[],UNMODELED,,,
1276,training-semantic-classifier-v2,training-semantic-registry-v2,7f7c6e88f31a7e4be4fb03761b58b380c6b37070297172a713b2d8a5ba9f14f8,a619932df9f2c4241330826cdd4b728164df7fa1672b2941e04fab621da8a78a,[],[],NO_CAPABILITY_APPLICABLE,,,
1277,training-semantic-classifier-v2,training-semantic-registry-v2,7f7c6e88f31a7e4be4fb03761b58b380c6b37070297172a713b2d8a5ba9f14f8,a619932df9f2c4241330826cdd4b728164df7fa1672b2941e04fab621da8a78a,[],[],NO_CAPABILITY_APPLICABLE,,,
1278,training-semantic-classifier-v2,training-semantic-registry-v2,7f7c6e88f31a7e4be4fb03761b58b380c6b37070297172a713b2d8a5ba9f14f8,a619932df9f2c4241330826cdd4b728164df7fa1672b2941e04fab621da8a78a,"[{""capabilityCode"":""ABDUCTOR"",""relationType"":""DIRECT"",""classificationConfidence"":""EXPLICIT""}]",[],UNMODELED,,,
1279,training-semantic-classifier-v2,training-semantic-registry-v2,7f7c6e88f31a7e4be4fb03761b58b380c6b37070297172a713b2d8a5ba9f14f8,a619932df9f2c4241330826cdd4b728164df7fa1672b2941e04fab621da8a78a,[],[],NO_CAPABILITY_APPLICABLE,,,
1280,training-semantic-classifier-v2,training-semantic-registry-v2,7f7c6e88f31a7e4be4fb03761b58b380c6b37070297172a713b2d8a5ba9f14f8,a619932df9f2c4241330826cdd4b728164df7fa1672b2941e04fab621da8a78a,[],[],NO_CAPABILITY_APPLICABLE,,,
1281,training-semantic-classifier-v2,training-semantic-registry-v2,7f7c6e88f31a7e4be4fb03761b58b380c6b37070297172a713b2d8a5ba9f14f8,a619932df9f2c4241330826cdd4b728164df7fa1672b2941e04fab621da8a78a,[],[],NO_CAPABILITY_APPLICABLE,,,
1282,training-semantic-classifier-v2,training-semantic-registry-v2,7f7c6e88f31a7e4be4fb03761b58b380c6b37070297172a713b2d8a5ba9f14f8,a619932df9f2c4241330826cdd4b728164df7fa1672b2941e04fab621da8a78a,[],[],NO_CAPABILITY_APPLICABLE,,,SQUAT:squat
1283,training-semantic-classifier-v2,training-semantic-registry-v2,7f7c6e88f31a7e4be4fb03761b58b380c6b37070297172a713b2d8a5ba9f14f8,a619932df9f2c4241330826cdd4b728164df7fa1672b2941e04fab621da8a78a,[],[],NO_CAPABILITY_APPLICABLE,,,
1284,training-semantic-classifier-v2,training-semantic-registry-v2,7f7c6e88f31a7e4be4fb03761b58b380c6b37070297172a713b2d8a5ba9f14f8,a619932df9f2c4241330826cdd4b728164df7fa1672b2941e04fab621da8a78a,"[{""capabilityCode"":""CALF_RAISE"",""relationType"":""DIRECT"",""classificationConfidence"":""EXPLICIT""}]",[],UNMODELED,,,
1285,training-semantic-classifier-v2,training-semantic-registry-v2,7f7c6e88f31a7e4be4fb03761b58b380c6b37070297172a713b2d8a5ba9f14f8,a619932df9f2c4241330826cdd4b728164df7fa1672b2941e04fab621da8a78a,[],[],NO_CAPABILITY_APPLICABLE,,,
1286,training-semantic-classifier-v2,training-semantic-registry-v2,7f7c6e88f31a7e4be4fb03761b58b380c6b37070297172a713b2d8a5ba9f14f8,a619932df9f2c4241330826cdd4b728164df7fa1672b2941e04fab621da8a78a,[],[],NO_CAPABILITY_APPLICABLE,,,
1287,training-semantic-classifier-v2,training-semantic-registry-v2,7f7c6e88f31a7e4be4fb03761b58b380c6b37070297172a713b2d8a5ba9f14f8,a619932df9f2c4241330826cdd4b728164df7fa1672b2941e04fab621da8a78a,[],[],UNMODELED,,,
1288,training-semantic-classifier-v2,training-semantic-registry-v2,7f7c6e88f31a7e4be4fb03761b58b380c6b37070297172a713b2d8a5ba9f14f8,a619932df9f2c4241330826cdd4b728164df7fa1672b2941e04fab621da8a78a,[],[],UNMODELED,,,
1289,training-semantic-classifier-v2,training-semantic-registry-v2,7f7c6e88f31a7e4be4fb03761b58b380c6b37070297172a713b2d8a5ba9f14f8,a619932df9f2c4241330826cdd4b728164df7fa1672b2941e04fab621da8a78a,[],[],UNMODELED,,,
1290,training-semantic-classifier-v2,training-semantic-registry-v2,7f7c6e88f31a7e4be4fb03761b58b380c6b37070297172a713b2d8a5ba9f14f8,a619932df9f2c4241330826cdd4b728164df7fa1672b2941e04fab621da8a78a,[],[],UNMODELED,,,
1291,training-semantic-classifier-v2,training-semantic-registry-v2,7f7c6e88f31a7e4be4fb03761b58b380c6b37070297172a713b2d8a5ba9f14f8,a619932df9f2c4241330826cdd4b728164df7fa1672b2941e04fab621da8a78a,[],[],UNMODELED,,,
1293,training-semantic-classifier-v2,training-semantic-registry-v2,7f7c6e88f31a7e4be4fb03761b58b380c6b37070297172a713b2d8a5ba9f14f8,a619932df9f2c4241330826cdd4b728164df7fa1672b2941e04fab621da8a78a,[],[],UNMODELED,,,
1294,training-semantic-classifier-v2,training-semantic-registry-v2,7f7c6e88f31a7e4be4fb03761b58b380c6b37070297172a713b2d8a5ba9f14f8,a619932df9f2c4241330826cdd4b728164df7fa1672b2941e04fab621da8a78a,[],[],NO_CAPABILITY_APPLICABLE,,,
1295,training-semantic-classifier-v2,training-semantic-registry-v2,7f7c6e88f31a7e4be4fb03761b58b380c6b37070297172a713b2d8a5ba9f14f8,a619932df9f2c4241330826cdd4b728164df7fa1672b2941e04fab621da8a78a,[],[],UNMODELED,,,
1296,training-semantic-classifier-v2,training-semantic-registry-v2,7f7c6e88f31a7e4be4fb03761b58b380c6b37070297172a713b2d8a5ba9f14f8,a619932df9f2c4241330826cdd4b728164df7fa1672b2941e04fab621da8a78a,[],[],UNMODELED,,,
1297,training-semantic-classifier-v2,training-semantic-registry-v2,7f7c6e88f31a7e4be4fb03761b58b380c6b37070297172a713b2d8a5ba9f14f8,a619932df9f2c4241330826cdd4b728164df7fa1672b2941e04fab621da8a78a,[],[],UNMODELED,,,
1298,training-semantic-classifier-v2,training-semantic-registry-v2,7f7c6e88f31a7e4be4fb03761b58b380c6b37070297172a713b2d8a5ba9f14f8,a619932df9f2c4241330826cdd4b728164df7fa1672b2941e04fab621da8a78a,[],"[{""functionCode"":""BARBELL_SUPPORT"",""relationType"":""DIRECT"",""classificationConfidence"":""EXPLICIT""}]",NO_CAPABILITY_APPLICABLE,,Training Function assignment does not imply complete exercise semantic coverage.,
1299,training-semantic-classifier-v2,training-semantic-registry-v2,7f7c6e88f31a7e4be4fb03761b58b380c6b37070297172a713b2d8a5ba9f14f8,a619932df9f2c4241330826cdd4b728164df7fa1672b2941e04fab621da8a78a,[],[],NO_CAPABILITY_APPLICABLE,,,
1300,training-semantic-classifier-v2,training-semantic-registry-v2,7f7c6e88f31a7e4be4fb03761b58b380c6b37070297172a713b2d8a5ba9f14f8,a619932df9f2c4241330826cdd4b728164df7fa1672b2941e04fab621da8a78a,[],[],UNMODELED,,,
1301,training-semantic-classifier-v2,training-semantic-registry-v2,7f7c6e88f31a7e4be4fb03761b58b380c6b37070297172a713b2d8a5ba9f14f8,a619932df9f2c4241330826cdd4b728164df7fa1672b2941e04fab621da8a78a,[],[],NO_CAPABILITY_APPLICABLE,,,
1302,training-semantic-classifier-v2,training-semantic-registry-v2,7f7c6e88f31a7e4be4fb03761b58b380c6b37070297172a713b2d8a5ba9f14f8,a619932df9f2c4241330826cdd4b728164df7fa1672b2941e04fab621da8a78a,[],[],NO_CAPABILITY_APPLICABLE,,,
1303,training-semantic-classifier-v2,training-semantic-registry-v2,7f7c6e88f31a7e4be4fb03761b58b380c6b37070297172a713b2d8a5ba9f14f8,a619932df9f2c4241330826cdd4b728164df7fa1672b2941e04fab621da8a78a,[],[],NO_CAPABILITY_APPLICABLE,,,
1304,training-semantic-classifier-v2,training-semantic-registry-v2,7f7c6e88f31a7e4be4fb03761b58b380c6b37070297172a713b2d8a5ba9f14f8,a619932df9f2c4241330826cdd4b728164df7fa1672b2941e04fab621da8a78a,[],[],NO_CAPABILITY_APPLICABLE,,,
1305,training-semantic-classifier-v2,training-semantic-registry-v2,7f7c6e88f31a7e4be4fb03761b58b380c6b37070297172a713b2d8a5ba9f14f8,a619932df9f2c4241330826cdd4b728164df7fa1672b2941e04fab621da8a78a,[],[],NO_CAPABILITY_APPLICABLE,,,
1306,training-semantic-classifier-v2,training-semantic-registry-v2,7f7c6e88f31a7e4be4fb03761b58b380c6b37070297172a713b2d8a5ba9f14f8,a619932df9f2c4241330826cdd4b728164df7fa1672b2941e04fab621da8a78a,[],[],NO_CAPABILITY_APPLICABLE,,,
1307,training-semantic-classifier-v2,training-semantic-registry-v2,7f7c6e88f31a7e4be4fb03761b58b380c6b37070297172a713b2d8a5ba9f14f8,a619932df9f2c4241330826cdd4b728164df7fa1672b2941e04fab621da8a78a,[],[],UNMODELED,,,
1308,training-semantic-classifier-v2,training-semantic-registry-v2,7f7c6e88f31a7e4be4fb03761b58b380c6b37070297172a713b2d8a5ba9f14f8,a619932df9f2c4241330826cdd4b728164df7fa1672b2941e04fab621da8a78a,[],[],NO_CAPABILITY_APPLICABLE,,,
1309,training-semantic-classifier-v2,training-semantic-registry-v2,7f7c6e88f31a7e4be4fb03761b58b380c6b37070297172a713b2d8a5ba9f14f8,a619932df9f2c4241330826cdd4b728164df7fa1672b2941e04fab621da8a78a,[],"[{""functionCode"":""BARBELL_SUPPORT"",""relationType"":""DIRECT"",""classificationConfidence"":""EXPLICIT""}]",NO_CAPABILITY_APPLICABLE,,Training Function assignment does not imply complete exercise semantic coverage.,
1310,training-semantic-classifier-v2,training-semantic-registry-v2,7f7c6e88f31a7e4be4fb03761b58b380c6b37070297172a713b2d8a5ba9f14f8,a619932df9f2c4241330826cdd4b728164df7fa1672b2941e04fab621da8a78a,[],[],NO_CAPABILITY_APPLICABLE,,,
1311,training-semantic-classifier-v2,training-semantic-registry-v2,7f7c6e88f31a7e4be4fb03761b58b380c6b37070297172a713b2d8a5ba9f14f8,a619932df9f2c4241330826cdd4b728164df7fa1672b2941e04fab621da8a78a,[],[],NO_CAPABILITY_APPLICABLE,,,
1312,training-semantic-classifier-v2,training-semantic-registry-v2,7f7c6e88f31a7e4be4fb03761b58b380c6b37070297172a713b2d8a5ba9f14f8,a619932df9f2c4241330826cdd4b728164df7fa1672b2941e04fab621da8a78a,[],[],NO_CAPABILITY_APPLICABLE,,,
1313,training-semantic-classifier-v2,training-semantic-registry-v2,7f7c6e88f31a7e4be4fb03761b58b380c6b37070297172a713b2d8a5ba9f14f8,a619932df9f2c4241330826cdd4b728164df7fa1672b2941e04fab621da8a78a,[],[],NO_CAPABILITY_APPLICABLE,,,
1314,training-semantic-classifier-v2,training-semantic-registry-v2,7f7c6e88f31a7e4be4fb03761b58b380c6b37070297172a713b2d8a5ba9f14f8,a619932df9f2c4241330826cdd4b728164df7fa1672b2941e04fab621da8a78a,[],[],NO_CAPABILITY_APPLICABLE,,,
1315,training-semantic-classifier-v2,training-semantic-registry-v2,7f7c6e88f31a7e4be4fb03761b58b380c6b37070297172a713b2d8a5ba9f14f8,a619932df9f2c4241330826cdd4b728164df7fa1672b2941e04fab621da8a78a,[],[],NO_CAPABILITY_APPLICABLE,,,
1316,training-semantic-classifier-v2,training-semantic-registry-v2,7f7c6e88f31a7e4be4fb03761b58b380c6b37070297172a713b2d8a5ba9f14f8,a619932df9f2c4241330826cdd4b728164df7fa1672b2941e04fab621da8a78a,[],[],NO_CAPABILITY_APPLICABLE,,,
1317,training-semantic-classifier-v2,training-semantic-registry-v2,7f7c6e88f31a7e4be4fb03761b58b380c6b37070297172a713b2d8a5ba9f14f8,a619932df9f2c4241330826cdd4b728164df7fa1672b2941e04fab621da8a78a,[],[],NO_CAPABILITY_APPLICABLE,,,
1318,training-semantic-classifier-v2,training-semantic-registry-v2,7f7c6e88f31a7e4be4fb03761b58b380c6b37070297172a713b2d8a5ba9f14f8,a619932df9f2c4241330826cdd4b728164df7fa1672b2941e04fab621da8a78a,[],[],NO_CAPABILITY_APPLICABLE,,,
1319,training-semantic-classifier-v2,training-semantic-registry-v2,7f7c6e88f31a7e4be4fb03761b58b380c6b37070297172a713b2d8a5ba9f14f8,a619932df9f2c4241330826cdd4b728164df7fa1672b2941e04fab621da8a78a,[],[],NO_CAPABILITY_APPLICABLE,,,
1320,training-semantic-classifier-v2,training-semantic-registry-v2,7f7c6e88f31a7e4be4fb03761b58b380c6b37070297172a713b2d8a5ba9f14f8,a619932df9f2c4241330826cdd4b728164df7fa1672b2941e04fab621da8a78a,[],[],NO_CAPABILITY_APPLICABLE,,,
1321,training-semantic-classifier-v2,training-semantic-registry-v2,7f7c6e88f31a7e4be4fb03761b58b380c6b37070297172a713b2d8a5ba9f14f8,a619932df9f2c4241330826cdd4b728164df7fa1672b2941e04fab621da8a78a,[],[],UNMODELED,,,
1322,training-semantic-classifier-v2,training-semantic-registry-v2,7f7c6e88f31a7e4be4fb03761b58b380c6b37070297172a713b2d8a5ba9f14f8,a619932df9f2c4241330826cdd4b728164df7fa1672b2941e04fab621da8a78a,[],[],NO_CAPABILITY_APPLICABLE,,,
1323,training-semantic-classifier-v2,training-semantic-registry-v2,7f7c6e88f31a7e4be4fb03761b58b380c6b37070297172a713b2d8a5ba9f14f8,a619932df9f2c4241330826cdd4b728164df7fa1672b2941e04fab621da8a78a,[],[],NO_CAPABILITY_APPLICABLE,,,
1324,training-semantic-classifier-v2,training-semantic-registry-v2,7f7c6e88f31a7e4be4fb03761b58b380c6b37070297172a713b2d8a5ba9f14f8,a619932df9f2c4241330826cdd4b728164df7fa1672b2941e04fab621da8a78a,[],[],NO_CAPABILITY_APPLICABLE,,,
1325,training-semantic-classifier-v2,training-semantic-registry-v2,7f7c6e88f31a7e4be4fb03761b58b380c6b37070297172a713b2d8a5ba9f14f8,a619932df9f2c4241330826cdd4b728164df7fa1672b2941e04fab621da8a78a,[],[],UNMODELED,,,
1326,training-semantic-classifier-v2,training-semantic-registry-v2,7f7c6e88f31a7e4be4fb03761b58b380c6b37070297172a713b2d8a5ba9f14f8,a619932df9f2c4241330826cdd4b728164df7fa1672b2941e04fab621da8a78a,[],[],NO_CAPABILITY_APPLICABLE,,,
1327,training-semantic-classifier-v2,training-semantic-registry-v2,7f7c6e88f31a7e4be4fb03761b58b380c6b37070297172a713b2d8a5ba9f14f8,a619932df9f2c4241330826cdd4b728164df7fa1672b2941e04fab621da8a78a,[],[],UNMODELED,,,
1328,training-semantic-classifier-v2,training-semantic-registry-v2,7f7c6e88f31a7e4be4fb03761b58b380c6b37070297172a713b2d8a5ba9f14f8,a619932df9f2c4241330826cdd4b728164df7fa1672b2941e04fab621da8a78a,[],[],NO_CAPABILITY_APPLICABLE,,,
1330,training-semantic-classifier-v2,training-semantic-registry-v2,7f7c6e88f31a7e4be4fb03761b58b380c6b37070297172a713b2d8a5ba9f14f8,a619932df9f2c4241330826cdd4b728164df7fa1672b2941e04fab621da8a78a,[],[],UNMODELED,,,
1331,training-semantic-classifier-v2,training-semantic-registry-v2,7f7c6e88f31a7e4be4fb03761b58b380c6b37070297172a713b2d8a5ba9f14f8,a619932df9f2c4241330826cdd4b728164df7fa1672b2941e04fab621da8a78a,"[{""capabilityCode"":""PULL_UP"",""relationType"":""DIRECT"",""classificationConfidence"":""HIGH""}]",[],NO_CAPABILITY_APPLICABLE,,,
1332,training-semantic-classifier-v2,training-semantic-registry-v2,7f7c6e88f31a7e4be4fb03761b58b380c6b37070297172a713b2d8a5ba9f14f8,a619932df9f2c4241330826cdd4b728164df7fa1672b2941e04fab621da8a78a,"[{""capabilityCode"":""PULL_UP"",""relationType"":""DIRECT"",""classificationConfidence"":""HIGH""}]",[],NO_CAPABILITY_APPLICABLE,,,
1333,training-semantic-classifier-v2,training-semantic-registry-v2,7f7c6e88f31a7e4be4fb03761b58b380c6b37070297172a713b2d8a5ba9f14f8,a619932df9f2c4241330826cdd4b728164df7fa1672b2941e04fab621da8a78a,[],[],NO_CAPABILITY_APPLICABLE,,,
1334,training-semantic-classifier-v2,training-semantic-registry-v2,7f7c6e88f31a7e4be4fb03761b58b380c6b37070297172a713b2d8a5ba9f14f8,a619932df9f2c4241330826cdd4b728164df7fa1672b2941e04fab621da8a78a,[],[],NO_CAPABILITY_APPLICABLE,,,
1335,training-semantic-classifier-v2,training-semantic-registry-v2,7f7c6e88f31a7e4be4fb03761b58b380c6b37070297172a713b2d8a5ba9f14f8,a619932df9f2c4241330826cdd4b728164df7fa1672b2941e04fab621da8a78a,"[{""capabilityCode"":""PULL_UP"",""relationType"":""DIRECT"",""classificationConfidence"":""HIGH""}]",[],UNMODELED,,,
1336,training-semantic-classifier-v2,training-semantic-registry-v2,7f7c6e88f31a7e4be4fb03761b58b380c6b37070297172a713b2d8a5ba9f14f8,a619932df9f2c4241330826cdd4b728164df7fa1672b2941e04fab621da8a78a,[],[],UNMODELED,,,
1337,training-semantic-classifier-v2,training-semantic-registry-v2,7f7c6e88f31a7e4be4fb03761b58b380c6b37070297172a713b2d8a5ba9f14f8,a619932df9f2c4241330826cdd4b728164df7fa1672b2941e04fab621da8a78a,"[{""capabilityCode"":""HIP_THRUST"",""relationType"":""DIRECT"",""classificationConfidence"":""EXPLICIT""}]",[],UNMODELED,,,
1338,training-semantic-classifier-v2,training-semantic-registry-v2,7f7c6e88f31a7e4be4fb03761b58b380c6b37070297172a713b2d8a5ba9f14f8,a619932df9f2c4241330826cdd4b728164df7fa1672b2941e04fab621da8a78a,[],[],NO_CAPABILITY_APPLICABLE,,,
1339,training-semantic-classifier-v2,training-semantic-registry-v2,7f7c6e88f31a7e4be4fb03761b58b380c6b37070297172a713b2d8a5ba9f14f8,a619932df9f2c4241330826cdd4b728164df7fa1672b2941e04fab621da8a78a,[],[],NO_CAPABILITY_APPLICABLE,,,
1340,training-semantic-classifier-v2,training-semantic-registry-v2,7f7c6e88f31a7e4be4fb03761b58b380c6b37070297172a713b2d8a5ba9f14f8,a619932df9f2c4241330826cdd4b728164df7fa1672b2941e04fab621da8a78a,[],[],NO_CAPABILITY_APPLICABLE,,,
1341,training-semantic-classifier-v2,training-semantic-registry-v2,7f7c6e88f31a7e4be4fb03761b58b380c6b37070297172a713b2d8a5ba9f14f8,a619932df9f2c4241330826cdd4b728164df7fa1672b2941e04fab621da8a78a,[],[],NO_CAPABILITY_APPLICABLE,,,
1343,training-semantic-classifier-v2,training-semantic-registry-v2,7f7c6e88f31a7e4be4fb03761b58b380c6b37070297172a713b2d8a5ba9f14f8,a619932df9f2c4241330826cdd4b728164df7fa1672b2941e04fab621da8a78a,[],"[{""functionCode"":""CABLE_RESISTANCE"",""relationType"":""FAMILY_DERIVED"",""classificationConfidence"":""HIGH""}]",NO_CAPABILITY_APPLICABLE,,Training Function assignment does not imply complete exercise semantic coverage.,
1344,training-semantic-classifier-v2,training-semantic-registry-v2,7f7c6e88f31a7e4be4fb03761b58b380c6b37070297172a713b2d8a5ba9f14f8,a619932df9f2c4241330826cdd4b728164df7fa1672b2941e04fab621da8a78a,[],"[{""functionCode"":""CABLE_RESISTANCE"",""relationType"":""FAMILY_DERIVED"",""classificationConfidence"":""HIGH""}]",NO_CAPABILITY_APPLICABLE,,Training Function assignment does not imply complete exercise semantic coverage.,
1345,training-semantic-classifier-v2,training-semantic-registry-v2,7f7c6e88f31a7e4be4fb03761b58b380c6b37070297172a713b2d8a5ba9f14f8,a619932df9f2c4241330826cdd4b728164df7fa1672b2941e04fab621da8a78a,[],"[{""functionCode"":""CABLE_RESISTANCE"",""relationType"":""FAMILY_DERIVED"",""classificationConfidence"":""HIGH""}]",NO_CAPABILITY_APPLICABLE,,Training Function assignment does not imply complete exercise semantic coverage.,
1346,training-semantic-classifier-v2,training-semantic-registry-v2,7f7c6e88f31a7e4be4fb03761b58b380c6b37070297172a713b2d8a5ba9f14f8,a619932df9f2c4241330826cdd4b728164df7fa1672b2941e04fab621da8a78a,[],"[{""functionCode"":""CABLE_RESISTANCE"",""relationType"":""DIRECT"",""classificationConfidence"":""EXPLICIT""}]",NO_CAPABILITY_APPLICABLE,,Training Function assignment does not imply complete exercise semantic coverage.,
1347,training-semantic-classifier-v2,training-semantic-registry-v2,7f7c6e88f31a7e4be4fb03761b58b380c6b37070297172a713b2d8a5ba9f14f8,a619932df9f2c4241330826cdd4b728164df7fa1672b2941e04fab621da8a78a,[],"[{""functionCode"":""CABLE_RESISTANCE"",""relationType"":""DIRECT"",""classificationConfidence"":""EXPLICIT""}]",NO_CAPABILITY_APPLICABLE,,Training Function assignment does not imply complete exercise semantic coverage.,
1348,training-semantic-classifier-v2,training-semantic-registry-v2,7f7c6e88f31a7e4be4fb03761b58b380c6b37070297172a713b2d8a5ba9f14f8,a619932df9f2c4241330826cdd4b728164df7fa1672b2941e04fab621da8a78a,[],"[{""functionCode"":""CABLE_RESISTANCE"",""relationType"":""FAMILY_DERIVED"",""classificationConfidence"":""HIGH""}]",NO_CAPABILITY_APPLICABLE,,Training Function assignment does not imply complete exercise semantic coverage.,
1349,training-semantic-classifier-v2,training-semantic-registry-v2,7f7c6e88f31a7e4be4fb03761b58b380c6b37070297172a713b2d8a5ba9f14f8,a619932df9f2c4241330826cdd4b728164df7fa1672b2941e04fab621da8a78a,[],"[{""functionCode"":""CABLE_RESISTANCE"",""relationType"":""FAMILY_DERIVED"",""classificationConfidence"":""HIGH""}]",NO_CAPABILITY_APPLICABLE,,Training Function assignment does not imply complete exercise semantic coverage.,
1350,training-semantic-classifier-v2,training-semantic-registry-v2,7f7c6e88f31a7e4be4fb03761b58b380c6b37070297172a713b2d8a5ba9f14f8,a619932df9f2c4241330826cdd4b728164df7fa1672b2941e04fab621da8a78a,[],"[{""functionCode"":""CABLE_RESISTANCE"",""relationType"":""FAMILY_DERIVED"",""classificationConfidence"":""HIGH""}]",NO_CAPABILITY_APPLICABLE,,Training Function assignment does not imply complete exercise semantic coverage.,
1351,training-semantic-classifier-v2,training-semantic-registry-v2,7f7c6e88f31a7e4be4fb03761b58b380c6b37070297172a713b2d8a5ba9f14f8,a619932df9f2c4241330826cdd4b728164df7fa1672b2941e04fab621da8a78a,[],[],NO_CAPABILITY_APPLICABLE,,,
1352,training-semantic-classifier-v2,training-semantic-registry-v2,7f7c6e88f31a7e4be4fb03761b58b380c6b37070297172a713b2d8a5ba9f14f8,a619932df9f2c4241330826cdd4b728164df7fa1672b2941e04fab621da8a78a,[],[],NO_CAPABILITY_APPLICABLE,,,
1353,training-semantic-classifier-v2,training-semantic-registry-v2,7f7c6e88f31a7e4be4fb03761b58b380c6b37070297172a713b2d8a5ba9f14f8,a619932df9f2c4241330826cdd4b728164df7fa1672b2941e04fab621da8a78a,[],[],NO_CAPABILITY_APPLICABLE,,,
1354,training-semantic-classifier-v2,training-semantic-registry-v2,7f7c6e88f31a7e4be4fb03761b58b380c6b37070297172a713b2d8a5ba9f14f8,a619932df9f2c4241330826cdd4b728164df7fa1672b2941e04fab621da8a78a,[],[],UNMODELED,,,DEADLIFT:deadlift
1355,training-semantic-classifier-v2,training-semantic-registry-v2,7f7c6e88f31a7e4be4fb03761b58b380c6b37070297172a713b2d8a5ba9f14f8,a619932df9f2c4241330826cdd4b728164df7fa1672b2941e04fab621da8a78a,[],[],UNMODELED,,,
1356,training-semantic-classifier-v2,training-semantic-registry-v2,7f7c6e88f31a7e4be4fb03761b58b380c6b37070297172a713b2d8a5ba9f14f8,a619932df9f2c4241330826cdd4b728164df7fa1672b2941e04fab621da8a78a,[],[],UNMODELED,,,
1357,training-semantic-classifier-v2,training-semantic-registry-v2,7f7c6e88f31a7e4be4fb03761b58b380c6b37070297172a713b2d8a5ba9f14f8,a619932df9f2c4241330826cdd4b728164df7fa1672b2941e04fab621da8a78a,[],[],UNMODELED,,,
1358,training-semantic-classifier-v2,training-semantic-registry-v2,7f7c6e88f31a7e4be4fb03761b58b380c6b37070297172a713b2d8a5ba9f14f8,a619932df9f2c4241330826cdd4b728164df7fa1672b2941e04fab621da8a78a,[],[],UNMODELED,,,
1359,training-semantic-classifier-v2,training-semantic-registry-v2,7f7c6e88f31a7e4be4fb03761b58b380c6b37070297172a713b2d8a5ba9f14f8,a619932df9f2c4241330826cdd4b728164df7fa1672b2941e04fab621da8a78a,[],[],UNMODELED,,,
1360,training-semantic-classifier-v2,training-semantic-registry-v2,7f7c6e88f31a7e4be4fb03761b58b380c6b37070297172a713b2d8a5ba9f14f8,a619932df9f2c4241330826cdd4b728164df7fa1672b2941e04fab621da8a78a,"[{""capabilityCode"":""CHEST_PRESS"",""relationType"":""DIRECT"",""classificationConfidence"":""EXPLICIT""}]",[],UNMODELED,,,
1361,training-semantic-classifier-v2,training-semantic-registry-v2,7f7c6e88f31a7e4be4fb03761b58b380c6b37070297172a713b2d8a5ba9f14f8,a619932df9f2c4241330826cdd4b728164df7fa1672b2941e04fab621da8a78a,"[{""capabilityCode"":""LAT_PULLDOWN"",""relationType"":""DIRECT"",""classificationConfidence"":""EXPLICIT""}]",[],UNMODELED,,,
1362,training-semantic-classifier-v2,training-semantic-registry-v2,7f7c6e88f31a7e4be4fb03761b58b380c6b37070297172a713b2d8a5ba9f14f8,a619932df9f2c4241330826cdd4b728164df7fa1672b2941e04fab621da8a78a,"[{""capabilityCode"":""SHOULDER_PRESS"",""relationType"":""DIRECT"",""classificationConfidence"":""EXPLICIT""}]",[],UNMODELED,,,
1363,training-semantic-classifier-v2,training-semantic-registry-v2,7f7c6e88f31a7e4be4fb03761b58b380c6b37070297172a713b2d8a5ba9f14f8,a619932df9f2c4241330826cdd4b728164df7fa1672b2941e04fab621da8a78a,"[{""capabilityCode"":""ROW"",""relationType"":""DIRECT"",""classificationConfidence"":""EXPLICIT""}]",[],UNMODELED,,,
1364,training-semantic-classifier-v2,training-semantic-registry-v2,7f7c6e88f31a7e4be4fb03761b58b380c6b37070297172a713b2d8a5ba9f14f8,a619932df9f2c4241330826cdd4b728164df7fa1672b2941e04fab621da8a78a,"[{""capabilityCode"":""CHEST_PRESS"",""relationType"":""DIRECT"",""classificationConfidence"":""EXPLICIT""}]",[],UNMODELED,,,
1365,training-semantic-classifier-v2,training-semantic-registry-v2,7f7c6e88f31a7e4be4fb03761b58b380c6b37070297172a713b2d8a5ba9f14f8,a619932df9f2c4241330826cdd4b728164df7fa1672b2941e04fab621da8a78a,"[{""capabilityCode"":""LAT_PULLDOWN"",""relationType"":""DIRECT"",""classificationConfidence"":""EXPLICIT""}]","[{""functionCode"":""CABLE_RESISTANCE"",""relationType"":""FAMILY_DERIVED"",""classificationConfidence"":""HIGH""}]",UNMODELED,,,
1366,training-semantic-classifier-v2,training-semantic-registry-v2,7f7c6e88f31a7e4be4fb03761b58b380c6b37070297172a713b2d8a5ba9f14f8,a619932df9f2c4241330826cdd4b728164df7fa1672b2941e04fab621da8a78a,"[{""capabilityCode"":""ROW"",""relationType"":""DIRECT"",""classificationConfidence"":""EXPLICIT""}]",[],UNMODELED,,,
1367,training-semantic-classifier-v2,training-semantic-registry-v2,7f7c6e88f31a7e4be4fb03761b58b380c6b37070297172a713b2d8a5ba9f14f8,a619932df9f2c4241330826cdd4b728164df7fa1672b2941e04fab621da8a78a,"[{""capabilityCode"":""SHOULDER_PRESS"",""relationType"":""DIRECT"",""classificationConfidence"":""EXPLICIT""}]",[],UNMODELED,,,
1368,training-semantic-classifier-v2,training-semantic-registry-v2,7f7c6e88f31a7e4be4fb03761b58b380c6b37070297172a713b2d8a5ba9f14f8,a619932df9f2c4241330826cdd4b728164df7fa1672b2941e04fab621da8a78a,"[{""capabilityCode"":""PEC_DECK"",""relationType"":""DIRECT"",""classificationConfidence"":""EXPLICIT""},{""capabilityCode"":""REAR_DELT_FLY"",""relationType"":""DIRECT"",""classificationConfidence"":""EXPLICIT""}]",[],UNMODELED,,,
1369,training-semantic-classifier-v2,training-semantic-registry-v2,7f7c6e88f31a7e4be4fb03761b58b380c6b37070297172a713b2d8a5ba9f14f8,a619932df9f2c4241330826cdd4b728164df7fa1672b2941e04fab621da8a78a,[],[],UNMODELED,,,
1370,training-semantic-classifier-v2,training-semantic-registry-v2,7f7c6e88f31a7e4be4fb03761b58b380c6b37070297172a713b2d8a5ba9f14f8,a619932df9f2c4241330826cdd4b728164df7fa1672b2941e04fab621da8a78a,[],[],UNMODELED,,,
1371,training-semantic-classifier-v2,training-semantic-registry-v2,7f7c6e88f31a7e4be4fb03761b58b380c6b37070297172a713b2d8a5ba9f14f8,a619932df9f2c4241330826cdd4b728164df7fa1672b2941e04fab621da8a78a,[],[],UNMODELED,,,
1372,training-semantic-classifier-v2,training-semantic-registry-v2,7f7c6e88f31a7e4be4fb03761b58b380c6b37070297172a713b2d8a5ba9f14f8,a619932df9f2c4241330826cdd4b728164df7fa1672b2941e04fab621da8a78a,"[{""capabilityCode"":""LEG_EXTENSION"",""relationType"":""DIRECT"",""classificationConfidence"":""EXPLICIT""}]",[],UNMODELED,,,
1373,training-semantic-classifier-v2,training-semantic-registry-v2,7f7c6e88f31a7e4be4fb03761b58b380c6b37070297172a713b2d8a5ba9f14f8,a619932df9f2c4241330826cdd4b728164df7fa1672b2941e04fab621da8a78a,"[{""capabilityCode"":""LEG_CURL"",""relationType"":""DIRECT"",""classificationConfidence"":""EXPLICIT""}]",[],UNMODELED,,,
1374,training-semantic-classifier-v2,training-semantic-registry-v2,7f7c6e88f31a7e4be4fb03761b58b380c6b37070297172a713b2d8a5ba9f14f8,a619932df9f2c4241330826cdd4b728164df7fa1672b2941e04fab621da8a78a,"[{""capabilityCode"":""LEG_CURL"",""relationType"":""DIRECT"",""classificationConfidence"":""EXPLICIT""}]",[],UNMODELED,,,
1375,training-semantic-classifier-v2,training-semantic-registry-v2,7f7c6e88f31a7e4be4fb03761b58b380c6b37070297172a713b2d8a5ba9f14f8,a619932df9f2c4241330826cdd4b728164df7fa1672b2941e04fab621da8a78a,"[{""capabilityCode"":""ABDUCTOR"",""relationType"":""DIRECT"",""classificationConfidence"":""EXPLICIT""}]",[],UNMODELED,,,
1376,training-semantic-classifier-v2,training-semantic-registry-v2,7f7c6e88f31a7e4be4fb03761b58b380c6b37070297172a713b2d8a5ba9f14f8,a619932df9f2c4241330826cdd4b728164df7fa1672b2941e04fab621da8a78a,"[{""capabilityCode"":""ADDUCTOR"",""relationType"":""DIRECT"",""classificationConfidence"":""EXPLICIT""}]",[],UNMODELED,,,
1377,training-semantic-classifier-v2,training-semantic-registry-v2,7f7c6e88f31a7e4be4fb03761b58b380c6b37070297172a713b2d8a5ba9f14f8,a619932df9f2c4241330826cdd4b728164df7fa1672b2941e04fab621da8a78a,[],[],UNMODELED,,,
1378,training-semantic-classifier-v2,training-semantic-registry-v2,7f7c6e88f31a7e4be4fb03761b58b380c6b37070297172a713b2d8a5ba9f14f8,a619932df9f2c4241330826cdd4b728164df7fa1672b2941e04fab621da8a78a,"[{""capabilityCode"":""LEG_PRESS"",""relationType"":""DIRECT"",""classificationConfidence"":""EXPLICIT""}]",[],INSUFFICIENT_EVIDENCE,,,
1379,training-semantic-classifier-v2,training-semantic-registry-v2,7f7c6e88f31a7e4be4fb03761b58b380c6b37070297172a713b2d8a5ba9f14f8,a619932df9f2c4241330826cdd4b728164df7fa1672b2941e04fab621da8a78a,[],"[{""functionCode"":""GUIDED_BARBELL_SUPPORT"",""relationType"":""DIRECT"",""classificationConfidence"":""EXPLICIT""}]",UNMODELED,,Training Function assignment does not imply complete exercise semantic coverage.,
1380,training-semantic-classifier-v2,training-semantic-registry-v2,7f7c6e88f31a7e4be4fb03761b58b380c6b37070297172a713b2d8a5ba9f14f8,a619932df9f2c4241330826cdd4b728164df7fa1672b2941e04fab621da8a78a,[],"[{""functionCode"":""CABLE_RESISTANCE"",""relationType"":""DIRECT"",""classificationConfidence"":""HIGH""}]",UNMODELED,,Training Function assignment does not imply complete exercise semantic coverage.,
1381,training-semantic-classifier-v2,training-semantic-registry-v2,7f7c6e88f31a7e4be4fb03761b58b380c6b37070297172a713b2d8a5ba9f14f8,a619932df9f2c4241330826cdd4b728164df7fa1672b2941e04fab621da8a78a,"[{""capabilityCode"":""LEG_CURL"",""relationType"":""DIRECT"",""classificationConfidence"":""EXPLICIT""}]",[],UNMODELED,,,
1382,training-semantic-classifier-v2,training-semantic-registry-v2,7f7c6e88f31a7e4be4fb03761b58b380c6b37070297172a713b2d8a5ba9f14f8,a619932df9f2c4241330826cdd4b728164df7fa1672b2941e04fab621da8a78a,"[{""capabilityCode"":""ABDUCTOR"",""relationType"":""DIRECT"",""classificationConfidence"":""EXPLICIT""},{""capabilityCode"":""ADDUCTOR"",""relationType"":""DIRECT"",""classificationConfidence"":""EXPLICIT""}]",[],UNMODELED,,,
1383,training-semantic-classifier-v2,training-semantic-registry-v2,7f7c6e88f31a7e4be4fb03761b58b380c6b37070297172a713b2d8a5ba9f14f8,a619932df9f2c4241330826cdd4b728164df7fa1672b2941e04fab621da8a78a,"[{""capabilityCode"":""ABDUCTOR"",""relationType"":""DIRECT"",""classificationConfidence"":""EXPLICIT""}]",[],UNMODELED,,,
1384,training-semantic-classifier-v2,training-semantic-registry-v2,7f7c6e88f31a7e4be4fb03761b58b380c6b37070297172a713b2d8a5ba9f14f8,a619932df9f2c4241330826cdd4b728164df7fa1672b2941e04fab621da8a78a,[],[],UNMODELED,,,GLUTE_KICKBACK:patada de gluteo
1385,training-semantic-classifier-v2,training-semantic-registry-v2,7f7c6e88f31a7e4be4fb03761b58b380c6b37070297172a713b2d8a5ba9f14f8,a619932df9f2c4241330826cdd4b728164df7fa1672b2941e04fab621da8a78a,"[{""capabilityCode"":""LEG_CURL"",""relationType"":""DIRECT"",""classificationConfidence"":""EXPLICIT""}]",[],UNMODELED,,,
1386,training-semantic-classifier-v2,training-semantic-registry-v2,7f7c6e88f31a7e4be4fb03761b58b380c6b37070297172a713b2d8a5ba9f14f8,a619932df9f2c4241330826cdd4b728164df7fa1672b2941e04fab621da8a78a,"[{""capabilityCode"":""PULL_UP"",""relationType"":""DIRECT"",""classificationConfidence"":""EXPLICIT""}]",[],UNMODELED,,,
1387,training-semantic-classifier-v2,training-semantic-registry-v2,7f7c6e88f31a7e4be4fb03761b58b380c6b37070297172a713b2d8a5ba9f14f8,a619932df9f2c4241330826cdd4b728164df7fa1672b2941e04fab621da8a78a,[],[],UNMODELED,,,
1388,training-semantic-classifier-v2,training-semantic-registry-v2,7f7c6e88f31a7e4be4fb03761b58b380c6b37070297172a713b2d8a5ba9f14f8,a619932df9f2c4241330826cdd4b728164df7fa1672b2941e04fab621da8a78a,[],[],UNMODELED,,,
1389,training-semantic-classifier-v2,training-semantic-registry-v2,7f7c6e88f31a7e4be4fb03761b58b380c6b37070297172a713b2d8a5ba9f14f8,a619932df9f2c4241330826cdd4b728164df7fa1672b2941e04fab621da8a78a,[],[],UNMODELED,,,
1390,training-semantic-classifier-v2,training-semantic-registry-v2,7f7c6e88f31a7e4be4fb03761b58b380c6b37070297172a713b2d8a5ba9f14f8,a619932df9f2c4241330826cdd4b728164df7fa1672b2941e04fab621da8a78a,[],[],UNMODELED,,,
1391,training-semantic-classifier-v2,training-semantic-registry-v2,7f7c6e88f31a7e4be4fb03761b58b380c6b37070297172a713b2d8a5ba9f14f8,a619932df9f2c4241330826cdd4b728164df7fa1672b2941e04fab621da8a78a,[],[],UNMODELED,,,
1393,training-semantic-classifier-v2,training-semantic-registry-v2,7f7c6e88f31a7e4be4fb03761b58b380c6b37070297172a713b2d8a5ba9f14f8,a619932df9f2c4241330826cdd4b728164df7fa1672b2941e04fab621da8a78a,[],[],NO_CAPABILITY_APPLICABLE,,,
1394,training-semantic-classifier-v2,training-semantic-registry-v2,7f7c6e88f31a7e4be4fb03761b58b380c6b37070297172a713b2d8a5ba9f14f8,a619932df9f2c4241330826cdd4b728164df7fa1672b2941e04fab621da8a78a,[],[],NO_CAPABILITY_APPLICABLE,,,
1395,training-semantic-classifier-v2,training-semantic-registry-v2,7f7c6e88f31a7e4be4fb03761b58b380c6b37070297172a713b2d8a5ba9f14f8,a619932df9f2c4241330826cdd4b728164df7fa1672b2941e04fab621da8a78a,[],[],UNMODELED,,,
1396,training-semantic-classifier-v2,training-semantic-registry-v2,7f7c6e88f31a7e4be4fb03761b58b380c6b37070297172a713b2d8a5ba9f14f8,a619932df9f2c4241330826cdd4b728164df7fa1672b2941e04fab621da8a78a,[],[],UNMODELED,,,
1397,training-semantic-classifier-v2,training-semantic-registry-v2,7f7c6e88f31a7e4be4fb03761b58b380c6b37070297172a713b2d8a5ba9f14f8,a619932df9f2c4241330826cdd4b728164df7fa1672b2941e04fab621da8a78a,[],[],UNMODELED,,,
1398,training-semantic-classifier-v2,training-semantic-registry-v2,7f7c6e88f31a7e4be4fb03761b58b380c6b37070297172a713b2d8a5ba9f14f8,a619932df9f2c4241330826cdd4b728164df7fa1672b2941e04fab621da8a78a,[],[],UNMODELED,,,SQUAT:squat
1399,training-semantic-classifier-v2,training-semantic-registry-v2,7f7c6e88f31a7e4be4fb03761b58b380c6b37070297172a713b2d8a5ba9f14f8,a619932df9f2c4241330826cdd4b728164df7fa1672b2941e04fab621da8a78a,[],[],UNMODELED,,,SQUAT:squat
1400,training-semantic-classifier-v2,training-semantic-registry-v2,7f7c6e88f31a7e4be4fb03761b58b380c6b37070297172a713b2d8a5ba9f14f8,a619932df9f2c4241330826cdd4b728164df7fa1672b2941e04fab621da8a78a,[],[],UNMODELED,,,SQUAT:squat
1401,training-semantic-classifier-v2,training-semantic-registry-v2,7f7c6e88f31a7e4be4fb03761b58b380c6b37070297172a713b2d8a5ba9f14f8,a619932df9f2c4241330826cdd4b728164df7fa1672b2941e04fab621da8a78a,[],[],UNMODELED,,,SQUAT:squat
1402,training-semantic-classifier-v2,training-semantic-registry-v2,7f7c6e88f31a7e4be4fb03761b58b380c6b37070297172a713b2d8a5ba9f14f8,a619932df9f2c4241330826cdd4b728164df7fa1672b2941e04fab621da8a78a,[],[],UNMODELED,,,
1403,training-semantic-classifier-v2,training-semantic-registry-v2,7f7c6e88f31a7e4be4fb03761b58b380c6b37070297172a713b2d8a5ba9f14f8,a619932df9f2c4241330826cdd4b728164df7fa1672b2941e04fab621da8a78a,[],[],UNMODELED,,,
1404,training-semantic-classifier-v2,training-semantic-registry-v2,7f7c6e88f31a7e4be4fb03761b58b380c6b37070297172a713b2d8a5ba9f14f8,a619932df9f2c4241330826cdd4b728164df7fa1672b2941e04fab621da8a78a,[],[],UNMODELED,,,
1405,training-semantic-classifier-v2,training-semantic-registry-v2,7f7c6e88f31a7e4be4fb03761b58b380c6b37070297172a713b2d8a5ba9f14f8,a619932df9f2c4241330826cdd4b728164df7fa1672b2941e04fab621da8a78a,[],[],UNMODELED,,,
1406,training-semantic-classifier-v2,training-semantic-registry-v2,7f7c6e88f31a7e4be4fb03761b58b380c6b37070297172a713b2d8a5ba9f14f8,a619932df9f2c4241330826cdd4b728164df7fa1672b2941e04fab621da8a78a,[],[],UNMODELED,,,
1407,training-semantic-classifier-v2,training-semantic-registry-v2,7f7c6e88f31a7e4be4fb03761b58b380c6b37070297172a713b2d8a5ba9f14f8,a619932df9f2c4241330826cdd4b728164df7fa1672b2941e04fab621da8a78a,[],[],UNMODELED,,,
1408,training-semantic-classifier-v2,training-semantic-registry-v2,7f7c6e88f31a7e4be4fb03761b58b380c6b37070297172a713b2d8a5ba9f14f8,a619932df9f2c4241330826cdd4b728164df7fa1672b2941e04fab621da8a78a,[],[],UNMODELED,,,
1409,training-semantic-classifier-v2,training-semantic-registry-v2,7f7c6e88f31a7e4be4fb03761b58b380c6b37070297172a713b2d8a5ba9f14f8,a619932df9f2c4241330826cdd4b728164df7fa1672b2941e04fab621da8a78a,[],[],UNMODELED,,,
1410,training-semantic-classifier-v2,training-semantic-registry-v2,7f7c6e88f31a7e4be4fb03761b58b380c6b37070297172a713b2d8a5ba9f14f8,a619932df9f2c4241330826cdd4b728164df7fa1672b2941e04fab621da8a78a,[],[],UNMODELED,,,
1411,training-semantic-classifier-v2,training-semantic-registry-v2,7f7c6e88f31a7e4be4fb03761b58b380c6b37070297172a713b2d8a5ba9f14f8,a619932df9f2c4241330826cdd4b728164df7fa1672b2941e04fab621da8a78a,[],[],UNMODELED,,,SQUAT:squat
1412,training-semantic-classifier-v2,training-semantic-registry-v2,7f7c6e88f31a7e4be4fb03761b58b380c6b37070297172a713b2d8a5ba9f14f8,a619932df9f2c4241330826cdd4b728164df7fa1672b2941e04fab621da8a78a,[],[],UNMODELED,,,
1413,training-semantic-classifier-v2,training-semantic-registry-v2,7f7c6e88f31a7e4be4fb03761b58b380c6b37070297172a713b2d8a5ba9f14f8,a619932df9f2c4241330826cdd4b728164df7fa1672b2941e04fab621da8a78a,[],[],UNMODELED,,,
1414,training-semantic-classifier-v2,training-semantic-registry-v2,7f7c6e88f31a7e4be4fb03761b58b380c6b37070297172a713b2d8a5ba9f14f8,a619932df9f2c4241330826cdd4b728164df7fa1672b2941e04fab621da8a78a,[],[],UNMODELED,,,
1415,training-semantic-classifier-v2,training-semantic-registry-v2,7f7c6e88f31a7e4be4fb03761b58b380c6b37070297172a713b2d8a5ba9f14f8,a619932df9f2c4241330826cdd4b728164df7fa1672b2941e04fab621da8a78a,[],"[{""functionCode"":""BARBELL_SUPPORT"",""relationType"":""DIRECT"",""classificationConfidence"":""EXPLICIT""}]",NO_CAPABILITY_APPLICABLE,,Training Function assignment does not imply complete exercise semantic coverage.,
1416,training-semantic-classifier-v2,training-semantic-registry-v2,7f7c6e88f31a7e4be4fb03761b58b380c6b37070297172a713b2d8a5ba9f14f8,a619932df9f2c4241330826cdd4b728164df7fa1672b2941e04fab621da8a78a,[],"[{""functionCode"":""BARBELL_SUPPORT"",""relationType"":""DIRECT"",""classificationConfidence"":""EXPLICIT""}]",NO_CAPABILITY_APPLICABLE,,Training Function assignment does not imply complete exercise semantic coverage.,
1417,training-semantic-classifier-v2,training-semantic-registry-v2,7f7c6e88f31a7e4be4fb03761b58b380c6b37070297172a713b2d8a5ba9f14f8,a619932df9f2c4241330826cdd4b728164df7fa1672b2941e04fab621da8a78a,[],[],NO_CAPABILITY_APPLICABLE,,,
1418,training-semantic-classifier-v2,training-semantic-registry-v2,7f7c6e88f31a7e4be4fb03761b58b380c6b37070297172a713b2d8a5ba9f14f8,a619932df9f2c4241330826cdd4b728164df7fa1672b2941e04fab621da8a78a,[],[],NO_CAPABILITY_APPLICABLE,,,
1419,training-semantic-classifier-v2,training-semantic-registry-v2,7f7c6e88f31a7e4be4fb03761b58b380c6b37070297172a713b2d8a5ba9f14f8,a619932df9f2c4241330826cdd4b728164df7fa1672b2941e04fab621da8a78a,[],[],NO_CAPABILITY_APPLICABLE,,,
1420,training-semantic-classifier-v2,training-semantic-registry-v2,7f7c6e88f31a7e4be4fb03761b58b380c6b37070297172a713b2d8a5ba9f14f8,a619932df9f2c4241330826cdd4b728164df7fa1672b2941e04fab621da8a78a,[],[],NO_CAPABILITY_APPLICABLE,,,
1421,training-semantic-classifier-v2,training-semantic-registry-v2,7f7c6e88f31a7e4be4fb03761b58b380c6b37070297172a713b2d8a5ba9f14f8,a619932df9f2c4241330826cdd4b728164df7fa1672b2941e04fab621da8a78a,[],[],NO_CAPABILITY_APPLICABLE,,,
1422,training-semantic-classifier-v2,training-semantic-registry-v2,7f7c6e88f31a7e4be4fb03761b58b380c6b37070297172a713b2d8a5ba9f14f8,a619932df9f2c4241330826cdd4b728164df7fa1672b2941e04fab621da8a78a,[],[],NO_CAPABILITY_APPLICABLE,,,
1423,training-semantic-classifier-v2,training-semantic-registry-v2,7f7c6e88f31a7e4be4fb03761b58b380c6b37070297172a713b2d8a5ba9f14f8,a619932df9f2c4241330826cdd4b728164df7fa1672b2941e04fab621da8a78a,[],[],NO_CAPABILITY_APPLICABLE,,,
1424,training-semantic-classifier-v2,training-semantic-registry-v2,7f7c6e88f31a7e4be4fb03761b58b380c6b37070297172a713b2d8a5ba9f14f8,a619932df9f2c4241330826cdd4b728164df7fa1672b2941e04fab621da8a78a,[],[],NO_CAPABILITY_APPLICABLE,,,
1425,training-semantic-classifier-v2,training-semantic-registry-v2,7f7c6e88f31a7e4be4fb03761b58b380c6b37070297172a713b2d8a5ba9f14f8,a619932df9f2c4241330826cdd4b728164df7fa1672b2941e04fab621da8a78a,[],[],NO_CAPABILITY_APPLICABLE,,,
1426,training-semantic-classifier-v2,training-semantic-registry-v2,7f7c6e88f31a7e4be4fb03761b58b380c6b37070297172a713b2d8a5ba9f14f8,a619932df9f2c4241330826cdd4b728164df7fa1672b2941e04fab621da8a78a,[],[],NO_CAPABILITY_APPLICABLE,,,
1427,training-semantic-classifier-v2,training-semantic-registry-v2,7f7c6e88f31a7e4be4fb03761b58b380c6b37070297172a713b2d8a5ba9f14f8,a619932df9f2c4241330826cdd4b728164df7fa1672b2941e04fab621da8a78a,[],"[{""functionCode"":""CABLE_RESISTANCE"",""relationType"":""DIRECT"",""classificationConfidence"":""EXPLICIT""}]",INSUFFICIENT_EVIDENCE,,Training Function assignment does not imply complete exercise semantic coverage.,
1429,training-semantic-classifier-v2,training-semantic-registry-v2,7f7c6e88f31a7e4be4fb03761b58b380c6b37070297172a713b2d8a5ba9f14f8,a619932df9f2c4241330826cdd4b728164df7fa1672b2941e04fab621da8a78a,[],"[{""functionCode"":""CABLE_RESISTANCE"",""relationType"":""DIRECT"",""classificationConfidence"":""HIGH""}]",UNMODELED,,Training Function assignment does not imply complete exercise semantic coverage.,
1430,training-semantic-classifier-v2,training-semantic-registry-v2,7f7c6e88f31a7e4be4fb03761b58b380c6b37070297172a713b2d8a5ba9f14f8,a619932df9f2c4241330826cdd4b728164df7fa1672b2941e04fab621da8a78a,[],"[{""functionCode"":""CABLE_RESISTANCE"",""relationType"":""DIRECT"",""classificationConfidence"":""HIGH""},{""functionCode"":""GUIDED_BARBELL_SUPPORT"",""relationType"":""DIRECT"",""classificationConfidence"":""EXPLICIT""}]",UNMODELED,,Training Function assignment does not imply complete exercise semantic coverage.,
1431,training-semantic-classifier-v2,training-semantic-registry-v2,7f7c6e88f31a7e4be4fb03761b58b380c6b37070297172a713b2d8a5ba9f14f8,a619932df9f2c4241330826cdd4b728164df7fa1672b2941e04fab621da8a78a,[],[],UNMODELED,,,
1432,training-semantic-classifier-v2,training-semantic-registry-v2,7f7c6e88f31a7e4be4fb03761b58b380c6b37070297172a713b2d8a5ba9f14f8,a619932df9f2c4241330826cdd4b728164df7fa1672b2941e04fab621da8a78a,[],[],NO_CAPABILITY_APPLICABLE,,,
1433,training-semantic-classifier-v2,training-semantic-registry-v2,7f7c6e88f31a7e4be4fb03761b58b380c6b37070297172a713b2d8a5ba9f14f8,a619932df9f2c4241330826cdd4b728164df7fa1672b2941e04fab621da8a78a,[],[],NO_CAPABILITY_APPLICABLE,,,
1435,training-semantic-classifier-v2,training-semantic-registry-v2,7f7c6e88f31a7e4be4fb03761b58b380c6b37070297172a713b2d8a5ba9f14f8,a619932df9f2c4241330826cdd4b728164df7fa1672b2941e04fab621da8a78a,[],[],UNMODELED,,,
1436,training-semantic-classifier-v2,training-semantic-registry-v2,7f7c6e88f31a7e4be4fb03761b58b380c6b37070297172a713b2d8a5ba9f14f8,a619932df9f2c4241330826cdd4b728164df7fa1672b2941e04fab621da8a78a,[],[],UNMODELED,,,
1437,training-semantic-classifier-v2,training-semantic-registry-v2,7f7c6e88f31a7e4be4fb03761b58b380c6b37070297172a713b2d8a5ba9f14f8,a619932df9f2c4241330826cdd4b728164df7fa1672b2941e04fab621da8a78a,[],[],UNMODELED,,,
1438,training-semantic-classifier-v2,training-semantic-registry-v2,7f7c6e88f31a7e4be4fb03761b58b380c6b37070297172a713b2d8a5ba9f14f8,a619932df9f2c4241330826cdd4b728164df7fa1672b2941e04fab621da8a78a,[],[],UNMODELED,,,
1439,training-semantic-classifier-v2,training-semantic-registry-v2,7f7c6e88f31a7e4be4fb03761b58b380c6b37070297172a713b2d8a5ba9f14f8,a619932df9f2c4241330826cdd4b728164df7fa1672b2941e04fab621da8a78a,[],[],UNMODELED,,,
1440,training-semantic-classifier-v2,training-semantic-registry-v2,7f7c6e88f31a7e4be4fb03761b58b380c6b37070297172a713b2d8a5ba9f14f8,a619932df9f2c4241330826cdd4b728164df7fa1672b2941e04fab621da8a78a,[],[],UNMODELED,,,
1441,training-semantic-classifier-v2,training-semantic-registry-v2,7f7c6e88f31a7e4be4fb03761b58b380c6b37070297172a713b2d8a5ba9f14f8,a619932df9f2c4241330826cdd4b728164df7fa1672b2941e04fab621da8a78a,[],[],UNMODELED,,,
1442,training-semantic-classifier-v2,training-semantic-registry-v2,7f7c6e88f31a7e4be4fb03761b58b380c6b37070297172a713b2d8a5ba9f14f8,a619932df9f2c4241330826cdd4b728164df7fa1672b2941e04fab621da8a78a,[],[],UNMODELED,,,
1443,training-semantic-classifier-v2,training-semantic-registry-v2,7f7c6e88f31a7e4be4fb03761b58b380c6b37070297172a713b2d8a5ba9f14f8,a619932df9f2c4241330826cdd4b728164df7fa1672b2941e04fab621da8a78a,[],[],UNMODELED,,,
1444,training-semantic-classifier-v2,training-semantic-registry-v2,7f7c6e88f31a7e4be4fb03761b58b380c6b37070297172a713b2d8a5ba9f14f8,a619932df9f2c4241330826cdd4b728164df7fa1672b2941e04fab621da8a78a,"[{""capabilityCode"":""LAT_PULLDOWN"",""relationType"":""DIRECT"",""classificationConfidence"":""HIGH""},{""capabilityCode"":""ROW"",""relationType"":""DIRECT"",""classificationConfidence"":""HIGH""}]","[{""functionCode"":""CABLE_RESISTANCE"",""relationType"":""DIRECT"",""classificationConfidence"":""HIGH""},{""functionCode"":""MULTI_DIRECTIONAL_RESISTANCE"",""relationType"":""DIRECT"",""classificationConfidence"":""HIGH""}]",UNMODELED,,,
1445,training-semantic-classifier-v2,training-semantic-registry-v2,7f7c6e88f31a7e4be4fb03761b58b380c6b37070297172a713b2d8a5ba9f14f8,a619932df9f2c4241330826cdd4b728164df7fa1672b2941e04fab621da8a78a,"[{""capabilityCode"":""LAT_PULLDOWN"",""relationType"":""DIRECT"",""classificationConfidence"":""HIGH""},{""capabilityCode"":""ROW"",""relationType"":""DIRECT"",""classificationConfidence"":""HIGH""}]","[{""functionCode"":""CABLE_RESISTANCE"",""relationType"":""DIRECT"",""classificationConfidence"":""HIGH""},{""functionCode"":""MULTI_DIRECTIONAL_RESISTANCE"",""relationType"":""DIRECT"",""classificationConfidence"":""HIGH""}]",UNMODELED,,,
1446,training-semantic-classifier-v2,training-semantic-registry-v2,7f7c6e88f31a7e4be4fb03761b58b380c6b37070297172a713b2d8a5ba9f14f8,a619932df9f2c4241330826cdd4b728164df7fa1672b2941e04fab621da8a78a,[],[],NO_CAPABILITY_APPLICABLE,,,
1447,training-semantic-classifier-v2,training-semantic-registry-v2,7f7c6e88f31a7e4be4fb03761b58b380c6b37070297172a713b2d8a5ba9f14f8,a619932df9f2c4241330826cdd4b728164df7fa1672b2941e04fab621da8a78a,[],[],NO_CAPABILITY_APPLICABLE,,,
1448,training-semantic-classifier-v2,training-semantic-registry-v2,7f7c6e88f31a7e4be4fb03761b58b380c6b37070297172a713b2d8a5ba9f14f8,a619932df9f2c4241330826cdd4b728164df7fa1672b2941e04fab621da8a78a,[],[],NO_CAPABILITY_APPLICABLE,,,
1449,training-semantic-classifier-v2,training-semantic-registry-v2,7f7c6e88f31a7e4be4fb03761b58b380c6b37070297172a713b2d8a5ba9f14f8,a619932df9f2c4241330826cdd4b728164df7fa1672b2941e04fab621da8a78a,"[{""capabilityCode"":""LEG_CURL"",""relationType"":""DIRECT"",""classificationConfidence"":""HIGH""}]",[],UNMODELED,,,
1450,training-semantic-classifier-v2,training-semantic-registry-v2,7f7c6e88f31a7e4be4fb03761b58b380c6b37070297172a713b2d8a5ba9f14f8,a619932df9f2c4241330826cdd4b728164df7fa1672b2941e04fab621da8a78a,[],"[{""functionCode"":""CABLE_RESISTANCE"",""relationType"":""DIRECT"",""classificationConfidence"":""HIGH""}]",UNMODELED,,Training Function assignment does not imply complete exercise semantic coverage.,
1451,training-semantic-classifier-v2,training-semantic-registry-v2,7f7c6e88f31a7e4be4fb03761b58b380c6b37070297172a713b2d8a5ba9f14f8,a619932df9f2c4241330826cdd4b728164df7fa1672b2941e04fab621da8a78a,[],"[{""functionCode"":""CABLE_RESISTANCE"",""relationType"":""DIRECT"",""classificationConfidence"":""HIGH""}]",UNMODELED,,Training Function assignment does not imply complete exercise semantic coverage.,
1452,training-semantic-classifier-v2,training-semantic-registry-v2,7f7c6e88f31a7e4be4fb03761b58b380c6b37070297172a713b2d8a5ba9f14f8,a619932df9f2c4241330826cdd4b728164df7fa1672b2941e04fab621da8a78a,"[{""capabilityCode"":""DIP"",""relationType"":""DIRECT"",""classificationConfidence"":""EXPLICIT""},{""capabilityCode"":""PULL_UP"",""relationType"":""DIRECT"",""classificationConfidence"":""HIGH""}]","[{""functionCode"":""BODYWEIGHT_SUPPORT"",""relationType"":""DIRECT"",""classificationConfidence"":""HIGH""}]",UNMODELED,,,
1453,training-semantic-classifier-v2,training-semantic-registry-v2,7f7c6e88f31a7e4be4fb03761b58b380c6b37070297172a713b2d8a5ba9f14f8,a619932df9f2c4241330826cdd4b728164df7fa1672b2941e04fab621da8a78a,"[{""capabilityCode"":""DIP"",""relationType"":""DIRECT"",""classificationConfidence"":""EXPLICIT""},{""capabilityCode"":""PULL_UP"",""relationType"":""DIRECT"",""classificationConfidence"":""HIGH""}]","[{""functionCode"":""BODYWEIGHT_SUPPORT"",""relationType"":""DIRECT"",""classificationConfidence"":""HIGH""}]",UNMODELED,,,
1454,training-semantic-classifier-v2,training-semantic-registry-v2,7f7c6e88f31a7e4be4fb03761b58b380c6b37070297172a713b2d8a5ba9f14f8,a619932df9f2c4241330826cdd4b728164df7fa1672b2941e04fab621da8a78a,"[{""capabilityCode"":""DIP"",""relationType"":""DIRECT"",""classificationConfidence"":""EXPLICIT""},{""capabilityCode"":""PULL_UP"",""relationType"":""DIRECT"",""classificationConfidence"":""HIGH""}]","[{""functionCode"":""BODYWEIGHT_SUPPORT"",""relationType"":""DIRECT"",""classificationConfidence"":""HIGH""}]",UNMODELED,,,
1455,training-semantic-classifier-v2,training-semantic-registry-v2,7f7c6e88f31a7e4be4fb03761b58b380c6b37070297172a713b2d8a5ba9f14f8,a619932df9f2c4241330826cdd4b728164df7fa1672b2941e04fab621da8a78a,[],"[{""functionCode"":""CABLE_RESISTANCE"",""relationType"":""DIRECT"",""classificationConfidence"":""HIGH""},{""functionCode"":""MULTI_DIRECTIONAL_RESISTANCE"",""relationType"":""DIRECT"",""classificationConfidence"":""EXPLICIT""}]",UNMODELED,,Training Function assignment does not imply complete exercise semantic coverage.,
1456,training-semantic-classifier-v2,training-semantic-registry-v2,7f7c6e88f31a7e4be4fb03761b58b380c6b37070297172a713b2d8a5ba9f14f8,a619932df9f2c4241330826cdd4b728164df7fa1672b2941e04fab621da8a78a,[],[],UNMODELED,,,
1457,training-semantic-classifier-v2,training-semantic-registry-v2,7f7c6e88f31a7e4be4fb03761b58b380c6b37070297172a713b2d8a5ba9f14f8,a619932df9f2c4241330826cdd4b728164df7fa1672b2941e04fab621da8a78a,[],[],UNMODELED,,,
1458,training-semantic-classifier-v2,training-semantic-registry-v2,7f7c6e88f31a7e4be4fb03761b58b380c6b37070297172a713b2d8a5ba9f14f8,a619932df9f2c4241330826cdd4b728164df7fa1672b2941e04fab621da8a78a,[],[],UNMODELED,,,
1459,training-semantic-classifier-v2,training-semantic-registry-v2,7f7c6e88f31a7e4be4fb03761b58b380c6b37070297172a713b2d8a5ba9f14f8,a619932df9f2c4241330826cdd4b728164df7fa1672b2941e04fab621da8a78a,[],[],UNMODELED,,,
1460,training-semantic-classifier-v2,training-semantic-registry-v2,7f7c6e88f31a7e4be4fb03761b58b380c6b37070297172a713b2d8a5ba9f14f8,a619932df9f2c4241330826cdd4b728164df7fa1672b2941e04fab621da8a78a,[],[],UNMODELED,,,
1461,training-semantic-classifier-v2,training-semantic-registry-v2,7f7c6e88f31a7e4be4fb03761b58b380c6b37070297172a713b2d8a5ba9f14f8,a619932df9f2c4241330826cdd4b728164df7fa1672b2941e04fab621da8a78a,[],[],UNMODELED,,,
1462,training-semantic-classifier-v2,training-semantic-registry-v2,7f7c6e88f31a7e4be4fb03761b58b380c6b37070297172a713b2d8a5ba9f14f8,a619932df9f2c4241330826cdd4b728164df7fa1672b2941e04fab621da8a78a,[],[],UNMODELED,,,
1463,training-semantic-classifier-v2,training-semantic-registry-v2,7f7c6e88f31a7e4be4fb03761b58b380c6b37070297172a713b2d8a5ba9f14f8,a619932df9f2c4241330826cdd4b728164df7fa1672b2941e04fab621da8a78a,[],[],UNMODELED,,,
1464,training-semantic-classifier-v2,training-semantic-registry-v2,7f7c6e88f31a7e4be4fb03761b58b380c6b37070297172a713b2d8a5ba9f14f8,a619932df9f2c4241330826cdd4b728164df7fa1672b2941e04fab621da8a78a,[],[],UNMODELED,,,
1465,training-semantic-classifier-v2,training-semantic-registry-v2,7f7c6e88f31a7e4be4fb03761b58b380c6b37070297172a713b2d8a5ba9f14f8,a619932df9f2c4241330826cdd4b728164df7fa1672b2941e04fab621da8a78a,[],[],UNMODELED,,,
1466,training-semantic-classifier-v2,training-semantic-registry-v2,7f7c6e88f31a7e4be4fb03761b58b380c6b37070297172a713b2d8a5ba9f14f8,a619932df9f2c4241330826cdd4b728164df7fa1672b2941e04fab621da8a78a,[],[],UNMODELED,,,
1467,training-semantic-classifier-v2,training-semantic-registry-v2,7f7c6e88f31a7e4be4fb03761b58b380c6b37070297172a713b2d8a5ba9f14f8,a619932df9f2c4241330826cdd4b728164df7fa1672b2941e04fab621da8a78a,[],[],UNMODELED,,,
1468,training-semantic-classifier-v2,training-semantic-registry-v2,7f7c6e88f31a7e4be4fb03761b58b380c6b37070297172a713b2d8a5ba9f14f8,a619932df9f2c4241330826cdd4b728164df7fa1672b2941e04fab621da8a78a,[],[],UNMODELED,,,
1469,training-semantic-classifier-v2,training-semantic-registry-v2,7f7c6e88f31a7e4be4fb03761b58b380c6b37070297172a713b2d8a5ba9f14f8,a619932df9f2c4241330826cdd4b728164df7fa1672b2941e04fab621da8a78a,[],[],NO_CAPABILITY_APPLICABLE,,,
1470,training-semantic-classifier-v2,training-semantic-registry-v2,7f7c6e88f31a7e4be4fb03761b58b380c6b37070297172a713b2d8a5ba9f14f8,a619932df9f2c4241330826cdd4b728164df7fa1672b2941e04fab621da8a78a,[],[],NO_CAPABILITY_APPLICABLE,,,
1471,training-semantic-classifier-v2,training-semantic-registry-v2,7f7c6e88f31a7e4be4fb03761b58b380c6b37070297172a713b2d8a5ba9f14f8,a619932df9f2c4241330826cdd4b728164df7fa1672b2941e04fab621da8a78a,[],[],UNMODELED,,,
1472,training-semantic-classifier-v2,training-semantic-registry-v2,7f7c6e88f31a7e4be4fb03761b58b380c6b37070297172a713b2d8a5ba9f14f8,a619932df9f2c4241330826cdd4b728164df7fa1672b2941e04fab621da8a78a,[],[],NO_CAPABILITY_APPLICABLE,,,
1473,training-semantic-classifier-v2,training-semantic-registry-v2,7f7c6e88f31a7e4be4fb03761b58b380c6b37070297172a713b2d8a5ba9f14f8,a619932df9f2c4241330826cdd4b728164df7fa1672b2941e04fab621da8a78a,[],[],NO_CAPABILITY_APPLICABLE,,,
1474,training-semantic-classifier-v2,training-semantic-registry-v2,7f7c6e88f31a7e4be4fb03761b58b380c6b37070297172a713b2d8a5ba9f14f8,a619932df9f2c4241330826cdd4b728164df7fa1672b2941e04fab621da8a78a,[],[],NO_CAPABILITY_APPLICABLE,,,
1475,training-semantic-classifier-v2,training-semantic-registry-v2,7f7c6e88f31a7e4be4fb03761b58b380c6b37070297172a713b2d8a5ba9f14f8,a619932df9f2c4241330826cdd4b728164df7fa1672b2941e04fab621da8a78a,[],[],NO_CAPABILITY_APPLICABLE,,,
1476,training-semantic-classifier-v2,training-semantic-registry-v2,7f7c6e88f31a7e4be4fb03761b58b380c6b37070297172a713b2d8a5ba9f14f8,a619932df9f2c4241330826cdd4b728164df7fa1672b2941e04fab621da8a78a,[],[],UNMODELED,,,
1477,training-semantic-classifier-v2,training-semantic-registry-v2,7f7c6e88f31a7e4be4fb03761b58b380c6b37070297172a713b2d8a5ba9f14f8,a619932df9f2c4241330826cdd4b728164df7fa1672b2941e04fab621da8a78a,[],[],NO_CAPABILITY_APPLICABLE,,,
1478,training-semantic-classifier-v2,training-semantic-registry-v2,7f7c6e88f31a7e4be4fb03761b58b380c6b37070297172a713b2d8a5ba9f14f8,a619932df9f2c4241330826cdd4b728164df7fa1672b2941e04fab621da8a78a,[],[],NO_CAPABILITY_APPLICABLE,,,
1479,training-semantic-classifier-v2,training-semantic-registry-v2,7f7c6e88f31a7e4be4fb03761b58b380c6b37070297172a713b2d8a5ba9f14f8,a619932df9f2c4241330826cdd4b728164df7fa1672b2941e04fab621da8a78a,[],[],NO_CAPABILITY_APPLICABLE,,,
1480,training-semantic-classifier-v2,training-semantic-registry-v2,7f7c6e88f31a7e4be4fb03761b58b380c6b37070297172a713b2d8a5ba9f14f8,a619932df9f2c4241330826cdd4b728164df7fa1672b2941e04fab621da8a78a,[],[],NO_CAPABILITY_APPLICABLE,,,
1481,training-semantic-classifier-v2,training-semantic-registry-v2,7f7c6e88f31a7e4be4fb03761b58b380c6b37070297172a713b2d8a5ba9f14f8,a619932df9f2c4241330826cdd4b728164df7fa1672b2941e04fab621da8a78a,[],[],UNMODELED,,,
1482,training-semantic-classifier-v2,training-semantic-registry-v2,7f7c6e88f31a7e4be4fb03761b58b380c6b37070297172a713b2d8a5ba9f14f8,a619932df9f2c4241330826cdd4b728164df7fa1672b2941e04fab621da8a78a,[],[],UNMODELED,,,
1483,training-semantic-classifier-v2,training-semantic-registry-v2,7f7c6e88f31a7e4be4fb03761b58b380c6b37070297172a713b2d8a5ba9f14f8,a619932df9f2c4241330826cdd4b728164df7fa1672b2941e04fab621da8a78a,[],[],UNMODELED,,,
1484,training-semantic-classifier-v2,training-semantic-registry-v2,7f7c6e88f31a7e4be4fb03761b58b380c6b37070297172a713b2d8a5ba9f14f8,a619932df9f2c4241330826cdd4b728164df7fa1672b2941e04fab621da8a78a,[],[],UNMODELED,,,
1486,training-semantic-classifier-v2,training-semantic-registry-v2,7f7c6e88f31a7e4be4fb03761b58b380c6b37070297172a713b2d8a5ba9f14f8,a619932df9f2c4241330826cdd4b728164df7fa1672b2941e04fab621da8a78a,[],[],UNMODELED,,,
1487,training-semantic-classifier-v2,training-semantic-registry-v2,7f7c6e88f31a7e4be4fb03761b58b380c6b37070297172a713b2d8a5ba9f14f8,a619932df9f2c4241330826cdd4b728164df7fa1672b2941e04fab621da8a78a,[],[],UNMODELED,,,
1488,training-semantic-classifier-v2,training-semantic-registry-v2,7f7c6e88f31a7e4be4fb03761b58b380c6b37070297172a713b2d8a5ba9f14f8,a619932df9f2c4241330826cdd4b728164df7fa1672b2941e04fab621da8a78a,[],[],UNMODELED,,,
1489,training-semantic-classifier-v2,training-semantic-registry-v2,7f7c6e88f31a7e4be4fb03761b58b380c6b37070297172a713b2d8a5ba9f14f8,a619932df9f2c4241330826cdd4b728164df7fa1672b2941e04fab621da8a78a,[],[],UNMODELED,,,
1490,training-semantic-classifier-v2,training-semantic-registry-v2,7f7c6e88f31a7e4be4fb03761b58b380c6b37070297172a713b2d8a5ba9f14f8,a619932df9f2c4241330826cdd4b728164df7fa1672b2941e04fab621da8a78a,[],[],NO_CAPABILITY_APPLICABLE,,,
1491,training-semantic-classifier-v2,training-semantic-registry-v2,7f7c6e88f31a7e4be4fb03761b58b380c6b37070297172a713b2d8a5ba9f14f8,a619932df9f2c4241330826cdd4b728164df7fa1672b2941e04fab621da8a78a,[],[],NO_CAPABILITY_APPLICABLE,,,
1492,training-semantic-classifier-v2,training-semantic-registry-v2,7f7c6e88f31a7e4be4fb03761b58b380c6b37070297172a713b2d8a5ba9f14f8,a619932df9f2c4241330826cdd4b728164df7fa1672b2941e04fab621da8a78a,[],"[{""functionCode"":""BARBELL_SUPPORT"",""relationType"":""DIRECT"",""classificationConfidence"":""EXPLICIT""}]",NO_CAPABILITY_APPLICABLE,,Training Function assignment does not imply complete exercise semantic coverage.,
1493,training-semantic-classifier-v2,training-semantic-registry-v2,7f7c6e88f31a7e4be4fb03761b58b380c6b37070297172a713b2d8a5ba9f14f8,a619932df9f2c4241330826cdd4b728164df7fa1672b2941e04fab621da8a78a,[],"[{""functionCode"":""BARBELL_SUPPORT"",""relationType"":""DIRECT"",""classificationConfidence"":""EXPLICIT""}]",NO_CAPABILITY_APPLICABLE,,Training Function assignment does not imply complete exercise semantic coverage.,
1494,training-semantic-classifier-v2,training-semantic-registry-v2,7f7c6e88f31a7e4be4fb03761b58b380c6b37070297172a713b2d8a5ba9f14f8,a619932df9f2c4241330826cdd4b728164df7fa1672b2941e04fab621da8a78a,[],[],NO_CAPABILITY_APPLICABLE,,,
1496,training-semantic-classifier-v2,training-semantic-registry-v2,7f7c6e88f31a7e4be4fb03761b58b380c6b37070297172a713b2d8a5ba9f14f8,a619932df9f2c4241330826cdd4b728164df7fa1672b2941e04fab621da8a78a,[],[],NO_CAPABILITY_APPLICABLE,,,
1497,training-semantic-classifier-v2,training-semantic-registry-v2,7f7c6e88f31a7e4be4fb03761b58b380c6b37070297172a713b2d8a5ba9f14f8,a619932df9f2c4241330826cdd4b728164df7fa1672b2941e04fab621da8a78a,[],[],NO_CAPABILITY_APPLICABLE,,,
1498,training-semantic-classifier-v2,training-semantic-registry-v2,7f7c6e88f31a7e4be4fb03761b58b380c6b37070297172a713b2d8a5ba9f14f8,a619932df9f2c4241330826cdd4b728164df7fa1672b2941e04fab621da8a78a,[],[],NO_CAPABILITY_APPLICABLE,,,
1499,training-semantic-classifier-v2,training-semantic-registry-v2,7f7c6e88f31a7e4be4fb03761b58b380c6b37070297172a713b2d8a5ba9f14f8,a619932df9f2c4241330826cdd4b728164df7fa1672b2941e04fab621da8a78a,[],[],NO_CAPABILITY_APPLICABLE,,,
1500,training-semantic-classifier-v2,training-semantic-registry-v2,7f7c6e88f31a7e4be4fb03761b58b380c6b37070297172a713b2d8a5ba9f14f8,a619932df9f2c4241330826cdd4b728164df7fa1672b2941e04fab621da8a78a,"[{""capabilityCode"":""SHOULDER_PRESS"",""relationType"":""DIRECT"",""classificationConfidence"":""EXPLICIT""}]",[],UNMODELED,,,
1501,training-semantic-classifier-v2,training-semantic-registry-v2,7f7c6e88f31a7e4be4fb03761b58b380c6b37070297172a713b2d8a5ba9f14f8,a619932df9f2c4241330826cdd4b728164df7fa1672b2941e04fab621da8a78a,"[{""capabilityCode"":""PULL_UP"",""relationType"":""SUPPORTED"",""classificationConfidence"":""EXPLICIT""}]",[],UNMODELED,,SUPPORTED assignment requires explicit module/configuration evidence.,
1502,training-semantic-classifier-v2,training-semantic-registry-v2,7f7c6e88f31a7e4be4fb03761b58b380c6b37070297172a713b2d8a5ba9f14f8,a619932df9f2c4241330826cdd4b728164df7fa1672b2941e04fab621da8a78a,"[{""capabilityCode"":""LEG_CURL"",""relationType"":""DIRECT"",""classificationConfidence"":""EXPLICIT""}]",[],UNMODELED,,,
1503,training-semantic-classifier-v2,training-semantic-registry-v2,7f7c6e88f31a7e4be4fb03761b58b380c6b37070297172a713b2d8a5ba9f14f8,a619932df9f2c4241330826cdd4b728164df7fa1672b2941e04fab621da8a78a,"[{""capabilityCode"":""ROW"",""relationType"":""DIRECT"",""classificationConfidence"":""EXPLICIT""}]","[{""functionCode"":""CABLE_RESISTANCE"",""relationType"":""DIRECT"",""classificationConfidence"":""HIGH""}]",UNMODELED,,,
1504,training-semantic-classifier-v2,training-semantic-registry-v2,7f7c6e88f31a7e4be4fb03761b58b380c6b37070297172a713b2d8a5ba9f14f8,a619932df9f2c4241330826cdd4b728164df7fa1672b2941e04fab621da8a78a,[],[],INSUFFICIENT_EVIDENCE,,,
1505,training-semantic-classifier-v2,training-semantic-registry-v2,7f7c6e88f31a7e4be4fb03761b58b380c6b37070297172a713b2d8a5ba9f14f8,a619932df9f2c4241330826cdd4b728164df7fa1672b2941e04fab621da8a78a,"[{""capabilityCode"":""ABDUCTOR"",""relationType"":""DIRECT"",""classificationConfidence"":""EXPLICIT""},{""capabilityCode"":""ADDUCTOR"",""relationType"":""DIRECT"",""classificationConfidence"":""EXPLICIT""}]",[],UNMODELED,,,
1506,training-semantic-classifier-v2,training-semantic-registry-v2,7f7c6e88f31a7e4be4fb03761b58b380c6b37070297172a713b2d8a5ba9f14f8,a619932df9f2c4241330826cdd4b728164df7fa1672b2941e04fab621da8a78a,"[{""capabilityCode"":""LAT_PULLDOWN"",""relationType"":""DIRECT"",""classificationConfidence"":""EXPLICIT""},{""capabilityCode"":""ROW"",""relationType"":""DIRECT"",""classificationConfidence"":""EXPLICIT""}]","[{""functionCode"":""CABLE_RESISTANCE"",""relationType"":""DIRECT"",""classificationConfidence"":""EXPLICIT""}]",UNMODELED,,,
1507,training-semantic-classifier-v2,training-semantic-registry-v2,7f7c6e88f31a7e4be4fb03761b58b380c6b37070297172a713b2d8a5ba9f14f8,a619932df9f2c4241330826cdd4b728164df7fa1672b2941e04fab621da8a78a,"[{""capabilityCode"":""BICEPS_CURL"",""relationType"":""DIRECT"",""classificationConfidence"":""EXPLICIT""},{""capabilityCode"":""TRICEPS_EXTENSION"",""relationType"":""DIRECT"",""classificationConfidence"":""EXPLICIT""}]",[],UNMODELED,,,
1508,training-semantic-classifier-v2,training-semantic-registry-v2,7f7c6e88f31a7e4be4fb03761b58b380c6b37070297172a713b2d8a5ba9f14f8,a619932df9f2c4241330826cdd4b728164df7fa1672b2941e04fab621da8a78a,[],[],INSUFFICIENT_EVIDENCE,,,
1509,training-semantic-classifier-v2,training-semantic-registry-v2,7f7c6e88f31a7e4be4fb03761b58b380c6b37070297172a713b2d8a5ba9f14f8,a619932df9f2c4241330826cdd4b728164df7fa1672b2941e04fab621da8a78a,[],[],UNMODELED,,,
1510,training-semantic-classifier-v2,training-semantic-registry-v2,7f7c6e88f31a7e4be4fb03761b58b380c6b37070297172a713b2d8a5ba9f14f8,a619932df9f2c4241330826cdd4b728164df7fa1672b2941e04fab621da8a78a,[],"[{""functionCode"":""BARBELL_SUPPORT"",""relationType"":""DIRECT"",""classificationConfidence"":""EXPLICIT""}]",NO_CAPABILITY_APPLICABLE,,Training Function assignment does not imply complete exercise semantic coverage.,
1511,training-semantic-classifier-v2,training-semantic-registry-v2,7f7c6e88f31a7e4be4fb03761b58b380c6b37070297172a713b2d8a5ba9f14f8,a619932df9f2c4241330826cdd4b728164df7fa1672b2941e04fab621da8a78a,"[{""capabilityCode"":""CALF_RAISE"",""relationType"":""DIRECT"",""classificationConfidence"":""EXPLICIT""}]",[],UNMODELED,,,
1512,training-semantic-classifier-v2,training-semantic-registry-v2,7f7c6e88f31a7e4be4fb03761b58b380c6b37070297172a713b2d8a5ba9f14f8,a619932df9f2c4241330826cdd4b728164df7fa1672b2941e04fab621da8a78a,[],"[{""functionCode"":""BARBELL_SUPPORT"",""relationType"":""DIRECT"",""classificationConfidence"":""EXPLICIT""}]",UNMODELED,,Training Function assignment does not imply complete exercise semantic coverage.,SQUAT:squat
1513,training-semantic-classifier-v2,training-semantic-registry-v2,7f7c6e88f31a7e4be4fb03761b58b380c6b37070297172a713b2d8a5ba9f14f8,a619932df9f2c4241330826cdd4b728164df7fa1672b2941e04fab621da8a78a,[],[],NO_CAPABILITY_APPLICABLE,,,
1514,training-semantic-classifier-v2,training-semantic-registry-v2,7f7c6e88f31a7e4be4fb03761b58b380c6b37070297172a713b2d8a5ba9f14f8,a619932df9f2c4241330826cdd4b728164df7fa1672b2941e04fab621da8a78a,[],[],NO_CAPABILITY_APPLICABLE,,,
1515,training-semantic-classifier-v2,training-semantic-registry-v2,7f7c6e88f31a7e4be4fb03761b58b380c6b37070297172a713b2d8a5ba9f14f8,a619932df9f2c4241330826cdd4b728164df7fa1672b2941e04fab621da8a78a,[],[],NO_CAPABILITY_APPLICABLE,,,SQUAT:squat
1516,training-semantic-classifier-v2,training-semantic-registry-v2,7f7c6e88f31a7e4be4fb03761b58b380c6b37070297172a713b2d8a5ba9f14f8,a619932df9f2c4241330826cdd4b728164df7fa1672b2941e04fab621da8a78a,[],"[{""functionCode"":""CABLE_RESISTANCE"",""relationType"":""DIRECT"",""classificationConfidence"":""EXPLICIT""}]",INSUFFICIENT_EVIDENCE,,Training Function assignment does not imply complete exercise semantic coverage.,
1517,training-semantic-classifier-v2,training-semantic-registry-v2,7f7c6e88f31a7e4be4fb03761b58b380c6b37070297172a713b2d8a5ba9f14f8,a619932df9f2c4241330826cdd4b728164df7fa1672b2941e04fab621da8a78a,[],"[{""functionCode"":""CABLE_RESISTANCE"",""relationType"":""DIRECT"",""classificationConfidence"":""EXPLICIT""}]",INSUFFICIENT_EVIDENCE,,Training Function assignment does not imply complete exercise semantic coverage.,
1518,training-semantic-classifier-v2,training-semantic-registry-v2,7f7c6e88f31a7e4be4fb03761b58b380c6b37070297172a713b2d8a5ba9f14f8,a619932df9f2c4241330826cdd4b728164df7fa1672b2941e04fab621da8a78a,[],[],UNMODELED,,,
1519,training-semantic-classifier-v2,training-semantic-registry-v2,7f7c6e88f31a7e4be4fb03761b58b380c6b37070297172a713b2d8a5ba9f14f8,a619932df9f2c4241330826cdd4b728164df7fa1672b2941e04fab621da8a78a,[],[],UNMODELED,,,
1520,training-semantic-classifier-v2,training-semantic-registry-v2,7f7c6e88f31a7e4be4fb03761b58b380c6b37070297172a713b2d8a5ba9f14f8,a619932df9f2c4241330826cdd4b728164df7fa1672b2941e04fab621da8a78a,[],[],UNMODELED,,,
1521,training-semantic-classifier-v2,training-semantic-registry-v2,7f7c6e88f31a7e4be4fb03761b58b380c6b37070297172a713b2d8a5ba9f14f8,a619932df9f2c4241330826cdd4b728164df7fa1672b2941e04fab621da8a78a,[],[],UNMODELED,,,
1522,training-semantic-classifier-v2,training-semantic-registry-v2,7f7c6e88f31a7e4be4fb03761b58b380c6b37070297172a713b2d8a5ba9f14f8,a619932df9f2c4241330826cdd4b728164df7fa1672b2941e04fab621da8a78a,[],[],UNMODELED,,,
1523,training-semantic-classifier-v2,training-semantic-registry-v2,7f7c6e88f31a7e4be4fb03761b58b380c6b37070297172a713b2d8a5ba9f14f8,a619932df9f2c4241330826cdd4b728164df7fa1672b2941e04fab621da8a78a,[],[],UNMODELED,,,
1524,training-semantic-classifier-v2,training-semantic-registry-v2,7f7c6e88f31a7e4be4fb03761b58b380c6b37070297172a713b2d8a5ba9f14f8,a619932df9f2c4241330826cdd4b728164df7fa1672b2941e04fab621da8a78a,[],[],UNMODELED,,,
1525,training-semantic-classifier-v2,training-semantic-registry-v2,7f7c6e88f31a7e4be4fb03761b58b380c6b37070297172a713b2d8a5ba9f14f8,a619932df9f2c4241330826cdd4b728164df7fa1672b2941e04fab621da8a78a,[],[],UNMODELED,,,
1526,training-semantic-classifier-v2,training-semantic-registry-v2,7f7c6e88f31a7e4be4fb03761b58b380c6b37070297172a713b2d8a5ba9f14f8,a619932df9f2c4241330826cdd4b728164df7fa1672b2941e04fab621da8a78a,[],[],UNMODELED,,,
1527,training-semantic-classifier-v2,training-semantic-registry-v2,7f7c6e88f31a7e4be4fb03761b58b380c6b37070297172a713b2d8a5ba9f14f8,a619932df9f2c4241330826cdd4b728164df7fa1672b2941e04fab621da8a78a,[],[],UNMODELED,,,
1528,training-semantic-classifier-v2,training-semantic-registry-v2,7f7c6e88f31a7e4be4fb03761b58b380c6b37070297172a713b2d8a5ba9f14f8,a619932df9f2c4241330826cdd4b728164df7fa1672b2941e04fab621da8a78a,[],[],NO_CAPABILITY_APPLICABLE,,,
1529,training-semantic-classifier-v2,training-semantic-registry-v2,7f7c6e88f31a7e4be4fb03761b58b380c6b37070297172a713b2d8a5ba9f14f8,a619932df9f2c4241330826cdd4b728164df7fa1672b2941e04fab621da8a78a,[],[],NO_CAPABILITY_APPLICABLE,,,
1530,training-semantic-classifier-v2,training-semantic-registry-v2,7f7c6e88f31a7e4be4fb03761b58b380c6b37070297172a713b2d8a5ba9f14f8,a619932df9f2c4241330826cdd4b728164df7fa1672b2941e04fab621da8a78a,[],[],NO_CAPABILITY_APPLICABLE,,,
1531,training-semantic-classifier-v2,training-semantic-registry-v2,7f7c6e88f31a7e4be4fb03761b58b380c6b37070297172a713b2d8a5ba9f14f8,a619932df9f2c4241330826cdd4b728164df7fa1672b2941e04fab621da8a78a,[],[],UNMODELED,,,
1532,training-semantic-classifier-v2,training-semantic-registry-v2,7f7c6e88f31a7e4be4fb03761b58b380c6b37070297172a713b2d8a5ba9f14f8,a619932df9f2c4241330826cdd4b728164df7fa1672b2941e04fab621da8a78a,[],[],UNMODELED,,,
1533,training-semantic-classifier-v2,training-semantic-registry-v2,7f7c6e88f31a7e4be4fb03761b58b380c6b37070297172a713b2d8a5ba9f14f8,a619932df9f2c4241330826cdd4b728164df7fa1672b2941e04fab621da8a78a,[],[],NO_CAPABILITY_APPLICABLE,,,
1535,training-semantic-classifier-v2,training-semantic-registry-v2,7f7c6e88f31a7e4be4fb03761b58b380c6b37070297172a713b2d8a5ba9f14f8,a619932df9f2c4241330826cdd4b728164df7fa1672b2941e04fab621da8a78a,[],"[{""functionCode"":""BARBELL_SUPPORT"",""relationType"":""DIRECT"",""classificationConfidence"":""EXPLICIT""}]",UNMODELED,,Training Function assignment does not imply complete exercise semantic coverage.,
1536,training-semantic-classifier-v2,training-semantic-registry-v2,7f7c6e88f31a7e4be4fb03761b58b380c6b37070297172a713b2d8a5ba9f14f8,a619932df9f2c4241330826cdd4b728164df7fa1672b2941e04fab621da8a78a,[],"[{""functionCode"":""BARBELL_SUPPORT"",""relationType"":""DIRECT"",""classificationConfidence"":""EXPLICIT""}]",UNMODELED,,Training Function assignment does not imply complete exercise semantic coverage.,SQUAT:squat
1537,training-semantic-classifier-v2,training-semantic-registry-v2,7f7c6e88f31a7e4be4fb03761b58b380c6b37070297172a713b2d8a5ba9f14f8,a619932df9f2c4241330826cdd4b728164df7fa1672b2941e04fab621da8a78a,"[{""capabilityCode"":""PULL_UP"",""relationType"":""SUPPORTED"",""classificationConfidence"":""HIGH""}]","[{""functionCode"":""BARBELL_SUPPORT"",""relationType"":""DIRECT"",""classificationConfidence"":""EXPLICIT""}]",UNMODELED,,SUPPORTED assignment requires explicit module/configuration evidence.,
1538,training-semantic-classifier-v2,training-semantic-registry-v2,7f7c6e88f31a7e4be4fb03761b58b380c6b37070297172a713b2d8a5ba9f14f8,a619932df9f2c4241330826cdd4b728164df7fa1672b2941e04fab621da8a78a,"[{""capabilityCode"":""PULL_UP"",""relationType"":""SUPPORTED"",""classificationConfidence"":""HIGH""}]","[{""functionCode"":""BARBELL_SUPPORT"",""relationType"":""DIRECT"",""classificationConfidence"":""EXPLICIT""}]",UNMODELED,,SUPPORTED assignment requires explicit module/configuration evidence.,
1539,training-semantic-classifier-v2,training-semantic-registry-v2,7f7c6e88f31a7e4be4fb03761b58b380c6b37070297172a713b2d8a5ba9f14f8,a619932df9f2c4241330826cdd4b728164df7fa1672b2941e04fab621da8a78a,[],"[{""functionCode"":""BARBELL_SUPPORT"",""relationType"":""DIRECT"",""classificationConfidence"":""EXPLICIT""}]",UNMODELED,,Training Function assignment does not imply complete exercise semantic coverage.,
1540,training-semantic-classifier-v2,training-semantic-registry-v2,7f7c6e88f31a7e4be4fb03761b58b380c6b37070297172a713b2d8a5ba9f14f8,a619932df9f2c4241330826cdd4b728164df7fa1672b2941e04fab621da8a78a,[],"[{""functionCode"":""BARBELL_SUPPORT"",""relationType"":""DIRECT"",""classificationConfidence"":""EXPLICIT""}]",UNMODELED,,Training Function assignment does not imply complete exercise semantic coverage.,SQUAT:squat
1541,training-semantic-classifier-v2,training-semantic-registry-v2,7f7c6e88f31a7e4be4fb03761b58b380c6b37070297172a713b2d8a5ba9f14f8,a619932df9f2c4241330826cdd4b728164df7fa1672b2941e04fab621da8a78a,"[{""capabilityCode"":""PULL_UP"",""relationType"":""SUPPORTED"",""classificationConfidence"":""HIGH""}]","[{""functionCode"":""BARBELL_SUPPORT"",""relationType"":""DIRECT"",""classificationConfidence"":""EXPLICIT""}]",UNMODELED,,SUPPORTED assignment requires explicit module/configuration evidence.,
1543,training-semantic-classifier-v2,training-semantic-registry-v2,7f7c6e88f31a7e4be4fb03761b58b380c6b37070297172a713b2d8a5ba9f14f8,a619932df9f2c4241330826cdd4b728164df7fa1672b2941e04fab621da8a78a,"[{""capabilityCode"":""DIP"",""relationType"":""SUPPORTED"",""classificationConfidence"":""HIGH""},{""capabilityCode"":""PULL_UP"",""relationType"":""SUPPORTED"",""classificationConfidence"":""HIGH""}]","[{""functionCode"":""BARBELL_SUPPORT"",""relationType"":""DIRECT"",""classificationConfidence"":""EXPLICIT""}]",UNMODELED,,SUPPORTED assignment requires explicit module/configuration evidence.,
1544,training-semantic-classifier-v2,training-semantic-registry-v2,7f7c6e88f31a7e4be4fb03761b58b380c6b37070297172a713b2d8a5ba9f14f8,a619932df9f2c4241330826cdd4b728164df7fa1672b2941e04fab621da8a78a,[],"[{""functionCode"":""BARBELL_SUPPORT"",""relationType"":""DIRECT"",""classificationConfidence"":""EXPLICIT""}]",UNMODELED,,Training Function assignment does not imply complete exercise semantic coverage.,
1545,training-semantic-classifier-v2,training-semantic-registry-v2,7f7c6e88f31a7e4be4fb03761b58b380c6b37070297172a713b2d8a5ba9f14f8,a619932df9f2c4241330826cdd4b728164df7fa1672b2941e04fab621da8a78a,[],"[{""functionCode"":""BARBELL_SUPPORT"",""relationType"":""DIRECT"",""classificationConfidence"":""EXPLICIT""}]",UNMODELED,,Training Function assignment does not imply complete exercise semantic coverage.,SQUAT:squat
1546,training-semantic-classifier-v2,training-semantic-registry-v2,7f7c6e88f31a7e4be4fb03761b58b380c6b37070297172a713b2d8a5ba9f14f8,a619932df9f2c4241330826cdd4b728164df7fa1672b2941e04fab621da8a78a,"[{""capabilityCode"":""PULL_UP"",""relationType"":""SUPPORTED"",""classificationConfidence"":""HIGH""}]","[{""functionCode"":""BARBELL_SUPPORT"",""relationType"":""DIRECT"",""classificationConfidence"":""EXPLICIT""}]",UNMODELED,,SUPPORTED assignment requires explicit module/configuration evidence.,
1547,training-semantic-classifier-v2,training-semantic-registry-v2,7f7c6e88f31a7e4be4fb03761b58b380c6b37070297172a713b2d8a5ba9f14f8,a619932df9f2c4241330826cdd4b728164df7fa1672b2941e04fab621da8a78a,"[{""capabilityCode"":""PULL_UP"",""relationType"":""SUPPORTED"",""classificationConfidence"":""HIGH""}]","[{""functionCode"":""BARBELL_SUPPORT"",""relationType"":""DIRECT"",""classificationConfidence"":""EXPLICIT""}]",UNMODELED,,SUPPORTED assignment requires explicit module/configuration evidence.,
1548,training-semantic-classifier-v2,training-semantic-registry-v2,7f7c6e88f31a7e4be4fb03761b58b380c6b37070297172a713b2d8a5ba9f14f8,a619932df9f2c4241330826cdd4b728164df7fa1672b2941e04fab621da8a78a,[],[],NO_CAPABILITY_APPLICABLE,,,
1549,training-semantic-classifier-v2,training-semantic-registry-v2,7f7c6e88f31a7e4be4fb03761b58b380c6b37070297172a713b2d8a5ba9f14f8,a619932df9f2c4241330826cdd4b728164df7fa1672b2941e04fab621da8a78a,[],[],NO_CAPABILITY_APPLICABLE,,,
1550,training-semantic-classifier-v2,training-semantic-registry-v2,7f7c6e88f31a7e4be4fb03761b58b380c6b37070297172a713b2d8a5ba9f14f8,a619932df9f2c4241330826cdd4b728164df7fa1672b2941e04fab621da8a78a,[],[],NO_CAPABILITY_APPLICABLE,,,
1551,training-semantic-classifier-v2,training-semantic-registry-v2,7f7c6e88f31a7e4be4fb03761b58b380c6b37070297172a713b2d8a5ba9f14f8,a619932df9f2c4241330826cdd4b728164df7fa1672b2941e04fab621da8a78a,"[{""capabilityCode"":""LEG_CURL"",""relationType"":""DIRECT"",""classificationConfidence"":""EXPLICIT""}]",[],UNMODELED,,,
1552,training-semantic-classifier-v2,training-semantic-registry-v2,7f7c6e88f31a7e4be4fb03761b58b380c6b37070297172a713b2d8a5ba9f14f8,a619932df9f2c4241330826cdd4b728164df7fa1672b2941e04fab621da8a78a,[],[],NO_CAPABILITY_APPLICABLE,,,
1553,training-semantic-classifier-v2,training-semantic-registry-v2,7f7c6e88f31a7e4be4fb03761b58b380c6b37070297172a713b2d8a5ba9f14f8,a619932df9f2c4241330826cdd4b728164df7fa1672b2941e04fab621da8a78a,[],[],UNMODELED,,,
1554,training-semantic-classifier-v2,training-semantic-registry-v2,7f7c6e88f31a7e4be4fb03761b58b380c6b37070297172a713b2d8a5ba9f14f8,a619932df9f2c4241330826cdd4b728164df7fa1672b2941e04fab621da8a78a,[],[],UNMODELED,,,
1555,training-semantic-classifier-v2,training-semantic-registry-v2,7f7c6e88f31a7e4be4fb03761b58b380c6b37070297172a713b2d8a5ba9f14f8,a619932df9f2c4241330826cdd4b728164df7fa1672b2941e04fab621da8a78a,[],[],NO_CAPABILITY_APPLICABLE,,,
1556,training-semantic-classifier-v2,training-semantic-registry-v2,7f7c6e88f31a7e4be4fb03761b58b380c6b37070297172a713b2d8a5ba9f14f8,a619932df9f2c4241330826cdd4b728164df7fa1672b2941e04fab621da8a78a,[],[],NO_CAPABILITY_APPLICABLE,,,
1557,training-semantic-classifier-v2,training-semantic-registry-v2,7f7c6e88f31a7e4be4fb03761b58b380c6b37070297172a713b2d8a5ba9f14f8,a619932df9f2c4241330826cdd4b728164df7fa1672b2941e04fab621da8a78a,[],[],UNMODELED,,,
1558,training-semantic-classifier-v2,training-semantic-registry-v2,7f7c6e88f31a7e4be4fb03761b58b380c6b37070297172a713b2d8a5ba9f14f8,a619932df9f2c4241330826cdd4b728164df7fa1672b2941e04fab621da8a78a,[],[],UNMODELED,,,
1559,training-semantic-classifier-v2,training-semantic-registry-v2,7f7c6e88f31a7e4be4fb03761b58b380c6b37070297172a713b2d8a5ba9f14f8,a619932df9f2c4241330826cdd4b728164df7fa1672b2941e04fab621da8a78a,[],[],UNMODELED,,,
1560,training-semantic-classifier-v2,training-semantic-registry-v2,7f7c6e88f31a7e4be4fb03761b58b380c6b37070297172a713b2d8a5ba9f14f8,a619932df9f2c4241330826cdd4b728164df7fa1672b2941e04fab621da8a78a,[],[],UNMODELED,,,
1561,training-semantic-classifier-v2,training-semantic-registry-v2,7f7c6e88f31a7e4be4fb03761b58b380c6b37070297172a713b2d8a5ba9f14f8,a619932df9f2c4241330826cdd4b728164df7fa1672b2941e04fab621da8a78a,[],[],UNMODELED,,,
1562,training-semantic-classifier-v2,training-semantic-registry-v2,7f7c6e88f31a7e4be4fb03761b58b380c6b37070297172a713b2d8a5ba9f14f8,a619932df9f2c4241330826cdd4b728164df7fa1672b2941e04fab621da8a78a,[],[],UNMODELED,,,
1563,training-semantic-classifier-v2,training-semantic-registry-v2,7f7c6e88f31a7e4be4fb03761b58b380c6b37070297172a713b2d8a5ba9f14f8,a619932df9f2c4241330826cdd4b728164df7fa1672b2941e04fab621da8a78a,[],[],UNMODELED,,,
1564,training-semantic-classifier-v2,training-semantic-registry-v2,7f7c6e88f31a7e4be4fb03761b58b380c6b37070297172a713b2d8a5ba9f14f8,a619932df9f2c4241330826cdd4b728164df7fa1672b2941e04fab621da8a78a,[],[],UNMODELED,,,
1565,training-semantic-classifier-v2,training-semantic-registry-v2,7f7c6e88f31a7e4be4fb03761b58b380c6b37070297172a713b2d8a5ba9f14f8,a619932df9f2c4241330826cdd4b728164df7fa1672b2941e04fab621da8a78a,[],[],UNMODELED,,,
1566,training-semantic-classifier-v2,training-semantic-registry-v2,7f7c6e88f31a7e4be4fb03761b58b380c6b37070297172a713b2d8a5ba9f14f8,a619932df9f2c4241330826cdd4b728164df7fa1672b2941e04fab621da8a78a,[],[],UNMODELED,,,
1567,training-semantic-classifier-v2,training-semantic-registry-v2,7f7c6e88f31a7e4be4fb03761b58b380c6b37070297172a713b2d8a5ba9f14f8,a619932df9f2c4241330826cdd4b728164df7fa1672b2941e04fab621da8a78a,[],[],UNMODELED,,,
1568,training-semantic-classifier-v2,training-semantic-registry-v2,7f7c6e88f31a7e4be4fb03761b58b380c6b37070297172a713b2d8a5ba9f14f8,a619932df9f2c4241330826cdd4b728164df7fa1672b2941e04fab621da8a78a,[],[],UNMODELED,,,
1569,training-semantic-classifier-v2,training-semantic-registry-v2,7f7c6e88f31a7e4be4fb03761b58b380c6b37070297172a713b2d8a5ba9f14f8,a619932df9f2c4241330826cdd4b728164df7fa1672b2941e04fab621da8a78a,[],[],NO_CAPABILITY_APPLICABLE,,,
1570,training-semantic-classifier-v2,training-semantic-registry-v2,7f7c6e88f31a7e4be4fb03761b58b380c6b37070297172a713b2d8a5ba9f14f8,a619932df9f2c4241330826cdd4b728164df7fa1672b2941e04fab621da8a78a,[],[],UNMODELED,,,
1571,training-semantic-classifier-v2,training-semantic-registry-v2,7f7c6e88f31a7e4be4fb03761b58b380c6b37070297172a713b2d8a5ba9f14f8,a619932df9f2c4241330826cdd4b728164df7fa1672b2941e04fab621da8a78a,[],"[{""functionCode"":""BODYWEIGHT_SUPPORT"",""relationType"":""DIRECT"",""classificationConfidence"":""EXPLICIT""}]",UNMODELED,,Training Function assignment does not imply complete exercise semantic coverage.,
1572,training-semantic-classifier-v2,training-semantic-registry-v2,7f7c6e88f31a7e4be4fb03761b58b380c6b37070297172a713b2d8a5ba9f14f8,a619932df9f2c4241330826cdd4b728164df7fa1672b2941e04fab621da8a78a,[],[],UNMODELED,,,
1573,training-semantic-classifier-v2,training-semantic-registry-v2,7f7c6e88f31a7e4be4fb03761b58b380c6b37070297172a713b2d8a5ba9f14f8,a619932df9f2c4241330826cdd4b728164df7fa1672b2941e04fab621da8a78a,[],[],NO_CAPABILITY_APPLICABLE,,,
1574,training-semantic-classifier-v2,training-semantic-registry-v2,7f7c6e88f31a7e4be4fb03761b58b380c6b37070297172a713b2d8a5ba9f14f8,a619932df9f2c4241330826cdd4b728164df7fa1672b2941e04fab621da8a78a,[],[],NO_CAPABILITY_APPLICABLE,,,
1575,training-semantic-classifier-v2,training-semantic-registry-v2,7f7c6e88f31a7e4be4fb03761b58b380c6b37070297172a713b2d8a5ba9f14f8,a619932df9f2c4241330826cdd4b728164df7fa1672b2941e04fab621da8a78a,[],[],NO_CAPABILITY_APPLICABLE,,,
1576,training-semantic-classifier-v2,training-semantic-registry-v2,7f7c6e88f31a7e4be4fb03761b58b380c6b37070297172a713b2d8a5ba9f14f8,a619932df9f2c4241330826cdd4b728164df7fa1672b2941e04fab621da8a78a,[],[],NO_CAPABILITY_APPLICABLE,,,
1577,training-semantic-classifier-v2,training-semantic-registry-v2,7f7c6e88f31a7e4be4fb03761b58b380c6b37070297172a713b2d8a5ba9f14f8,a619932df9f2c4241330826cdd4b728164df7fa1672b2941e04fab621da8a78a,[],[],NO_CAPABILITY_APPLICABLE,,,
1578,training-semantic-classifier-v2,training-semantic-registry-v2,7f7c6e88f31a7e4be4fb03761b58b380c6b37070297172a713b2d8a5ba9f14f8,a619932df9f2c4241330826cdd4b728164df7fa1672b2941e04fab621da8a78a,"[{""capabilityCode"":""PULL_UP"",""relationType"":""DIRECT"",""classificationConfidence"":""EXPLICIT""}]",[],UNMODELED,,,
1579,training-semantic-classifier-v2,training-semantic-registry-v2,7f7c6e88f31a7e4be4fb03761b58b380c6b37070297172a713b2d8a5ba9f14f8,a619932df9f2c4241330826cdd4b728164df7fa1672b2941e04fab621da8a78a,[],[],NO_CAPABILITY_APPLICABLE,,,
1581,training-semantic-classifier-v2,training-semantic-registry-v2,7f7c6e88f31a7e4be4fb03761b58b380c6b37070297172a713b2d8a5ba9f14f8,a619932df9f2c4241330826cdd4b728164df7fa1672b2941e04fab621da8a78a,[],[],NO_CAPABILITY_APPLICABLE,,,
1582,training-semantic-classifier-v2,training-semantic-registry-v2,7f7c6e88f31a7e4be4fb03761b58b380c6b37070297172a713b2d8a5ba9f14f8,a619932df9f2c4241330826cdd4b728164df7fa1672b2941e04fab621da8a78a,[],[],NO_CAPABILITY_APPLICABLE,,,
1583,training-semantic-classifier-v2,training-semantic-registry-v2,7f7c6e88f31a7e4be4fb03761b58b380c6b37070297172a713b2d8a5ba9f14f8,a619932df9f2c4241330826cdd4b728164df7fa1672b2941e04fab621da8a78a,[],[],NO_CAPABILITY_APPLICABLE,,,
1584,training-semantic-classifier-v2,training-semantic-registry-v2,7f7c6e88f31a7e4be4fb03761b58b380c6b37070297172a713b2d8a5ba9f14f8,a619932df9f2c4241330826cdd4b728164df7fa1672b2941e04fab621da8a78a,[],[],NO_CAPABILITY_APPLICABLE,,,
1585,training-semantic-classifier-v2,training-semantic-registry-v2,7f7c6e88f31a7e4be4fb03761b58b380c6b37070297172a713b2d8a5ba9f14f8,a619932df9f2c4241330826cdd4b728164df7fa1672b2941e04fab621da8a78a,[],[],NO_CAPABILITY_APPLICABLE,,,
1586,training-semantic-classifier-v2,training-semantic-registry-v2,7f7c6e88f31a7e4be4fb03761b58b380c6b37070297172a713b2d8a5ba9f14f8,a619932df9f2c4241330826cdd4b728164df7fa1672b2941e04fab621da8a78a,[],[],NO_CAPABILITY_APPLICABLE,,,
1587,training-semantic-classifier-v2,training-semantic-registry-v2,7f7c6e88f31a7e4be4fb03761b58b380c6b37070297172a713b2d8a5ba9f14f8,a619932df9f2c4241330826cdd4b728164df7fa1672b2941e04fab621da8a78a,[],[],NO_CAPABILITY_APPLICABLE,,,
1588,training-semantic-classifier-v2,training-semantic-registry-v2,7f7c6e88f31a7e4be4fb03761b58b380c6b37070297172a713b2d8a5ba9f14f8,a619932df9f2c4241330826cdd4b728164df7fa1672b2941e04fab621da8a78a,[],[],NO_CAPABILITY_APPLICABLE,,,
1589,training-semantic-classifier-v2,training-semantic-registry-v2,7f7c6e88f31a7e4be4fb03761b58b380c6b37070297172a713b2d8a5ba9f14f8,a619932df9f2c4241330826cdd4b728164df7fa1672b2941e04fab621da8a78a,[],[],NO_CAPABILITY_APPLICABLE,,,
1590,training-semantic-classifier-v2,training-semantic-registry-v2,7f7c6e88f31a7e4be4fb03761b58b380c6b37070297172a713b2d8a5ba9f14f8,a619932df9f2c4241330826cdd4b728164df7fa1672b2941e04fab621da8a78a,[],[],NO_CAPABILITY_APPLICABLE,,,
1591,training-semantic-classifier-v2,training-semantic-registry-v2,7f7c6e88f31a7e4be4fb03761b58b380c6b37070297172a713b2d8a5ba9f14f8,a619932df9f2c4241330826cdd4b728164df7fa1672b2941e04fab621da8a78a,[],[],NO_CAPABILITY_APPLICABLE,,,
1592,training-semantic-classifier-v2,training-semantic-registry-v2,7f7c6e88f31a7e4be4fb03761b58b380c6b37070297172a713b2d8a5ba9f14f8,a619932df9f2c4241330826cdd4b728164df7fa1672b2941e04fab621da8a78a,[],[],NO_CAPABILITY_APPLICABLE,,,
1593,training-semantic-classifier-v2,training-semantic-registry-v2,7f7c6e88f31a7e4be4fb03761b58b380c6b37070297172a713b2d8a5ba9f14f8,a619932df9f2c4241330826cdd4b728164df7fa1672b2941e04fab621da8a78a,[],[],NO_CAPABILITY_APPLICABLE,,,
1594,training-semantic-classifier-v2,training-semantic-registry-v2,7f7c6e88f31a7e4be4fb03761b58b380c6b37070297172a713b2d8a5ba9f14f8,a619932df9f2c4241330826cdd4b728164df7fa1672b2941e04fab621da8a78a,[],[],NO_CAPABILITY_APPLICABLE,,,
1595,training-semantic-classifier-v2,training-semantic-registry-v2,7f7c6e88f31a7e4be4fb03761b58b380c6b37070297172a713b2d8a5ba9f14f8,a619932df9f2c4241330826cdd4b728164df7fa1672b2941e04fab621da8a78a,[],[],NO_CAPABILITY_APPLICABLE,,,
1596,training-semantic-classifier-v2,training-semantic-registry-v2,7f7c6e88f31a7e4be4fb03761b58b380c6b37070297172a713b2d8a5ba9f14f8,a619932df9f2c4241330826cdd4b728164df7fa1672b2941e04fab621da8a78a,[],[],NO_CAPABILITY_APPLICABLE,,,
1597,training-semantic-classifier-v2,training-semantic-registry-v2,7f7c6e88f31a7e4be4fb03761b58b380c6b37070297172a713b2d8a5ba9f14f8,a619932df9f2c4241330826cdd4b728164df7fa1672b2941e04fab621da8a78a,[],[],NO_CAPABILITY_APPLICABLE,,,
1598,training-semantic-classifier-v2,training-semantic-registry-v2,7f7c6e88f31a7e4be4fb03761b58b380c6b37070297172a713b2d8a5ba9f14f8,a619932df9f2c4241330826cdd4b728164df7fa1672b2941e04fab621da8a78a,[],[],NO_CAPABILITY_APPLICABLE,,,
1599,training-semantic-classifier-v2,training-semantic-registry-v2,7f7c6e88f31a7e4be4fb03761b58b380c6b37070297172a713b2d8a5ba9f14f8,a619932df9f2c4241330826cdd4b728164df7fa1672b2941e04fab621da8a78a,[],[],NO_CAPABILITY_APPLICABLE,,,
1600,training-semantic-classifier-v2,training-semantic-registry-v2,7f7c6e88f31a7e4be4fb03761b58b380c6b37070297172a713b2d8a5ba9f14f8,a619932df9f2c4241330826cdd4b728164df7fa1672b2941e04fab621da8a78a,[],[],NO_CAPABILITY_APPLICABLE,,,
1601,training-semantic-classifier-v2,training-semantic-registry-v2,7f7c6e88f31a7e4be4fb03761b58b380c6b37070297172a713b2d8a5ba9f14f8,a619932df9f2c4241330826cdd4b728164df7fa1672b2941e04fab621da8a78a,[],[],NO_CAPABILITY_APPLICABLE,,,
1602,training-semantic-classifier-v2,training-semantic-registry-v2,7f7c6e88f31a7e4be4fb03761b58b380c6b37070297172a713b2d8a5ba9f14f8,a619932df9f2c4241330826cdd4b728164df7fa1672b2941e04fab621da8a78a,[],[],NO_CAPABILITY_APPLICABLE,,,
1603,training-semantic-classifier-v2,training-semantic-registry-v2,7f7c6e88f31a7e4be4fb03761b58b380c6b37070297172a713b2d8a5ba9f14f8,a619932df9f2c4241330826cdd4b728164df7fa1672b2941e04fab621da8a78a,[],[],NO_CAPABILITY_APPLICABLE,,,
1604,training-semantic-classifier-v2,training-semantic-registry-v2,7f7c6e88f31a7e4be4fb03761b58b380c6b37070297172a713b2d8a5ba9f14f8,a619932df9f2c4241330826cdd4b728164df7fa1672b2941e04fab621da8a78a,[],"[{""functionCode"":""BARBELL_SUPPORT"",""relationType"":""DIRECT"",""classificationConfidence"":""EXPLICIT""}]",UNMODELED,,Training Function assignment does not imply complete exercise semantic coverage.,
1605,training-semantic-classifier-v2,training-semantic-registry-v2,7f7c6e88f31a7e4be4fb03761b58b380c6b37070297172a713b2d8a5ba9f14f8,a619932df9f2c4241330826cdd4b728164df7fa1672b2941e04fab621da8a78a,[],[],NO_CAPABILITY_APPLICABLE,,,
1606,training-semantic-classifier-v2,training-semantic-registry-v2,7f7c6e88f31a7e4be4fb03761b58b380c6b37070297172a713b2d8a5ba9f14f8,a619932df9f2c4241330826cdd4b728164df7fa1672b2941e04fab621da8a78a,[],[],NO_CAPABILITY_APPLICABLE,,,
1607,training-semantic-classifier-v2,training-semantic-registry-v2,7f7c6e88f31a7e4be4fb03761b58b380c6b37070297172a713b2d8a5ba9f14f8,a619932df9f2c4241330826cdd4b728164df7fa1672b2941e04fab621da8a78a,[],[],NO_CAPABILITY_APPLICABLE,,,
1608,training-semantic-classifier-v2,training-semantic-registry-v2,7f7c6e88f31a7e4be4fb03761b58b380c6b37070297172a713b2d8a5ba9f14f8,a619932df9f2c4241330826cdd4b728164df7fa1672b2941e04fab621da8a78a,[],[],NO_CAPABILITY_APPLICABLE,,,
1609,training-semantic-classifier-v2,training-semantic-registry-v2,7f7c6e88f31a7e4be4fb03761b58b380c6b37070297172a713b2d8a5ba9f14f8,a619932df9f2c4241330826cdd4b728164df7fa1672b2941e04fab621da8a78a,[],[],NO_CAPABILITY_APPLICABLE,,,
1610,training-semantic-classifier-v2,training-semantic-registry-v2,7f7c6e88f31a7e4be4fb03761b58b380c6b37070297172a713b2d8a5ba9f14f8,a619932df9f2c4241330826cdd4b728164df7fa1672b2941e04fab621da8a78a,[],[],NO_CAPABILITY_APPLICABLE,,,
1611,training-semantic-classifier-v2,training-semantic-registry-v2,7f7c6e88f31a7e4be4fb03761b58b380c6b37070297172a713b2d8a5ba9f14f8,a619932df9f2c4241330826cdd4b728164df7fa1672b2941e04fab621da8a78a,[],[],NO_CAPABILITY_APPLICABLE,,,
1612,training-semantic-classifier-v2,training-semantic-registry-v2,7f7c6e88f31a7e4be4fb03761b58b380c6b37070297172a713b2d8a5ba9f14f8,a619932df9f2c4241330826cdd4b728164df7fa1672b2941e04fab621da8a78a,[],[],NO_CAPABILITY_APPLICABLE,,,
1613,training-semantic-classifier-v2,training-semantic-registry-v2,7f7c6e88f31a7e4be4fb03761b58b380c6b37070297172a713b2d8a5ba9f14f8,a619932df9f2c4241330826cdd4b728164df7fa1672b2941e04fab621da8a78a,[],[],NO_CAPABILITY_APPLICABLE,,,
1614,training-semantic-classifier-v2,training-semantic-registry-v2,7f7c6e88f31a7e4be4fb03761b58b380c6b37070297172a713b2d8a5ba9f14f8,a619932df9f2c4241330826cdd4b728164df7fa1672b2941e04fab621da8a78a,[],[],NO_CAPABILITY_APPLICABLE,,,
1615,training-semantic-classifier-v2,training-semantic-registry-v2,7f7c6e88f31a7e4be4fb03761b58b380c6b37070297172a713b2d8a5ba9f14f8,a619932df9f2c4241330826cdd4b728164df7fa1672b2941e04fab621da8a78a,[],[],NO_CAPABILITY_APPLICABLE,,,
1616,training-semantic-classifier-v2,training-semantic-registry-v2,7f7c6e88f31a7e4be4fb03761b58b380c6b37070297172a713b2d8a5ba9f14f8,a619932df9f2c4241330826cdd4b728164df7fa1672b2941e04fab621da8a78a,[],[],NO_CAPABILITY_APPLICABLE,,,
1617,training-semantic-classifier-v2,training-semantic-registry-v2,7f7c6e88f31a7e4be4fb03761b58b380c6b37070297172a713b2d8a5ba9f14f8,a619932df9f2c4241330826cdd4b728164df7fa1672b2941e04fab621da8a78a,[],[],UNMODELED,,,
1618,training-semantic-classifier-v2,training-semantic-registry-v2,7f7c6e88f31a7e4be4fb03761b58b380c6b37070297172a713b2d8a5ba9f14f8,a619932df9f2c4241330826cdd4b728164df7fa1672b2941e04fab621da8a78a,[],[],UNMODELED,,,
1619,training-semantic-classifier-v2,training-semantic-registry-v2,7f7c6e88f31a7e4be4fb03761b58b380c6b37070297172a713b2d8a5ba9f14f8,a619932df9f2c4241330826cdd4b728164df7fa1672b2941e04fab621da8a78a,"[{""capabilityCode"":""LEG_CURL"",""relationType"":""DIRECT"",""classificationConfidence"":""EXPLICIT""},{""capabilityCode"":""LEG_EXTENSION"",""relationType"":""DIRECT"",""classificationConfidence"":""HIGH""}]",[],UNMODELED,,,
1620,training-semantic-classifier-v2,training-semantic-registry-v2,7f7c6e88f31a7e4be4fb03761b58b380c6b37070297172a713b2d8a5ba9f14f8,a619932df9f2c4241330826cdd4b728164df7fa1672b2941e04fab621da8a78a,"[{""capabilityCode"":""ABDUCTOR"",""relationType"":""DIRECT"",""classificationConfidence"":""EXPLICIT""},{""capabilityCode"":""ADDUCTOR"",""relationType"":""DIRECT"",""classificationConfidence"":""EXPLICIT""}]",[],UNMODELED,,,
1621,training-semantic-classifier-v2,training-semantic-registry-v2,7f7c6e88f31a7e4be4fb03761b58b380c6b37070297172a713b2d8a5ba9f14f8,a619932df9f2c4241330826cdd4b728164df7fa1672b2941e04fab621da8a78a,[],[],UNMODELED,,,
1622,training-semantic-classifier-v2,training-semantic-registry-v2,7f7c6e88f31a7e4be4fb03761b58b380c6b37070297172a713b2d8a5ba9f14f8,a619932df9f2c4241330826cdd4b728164df7fa1672b2941e04fab621da8a78a,"[{""capabilityCode"":""LAT_PULLDOWN"",""relationType"":""DIRECT"",""classificationConfidence"":""HIGH""},{""capabilityCode"":""LEG_EXTENSION"",""relationType"":""DIRECT"",""classificationConfidence"":""HIGH""}]","[{""functionCode"":""CABLE_RESISTANCE"",""relationType"":""DIRECT"",""classificationConfidence"":""HIGH""}]",UNMODELED,,,
1623,training-semantic-classifier-v2,training-semantic-registry-v2,7f7c6e88f31a7e4be4fb03761b58b380c6b37070297172a713b2d8a5ba9f14f8,a619932df9f2c4241330826cdd4b728164df7fa1672b2941e04fab621da8a78a,"[{""capabilityCode"":""LEG_EXTENSION"",""relationType"":""DIRECT"",""classificationConfidence"":""HIGH""}]",[],UNMODELED,,,
1624,training-semantic-classifier-v2,training-semantic-registry-v2,7f7c6e88f31a7e4be4fb03761b58b380c6b37070297172a713b2d8a5ba9f14f8,a619932df9f2c4241330826cdd4b728164df7fa1672b2941e04fab621da8a78a,[],"[{""functionCode"":""BARBELL_SUPPORT"",""relationType"":""DIRECT"",""classificationConfidence"":""EXPLICIT""},{""functionCode"":""CABLE_RESISTANCE"",""relationType"":""DIRECT"",""classificationConfidence"":""EXPLICIT""}]",NO_CAPABILITY_APPLICABLE,,Training Function assignment does not imply complete exercise semantic coverage.,
1625,training-semantic-classifier-v2,training-semantic-registry-v2,7f7c6e88f31a7e4be4fb03761b58b380c6b37070297172a713b2d8a5ba9f14f8,a619932df9f2c4241330826cdd4b728164df7fa1672b2941e04fab621da8a78a,[],[],NO_CAPABILITY_APPLICABLE,,,
1626,training-semantic-classifier-v2,training-semantic-registry-v2,7f7c6e88f31a7e4be4fb03761b58b380c6b37070297172a713b2d8a5ba9f14f8,a619932df9f2c4241330826cdd4b728164df7fa1672b2941e04fab621da8a78a,[],[],UNMODELED,,,
1627,training-semantic-classifier-v2,training-semantic-registry-v2,7f7c6e88f31a7e4be4fb03761b58b380c6b37070297172a713b2d8a5ba9f14f8,a619932df9f2c4241330826cdd4b728164df7fa1672b2941e04fab621da8a78a,"[{""capabilityCode"":""LAT_PULLDOWN"",""relationType"":""DIRECT"",""classificationConfidence"":""EXPLICIT""}]","[{""functionCode"":""CABLE_RESISTANCE"",""relationType"":""DIRECT"",""classificationConfidence"":""EXPLICIT""}]",UNMODELED,,,
1628,training-semantic-classifier-v2,training-semantic-registry-v2,7f7c6e88f31a7e4be4fb03761b58b380c6b37070297172a713b2d8a5ba9f14f8,a619932df9f2c4241330826cdd4b728164df7fa1672b2941e04fab621da8a78a,[],[],UNMODELED,,,
1629,training-semantic-classifier-v2,training-semantic-registry-v2,7f7c6e88f31a7e4be4fb03761b58b380c6b37070297172a713b2d8a5ba9f14f8,a619932df9f2c4241330826cdd4b728164df7fa1672b2941e04fab621da8a78a,[],[],UNMODELED,,,
1630,training-semantic-classifier-v2,training-semantic-registry-v2,7f7c6e88f31a7e4be4fb03761b58b380c6b37070297172a713b2d8a5ba9f14f8,a619932df9f2c4241330826cdd4b728164df7fa1672b2941e04fab621da8a78a,[],[],UNMODELED,,,
1631,training-semantic-classifier-v2,training-semantic-registry-v2,7f7c6e88f31a7e4be4fb03761b58b380c6b37070297172a713b2d8a5ba9f14f8,a619932df9f2c4241330826cdd4b728164df7fa1672b2941e04fab621da8a78a,[],[],UNMODELED,,,
1632,training-semantic-classifier-v2,training-semantic-registry-v2,7f7c6e88f31a7e4be4fb03761b58b380c6b37070297172a713b2d8a5ba9f14f8,a619932df9f2c4241330826cdd4b728164df7fa1672b2941e04fab621da8a78a,[],[],UNMODELED,,,
1633,training-semantic-classifier-v2,training-semantic-registry-v2,7f7c6e88f31a7e4be4fb03761b58b380c6b37070297172a713b2d8a5ba9f14f8,a619932df9f2c4241330826cdd4b728164df7fa1672b2941e04fab621da8a78a,[],[],UNMODELED,,,
1634,training-semantic-classifier-v2,training-semantic-registry-v2,7f7c6e88f31a7e4be4fb03761b58b380c6b37070297172a713b2d8a5ba9f14f8,a619932df9f2c4241330826cdd4b728164df7fa1672b2941e04fab621da8a78a,"[{""capabilityCode"":""DIP"",""relationType"":""DIRECT"",""classificationConfidence"":""EXPLICIT""}]",[],UNMODELED,,,
1635,training-semantic-classifier-v2,training-semantic-registry-v2,7f7c6e88f31a7e4be4fb03761b58b380c6b37070297172a713b2d8a5ba9f14f8,a619932df9f2c4241330826cdd4b728164df7fa1672b2941e04fab621da8a78a,[],[],UNMODELED,,,
1636,training-semantic-classifier-v2,training-semantic-registry-v2,7f7c6e88f31a7e4be4fb03761b58b380c6b37070297172a713b2d8a5ba9f14f8,a619932df9f2c4241330826cdd4b728164df7fa1672b2941e04fab621da8a78a,[],[],UNMODELED,,,
1638,training-semantic-classifier-v2,training-semantic-registry-v2,7f7c6e88f31a7e4be4fb03761b58b380c6b37070297172a713b2d8a5ba9f14f8,a619932df9f2c4241330826cdd4b728164df7fa1672b2941e04fab621da8a78a,[],[],UNMODELED,,,
1639,training-semantic-classifier-v2,training-semantic-registry-v2,7f7c6e88f31a7e4be4fb03761b58b380c6b37070297172a713b2d8a5ba9f14f8,a619932df9f2c4241330826cdd4b728164df7fa1672b2941e04fab621da8a78a,"[{""capabilityCode"":""LAT_PULLDOWN"",""relationType"":""DIRECT"",""classificationConfidence"":""EXPLICIT""}]","[{""functionCode"":""CABLE_RESISTANCE"",""relationType"":""FAMILY_DERIVED"",""classificationConfidence"":""HIGH""},{""functionCode"":""MULTI_DIRECTIONAL_RESISTANCE"",""relationType"":""DIRECT"",""classificationConfidence"":""EXPLICIT""}]",UNMODELED,,,
1640,training-semantic-classifier-v2,training-semantic-registry-v2,7f7c6e88f31a7e4be4fb03761b58b380c6b37070297172a713b2d8a5ba9f14f8,a619932df9f2c4241330826cdd4b728164df7fa1672b2941e04fab621da8a78a,[],"[{""functionCode"":""BARBELL_SUPPORT"",""relationType"":""DIRECT"",""classificationConfidence"":""EXPLICIT""}]",UNMODELED,,Training Function assignment does not imply complete exercise semantic coverage.,
1641,training-semantic-classifier-v2,training-semantic-registry-v2,7f7c6e88f31a7e4be4fb03761b58b380c6b37070297172a713b2d8a5ba9f14f8,a619932df9f2c4241330826cdd4b728164df7fa1672b2941e04fab621da8a78a,[],[],NO_CAPABILITY_APPLICABLE,,,
1642,training-semantic-classifier-v2,training-semantic-registry-v2,7f7c6e88f31a7e4be4fb03761b58b380c6b37070297172a713b2d8a5ba9f14f8,a619932df9f2c4241330826cdd4b728164df7fa1672b2941e04fab621da8a78a,[],[],NO_CAPABILITY_APPLICABLE,,,
1643,training-semantic-classifier-v2,training-semantic-registry-v2,7f7c6e88f31a7e4be4fb03761b58b380c6b37070297172a713b2d8a5ba9f14f8,a619932df9f2c4241330826cdd4b728164df7fa1672b2941e04fab621da8a78a,[],[],UNMODELED,,,
1644,training-semantic-classifier-v2,training-semantic-registry-v2,7f7c6e88f31a7e4be4fb03761b58b380c6b37070297172a713b2d8a5ba9f14f8,a619932df9f2c4241330826cdd4b728164df7fa1672b2941e04fab621da8a78a,[],"[{""functionCode"":""BARBELL_SUPPORT"",""relationType"":""DIRECT"",""classificationConfidence"":""EXPLICIT""}]",UNMODELED,,Training Function assignment does not imply complete exercise semantic coverage.,SQUAT:squat
1645,training-semantic-classifier-v2,training-semantic-registry-v2,7f7c6e88f31a7e4be4fb03761b58b380c6b37070297172a713b2d8a5ba9f14f8,a619932df9f2c4241330826cdd4b728164df7fa1672b2941e04fab621da8a78a,[],[],NO_CAPABILITY_APPLICABLE,,,
1646,training-semantic-classifier-v2,training-semantic-registry-v2,7f7c6e88f31a7e4be4fb03761b58b380c6b37070297172a713b2d8a5ba9f14f8,a619932df9f2c4241330826cdd4b728164df7fa1672b2941e04fab621da8a78a,[],[],NO_CAPABILITY_APPLICABLE,,,
1647,training-semantic-classifier-v2,training-semantic-registry-v2,7f7c6e88f31a7e4be4fb03761b58b380c6b37070297172a713b2d8a5ba9f14f8,a619932df9f2c4241330826cdd4b728164df7fa1672b2941e04fab621da8a78a,[],[],NO_CAPABILITY_APPLICABLE,,,
1648,training-semantic-classifier-v2,training-semantic-registry-v2,7f7c6e88f31a7e4be4fb03761b58b380c6b37070297172a713b2d8a5ba9f14f8,a619932df9f2c4241330826cdd4b728164df7fa1672b2941e04fab621da8a78a,[],[],NO_CAPABILITY_APPLICABLE,,,
1649,training-semantic-classifier-v2,training-semantic-registry-v2,7f7c6e88f31a7e4be4fb03761b58b380c6b37070297172a713b2d8a5ba9f14f8,a619932df9f2c4241330826cdd4b728164df7fa1672b2941e04fab621da8a78a,[],[],UNMODELED,,,
1651,training-semantic-classifier-v2,training-semantic-registry-v2,7f7c6e88f31a7e4be4fb03761b58b380c6b37070297172a713b2d8a5ba9f14f8,a619932df9f2c4241330826cdd4b728164df7fa1672b2941e04fab621da8a78a,[],[],NO_CAPABILITY_APPLICABLE,,,
1652,training-semantic-classifier-v2,training-semantic-registry-v2,7f7c6e88f31a7e4be4fb03761b58b380c6b37070297172a713b2d8a5ba9f14f8,a619932df9f2c4241330826cdd4b728164df7fa1672b2941e04fab621da8a78a,[],[],NO_CAPABILITY_APPLICABLE,,,SQUAT:squat
1653,training-semantic-classifier-v2,training-semantic-registry-v2,7f7c6e88f31a7e4be4fb03761b58b380c6b37070297172a713b2d8a5ba9f14f8,a619932df9f2c4241330826cdd4b728164df7fa1672b2941e04fab621da8a78a,"[{""capabilityCode"":""HIP_THRUST"",""relationType"":""DIRECT"",""classificationConfidence"":""EXPLICIT""}]",[],UNMODELED,,,
1654,training-semantic-classifier-v2,training-semantic-registry-v2,7f7c6e88f31a7e4be4fb03761b58b380c6b37070297172a713b2d8a5ba9f14f8,a619932df9f2c4241330826cdd4b728164df7fa1672b2941e04fab621da8a78a,"[{""capabilityCode"":""HACK_SQUAT"",""relationType"":""DIRECT"",""classificationConfidence"":""EXPLICIT""}]",[],UNMODELED,,,SQUAT:squat
1655,training-semantic-classifier-v2,training-semantic-registry-v2,7f7c6e88f31a7e4be4fb03761b58b380c6b37070297172a713b2d8a5ba9f14f8,a619932df9f2c4241330826cdd4b728164df7fa1672b2941e04fab621da8a78a,"[{""capabilityCode"":""LEG_PRESS"",""relationType"":""DIRECT"",""classificationConfidence"":""EXPLICIT""}]",[],UNMODELED,,,
1656,training-semantic-classifier-v2,training-semantic-registry-v2,7f7c6e88f31a7e4be4fb03761b58b380c6b37070297172a713b2d8a5ba9f14f8,a619932df9f2c4241330826cdd4b728164df7fa1672b2941e04fab621da8a78a,"[{""capabilityCode"":""LEG_EXTENSION"",""relationType"":""DIRECT"",""classificationConfidence"":""EXPLICIT""}]",[],UNMODELED,,,
1657,training-semantic-classifier-v2,training-semantic-registry-v2,7f7c6e88f31a7e4be4fb03761b58b380c6b37070297172a713b2d8a5ba9f14f8,a619932df9f2c4241330826cdd4b728164df7fa1672b2941e04fab621da8a78a,"[{""capabilityCode"":""LEG_CURL"",""relationType"":""DIRECT"",""classificationConfidence"":""EXPLICIT""}]",[],UNMODELED,,,
1658,training-semantic-classifier-v2,training-semantic-registry-v2,7f7c6e88f31a7e4be4fb03761b58b380c6b37070297172a713b2d8a5ba9f14f8,a619932df9f2c4241330826cdd4b728164df7fa1672b2941e04fab621da8a78a,"[{""capabilityCode"":""LEG_PRESS"",""relationType"":""DIRECT"",""classificationConfidence"":""EXPLICIT""}]",[],UNMODELED,,,
1659,training-semantic-classifier-v2,training-semantic-registry-v2,7f7c6e88f31a7e4be4fb03761b58b380c6b37070297172a713b2d8a5ba9f14f8,a619932df9f2c4241330826cdd4b728164df7fa1672b2941e04fab621da8a78a,"[{""capabilityCode"":""HIP_THRUST"",""relationType"":""DIRECT"",""classificationConfidence"":""EXPLICIT""}]",[],UNMODELED,,,
1660,training-semantic-classifier-v2,training-semantic-registry-v2,7f7c6e88f31a7e4be4fb03761b58b380c6b37070297172a713b2d8a5ba9f14f8,a619932df9f2c4241330826cdd4b728164df7fa1672b2941e04fab621da8a78a,"[{""capabilityCode"":""HACK_SQUAT"",""relationType"":""DIRECT"",""classificationConfidence"":""EXPLICIT""},{""capabilityCode"":""LEG_PRESS"",""relationType"":""DIRECT"",""classificationConfidence"":""EXPLICIT""}]",[],UNMODELED,,,
1661,training-semantic-classifier-v2,training-semantic-registry-v2,7f7c6e88f31a7e4be4fb03761b58b380c6b37070297172a713b2d8a5ba9f14f8,a619932df9f2c4241330826cdd4b728164df7fa1672b2941e04fab621da8a78a,"[{""capabilityCode"":""HACK_SQUAT"",""relationType"":""DIRECT"",""classificationConfidence"":""EXPLICIT""}]",[],UNMODELED,,,
1662,training-semantic-classifier-v2,training-semantic-registry-v2,7f7c6e88f31a7e4be4fb03761b58b380c6b37070297172a713b2d8a5ba9f14f8,a619932df9f2c4241330826cdd4b728164df7fa1672b2941e04fab621da8a78a,"[{""capabilityCode"":""LEG_PRESS"",""relationType"":""DIRECT"",""classificationConfidence"":""EXPLICIT""}]",[],UNMODELED,,,
1663,training-semantic-classifier-v2,training-semantic-registry-v2,7f7c6e88f31a7e4be4fb03761b58b380c6b37070297172a713b2d8a5ba9f14f8,a619932df9f2c4241330826cdd4b728164df7fa1672b2941e04fab621da8a78a,"[{""capabilityCode"":""PENDULUM_SQUAT"",""relationType"":""DIRECT"",""classificationConfidence"":""EXPLICIT""}]",[],UNMODELED,,,
1664,training-semantic-classifier-v2,training-semantic-registry-v2,7f7c6e88f31a7e4be4fb03761b58b380c6b37070297172a713b2d8a5ba9f14f8,a619932df9f2c4241330826cdd4b728164df7fa1672b2941e04fab621da8a78a,"[{""capabilityCode"":""PEC_DECK"",""relationType"":""DIRECT"",""classificationConfidence"":""EXPLICIT""},{""capabilityCode"":""REAR_DELT_FLY"",""relationType"":""DIRECT"",""classificationConfidence"":""EXPLICIT""}]","[{""functionCode"":""CABLE_RESISTANCE"",""relationType"":""DIRECT"",""classificationConfidence"":""HIGH""}]",UNMODELED,,,
1665,training-semantic-classifier-v2,training-semantic-registry-v2,7f7c6e88f31a7e4be4fb03761b58b380c6b37070297172a713b2d8a5ba9f14f8,a619932df9f2c4241330826cdd4b728164df7fa1672b2941e04fab621da8a78a,[],[],NO_CAPABILITY_APPLICABLE,,,
1666,training-semantic-classifier-v2,training-semantic-registry-v2,7f7c6e88f31a7e4be4fb03761b58b380c6b37070297172a713b2d8a5ba9f14f8,a619932df9f2c4241330826cdd4b728164df7fa1672b2941e04fab621da8a78a,[],[],NO_CAPABILITY_APPLICABLE,,,
1667,training-semantic-classifier-v2,training-semantic-registry-v2,7f7c6e88f31a7e4be4fb03761b58b380c6b37070297172a713b2d8a5ba9f14f8,a619932df9f2c4241330826cdd4b728164df7fa1672b2941e04fab621da8a78a,[],[],NO_CAPABILITY_APPLICABLE,,,
1668,training-semantic-classifier-v2,training-semantic-registry-v2,7f7c6e88f31a7e4be4fb03761b58b380c6b37070297172a713b2d8a5ba9f14f8,a619932df9f2c4241330826cdd4b728164df7fa1672b2941e04fab621da8a78a,[],[],NO_CAPABILITY_APPLICABLE,,,
1669,training-semantic-classifier-v2,training-semantic-registry-v2,7f7c6e88f31a7e4be4fb03761b58b380c6b37070297172a713b2d8a5ba9f14f8,a619932df9f2c4241330826cdd4b728164df7fa1672b2941e04fab621da8a78a,[],[],NO_CAPABILITY_APPLICABLE,,,
1670,training-semantic-classifier-v2,training-semantic-registry-v2,7f7c6e88f31a7e4be4fb03761b58b380c6b37070297172a713b2d8a5ba9f14f8,a619932df9f2c4241330826cdd4b728164df7fa1672b2941e04fab621da8a78a,[],[],NO_CAPABILITY_APPLICABLE,,,
1671,training-semantic-classifier-v2,training-semantic-registry-v2,7f7c6e88f31a7e4be4fb03761b58b380c6b37070297172a713b2d8a5ba9f14f8,a619932df9f2c4241330826cdd4b728164df7fa1672b2941e04fab621da8a78a,[],[],NO_CAPABILITY_APPLICABLE,,,
1672,training-semantic-classifier-v2,training-semantic-registry-v2,7f7c6e88f31a7e4be4fb03761b58b380c6b37070297172a713b2d8a5ba9f14f8,a619932df9f2c4241330826cdd4b728164df7fa1672b2941e04fab621da8a78a,[],[],NO_CAPABILITY_APPLICABLE,,,
1673,training-semantic-classifier-v2,training-semantic-registry-v2,7f7c6e88f31a7e4be4fb03761b58b380c6b37070297172a713b2d8a5ba9f14f8,a619932df9f2c4241330826cdd4b728164df7fa1672b2941e04fab621da8a78a,[],[],NO_CAPABILITY_APPLICABLE,,,
1674,training-semantic-classifier-v2,training-semantic-registry-v2,7f7c6e88f31a7e4be4fb03761b58b380c6b37070297172a713b2d8a5ba9f14f8,a619932df9f2c4241330826cdd4b728164df7fa1672b2941e04fab621da8a78a,[],[],NO_CAPABILITY_APPLICABLE,,,
1675,training-semantic-classifier-v2,training-semantic-registry-v2,7f7c6e88f31a7e4be4fb03761b58b380c6b37070297172a713b2d8a5ba9f14f8,a619932df9f2c4241330826cdd4b728164df7fa1672b2941e04fab621da8a78a,[],[],NO_CAPABILITY_APPLICABLE,,,
1676,training-semantic-classifier-v2,training-semantic-registry-v2,7f7c6e88f31a7e4be4fb03761b58b380c6b37070297172a713b2d8a5ba9f14f8,a619932df9f2c4241330826cdd4b728164df7fa1672b2941e04fab621da8a78a,[],[],NO_CAPABILITY_APPLICABLE,,,
1677,training-semantic-classifier-v2,training-semantic-registry-v2,7f7c6e88f31a7e4be4fb03761b58b380c6b37070297172a713b2d8a5ba9f14f8,a619932df9f2c4241330826cdd4b728164df7fa1672b2941e04fab621da8a78a,[],[],NO_CAPABILITY_APPLICABLE,,,
1678,training-semantic-classifier-v2,training-semantic-registry-v2,7f7c6e88f31a7e4be4fb03761b58b380c6b37070297172a713b2d8a5ba9f14f8,a619932df9f2c4241330826cdd4b728164df7fa1672b2941e04fab621da8a78a,[],[],NO_CAPABILITY_APPLICABLE,,,
1679,training-semantic-classifier-v2,training-semantic-registry-v2,7f7c6e88f31a7e4be4fb03761b58b380c6b37070297172a713b2d8a5ba9f14f8,a619932df9f2c4241330826cdd4b728164df7fa1672b2941e04fab621da8a78a,[],[],NO_CAPABILITY_APPLICABLE,,,
1680,training-semantic-classifier-v2,training-semantic-registry-v2,7f7c6e88f31a7e4be4fb03761b58b380c6b37070297172a713b2d8a5ba9f14f8,a619932df9f2c4241330826cdd4b728164df7fa1672b2941e04fab621da8a78a,[],[],NO_CAPABILITY_APPLICABLE,,,
1681,training-semantic-classifier-v2,training-semantic-registry-v2,7f7c6e88f31a7e4be4fb03761b58b380c6b37070297172a713b2d8a5ba9f14f8,a619932df9f2c4241330826cdd4b728164df7fa1672b2941e04fab621da8a78a,[],[],NO_CAPABILITY_APPLICABLE,,,
1682,training-semantic-classifier-v2,training-semantic-registry-v2,7f7c6e88f31a7e4be4fb03761b58b380c6b37070297172a713b2d8a5ba9f14f8,a619932df9f2c4241330826cdd4b728164df7fa1672b2941e04fab621da8a78a,[],[],NO_CAPABILITY_APPLICABLE,,,
1683,training-semantic-classifier-v2,training-semantic-registry-v2,7f7c6e88f31a7e4be4fb03761b58b380c6b37070297172a713b2d8a5ba9f14f8,a619932df9f2c4241330826cdd4b728164df7fa1672b2941e04fab621da8a78a,[],[],NO_CAPABILITY_APPLICABLE,,,
1684,training-semantic-classifier-v2,training-semantic-registry-v2,7f7c6e88f31a7e4be4fb03761b58b380c6b37070297172a713b2d8a5ba9f14f8,a619932df9f2c4241330826cdd4b728164df7fa1672b2941e04fab621da8a78a,[],[],NO_CAPABILITY_APPLICABLE,,,
1685,training-semantic-classifier-v2,training-semantic-registry-v2,7f7c6e88f31a7e4be4fb03761b58b380c6b37070297172a713b2d8a5ba9f14f8,a619932df9f2c4241330826cdd4b728164df7fa1672b2941e04fab621da8a78a,[],[],NO_CAPABILITY_APPLICABLE,,,
1686,training-semantic-classifier-v2,training-semantic-registry-v2,7f7c6e88f31a7e4be4fb03761b58b380c6b37070297172a713b2d8a5ba9f14f8,a619932df9f2c4241330826cdd4b728164df7fa1672b2941e04fab621da8a78a,[],[],NO_CAPABILITY_APPLICABLE,,,
1687,training-semantic-classifier-v2,training-semantic-registry-v2,7f7c6e88f31a7e4be4fb03761b58b380c6b37070297172a713b2d8a5ba9f14f8,a619932df9f2c4241330826cdd4b728164df7fa1672b2941e04fab621da8a78a,[],[],NO_CAPABILITY_APPLICABLE,,,
1688,training-semantic-classifier-v2,training-semantic-registry-v2,7f7c6e88f31a7e4be4fb03761b58b380c6b37070297172a713b2d8a5ba9f14f8,a619932df9f2c4241330826cdd4b728164df7fa1672b2941e04fab621da8a78a,[],[],NO_CAPABILITY_APPLICABLE,,,
1689,training-semantic-classifier-v2,training-semantic-registry-v2,7f7c6e88f31a7e4be4fb03761b58b380c6b37070297172a713b2d8a5ba9f14f8,a619932df9f2c4241330826cdd4b728164df7fa1672b2941e04fab621da8a78a,[],[],NO_CAPABILITY_APPLICABLE,,,
1690,training-semantic-classifier-v2,training-semantic-registry-v2,7f7c6e88f31a7e4be4fb03761b58b380c6b37070297172a713b2d8a5ba9f14f8,a619932df9f2c4241330826cdd4b728164df7fa1672b2941e04fab621da8a78a,[],[],NO_CAPABILITY_APPLICABLE,,,
1691,training-semantic-classifier-v2,training-semantic-registry-v2,7f7c6e88f31a7e4be4fb03761b58b380c6b37070297172a713b2d8a5ba9f14f8,a619932df9f2c4241330826cdd4b728164df7fa1672b2941e04fab621da8a78a,[],[],NO_CAPABILITY_APPLICABLE,,,
1692,training-semantic-classifier-v2,training-semantic-registry-v2,7f7c6e88f31a7e4be4fb03761b58b380c6b37070297172a713b2d8a5ba9f14f8,a619932df9f2c4241330826cdd4b728164df7fa1672b2941e04fab621da8a78a,[],"[{""functionCode"":""CABLE_RESISTANCE"",""relationType"":""DIRECT"",""classificationConfidence"":""EXPLICIT""}]",INSUFFICIENT_EVIDENCE,,Training Function assignment does not imply complete exercise semantic coverage.,
1693,training-semantic-classifier-v2,training-semantic-registry-v2,7f7c6e88f31a7e4be4fb03761b58b380c6b37070297172a713b2d8a5ba9f14f8,a619932df9f2c4241330826cdd4b728164df7fa1672b2941e04fab621da8a78a,[],"[{""functionCode"":""CABLE_RESISTANCE"",""relationType"":""FAMILY_DERIVED"",""classificationConfidence"":""HIGH""},{""functionCode"":""MULTI_DIRECTIONAL_RESISTANCE"",""relationType"":""DIRECT"",""classificationConfidence"":""EXPLICIT""}]",UNMODELED,,Training Function assignment does not imply complete exercise semantic coverage.,
1694,training-semantic-classifier-v2,training-semantic-registry-v2,7f7c6e88f31a7e4be4fb03761b58b380c6b37070297172a713b2d8a5ba9f14f8,a619932df9f2c4241330826cdd4b728164df7fa1672b2941e04fab621da8a78a,[],"[{""functionCode"":""BARBELL_SUPPORT"",""relationType"":""DIRECT"",""classificationConfidence"":""EXPLICIT""}]",UNMODELED,,Training Function assignment does not imply complete exercise semantic coverage.,
1695,training-semantic-classifier-v2,training-semantic-registry-v2,7f7c6e88f31a7e4be4fb03761b58b380c6b37070297172a713b2d8a5ba9f14f8,a619932df9f2c4241330826cdd4b728164df7fa1672b2941e04fab621da8a78a,[],[],NO_CAPABILITY_APPLICABLE,,,
1696,training-semantic-classifier-v2,training-semantic-registry-v2,7f7c6e88f31a7e4be4fb03761b58b380c6b37070297172a713b2d8a5ba9f14f8,a619932df9f2c4241330826cdd4b728164df7fa1672b2941e04fab621da8a78a,[],[],NO_CAPABILITY_APPLICABLE,,,
1697,training-semantic-classifier-v2,training-semantic-registry-v2,7f7c6e88f31a7e4be4fb03761b58b380c6b37070297172a713b2d8a5ba9f14f8,a619932df9f2c4241330826cdd4b728164df7fa1672b2941e04fab621da8a78a,[],"[{""functionCode"":""BARBELL_SUPPORT"",""relationType"":""DIRECT"",""classificationConfidence"":""EXPLICIT""}]",UNMODELED,,Training Function assignment does not imply complete exercise semantic coverage.,SQUAT:squat
1698,training-semantic-classifier-v2,training-semantic-registry-v2,7f7c6e88f31a7e4be4fb03761b58b380c6b37070297172a713b2d8a5ba9f14f8,a619932df9f2c4241330826cdd4b728164df7fa1672b2941e04fab621da8a78a,[],[],NO_CAPABILITY_APPLICABLE,,,
1699,training-semantic-classifier-v2,training-semantic-registry-v2,7f7c6e88f31a7e4be4fb03761b58b380c6b37070297172a713b2d8a5ba9f14f8,a619932df9f2c4241330826cdd4b728164df7fa1672b2941e04fab621da8a78a,[],[],INSUFFICIENT_EVIDENCE,,,
1700,training-semantic-classifier-v2,training-semantic-registry-v2,7f7c6e88f31a7e4be4fb03761b58b380c6b37070297172a713b2d8a5ba9f14f8,a619932df9f2c4241330826cdd4b728164df7fa1672b2941e04fab621da8a78a,[],[],UNMODELED,,,
1701,training-semantic-classifier-v2,training-semantic-registry-v2,7f7c6e88f31a7e4be4fb03761b58b380c6b37070297172a713b2d8a5ba9f14f8,a619932df9f2c4241330826cdd4b728164df7fa1672b2941e04fab621da8a78a,[],[],UNMODELED,,,
1702,training-semantic-classifier-v2,training-semantic-registry-v2,7f7c6e88f31a7e4be4fb03761b58b380c6b37070297172a713b2d8a5ba9f14f8,a619932df9f2c4241330826cdd4b728164df7fa1672b2941e04fab621da8a78a,[],[],UNMODELED,,,
1703,training-semantic-classifier-v2,training-semantic-registry-v2,7f7c6e88f31a7e4be4fb03761b58b380c6b37070297172a713b2d8a5ba9f14f8,a619932df9f2c4241330826cdd4b728164df7fa1672b2941e04fab621da8a78a,[],[],UNMODELED,,,
1704,training-semantic-classifier-v2,training-semantic-registry-v2,7f7c6e88f31a7e4be4fb03761b58b380c6b37070297172a713b2d8a5ba9f14f8,a619932df9f2c4241330826cdd4b728164df7fa1672b2941e04fab621da8a78a,[],"[{""functionCode"":""BARBELL_SUPPORT"",""relationType"":""DIRECT"",""classificationConfidence"":""EXPLICIT""}]",NO_CAPABILITY_APPLICABLE,,Training Function assignment does not imply complete exercise semantic coverage.,
1705,training-semantic-classifier-v2,training-semantic-registry-v2,7f7c6e88f31a7e4be4fb03761b58b380c6b37070297172a713b2d8a5ba9f14f8,a619932df9f2c4241330826cdd4b728164df7fa1672b2941e04fab621da8a78a,"[{""capabilityCode"":""PULL_UP"",""relationType"":""DIRECT"",""classificationConfidence"":""EXPLICIT""}]",[],UNMODELED,,,
1706,training-semantic-classifier-v2,training-semantic-registry-v2,7f7c6e88f31a7e4be4fb03761b58b380c6b37070297172a713b2d8a5ba9f14f8,a619932df9f2c4241330826cdd4b728164df7fa1672b2941e04fab621da8a78a,[],[],NO_CAPABILITY_APPLICABLE,,,
1707,training-semantic-classifier-v2,training-semantic-registry-v2,7f7c6e88f31a7e4be4fb03761b58b380c6b37070297172a713b2d8a5ba9f14f8,a619932df9f2c4241330826cdd4b728164df7fa1672b2941e04fab621da8a78a,"[{""capabilityCode"":""DIP"",""relationType"":""SUPPORTED"",""classificationConfidence"":""EXPLICIT""}]","[{""functionCode"":""BARBELL_SUPPORT"",""relationType"":""DIRECT"",""classificationConfidence"":""EXPLICIT""}]",UNMODELED,,SUPPORTED assignment requires explicit module/configuration evidence.,SQUAT:squat
1708,training-semantic-classifier-v2,training-semantic-registry-v2,7f7c6e88f31a7e4be4fb03761b58b380c6b37070297172a713b2d8a5ba9f14f8,a619932df9f2c4241330826cdd4b728164df7fa1672b2941e04fab621da8a78a,[],[],UNMODELED,,,
1710,training-semantic-classifier-v2,training-semantic-registry-v2,7f7c6e88f31a7e4be4fb03761b58b380c6b37070297172a713b2d8a5ba9f14f8,a619932df9f2c4241330826cdd4b728164df7fa1672b2941e04fab621da8a78a,"[{""capabilityCode"":""PULL_UP"",""relationType"":""DIRECT"",""classificationConfidence"":""EXPLICIT""}]",[],UNMODELED,,,
1711,training-semantic-classifier-v2,training-semantic-registry-v2,7f7c6e88f31a7e4be4fb03761b58b380c6b37070297172a713b2d8a5ba9f14f8,a619932df9f2c4241330826cdd4b728164df7fa1672b2941e04fab621da8a78a,[],[],UNMODELED,,,
1712,training-semantic-classifier-v2,training-semantic-registry-v2,7f7c6e88f31a7e4be4fb03761b58b380c6b37070297172a713b2d8a5ba9f14f8,a619932df9f2c4241330826cdd4b728164df7fa1672b2941e04fab621da8a78a,[],[],UNMODELED,,,
1713,training-semantic-classifier-v2,training-semantic-registry-v2,7f7c6e88f31a7e4be4fb03761b58b380c6b37070297172a713b2d8a5ba9f14f8,a619932df9f2c4241330826cdd4b728164df7fa1672b2941e04fab621da8a78a,[],[],UNMODELED,,,
1714,training-semantic-classifier-v2,training-semantic-registry-v2,7f7c6e88f31a7e4be4fb03761b58b380c6b37070297172a713b2d8a5ba9f14f8,a619932df9f2c4241330826cdd4b728164df7fa1672b2941e04fab621da8a78a,[],[],UNMODELED,,,
1715,training-semantic-classifier-v2,training-semantic-registry-v2,7f7c6e88f31a7e4be4fb03761b58b380c6b37070297172a713b2d8a5ba9f14f8,a619932df9f2c4241330826cdd4b728164df7fa1672b2941e04fab621da8a78a,"[{""capabilityCode"":""PULL_UP"",""relationType"":""DIRECT"",""classificationConfidence"":""EXPLICIT""}]",[],UNMODELED,,,
1716,training-semantic-classifier-v2,training-semantic-registry-v2,7f7c6e88f31a7e4be4fb03761b58b380c6b37070297172a713b2d8a5ba9f14f8,a619932df9f2c4241330826cdd4b728164df7fa1672b2941e04fab621da8a78a,"[{""capabilityCode"":""PEC_DECK"",""relationType"":""DIRECT"",""classificationConfidence"":""EXPLICIT""},{""capabilityCode"":""REAR_DELT_FLY"",""relationType"":""DIRECT"",""classificationConfidence"":""EXPLICIT""}]",[],UNMODELED,,,
1717,training-semantic-classifier-v2,training-semantic-registry-v2,7f7c6e88f31a7e4be4fb03761b58b380c6b37070297172a713b2d8a5ba9f14f8,a619932df9f2c4241330826cdd4b728164df7fa1672b2941e04fab621da8a78a,[],[],UNMODELED,,,
1718,training-semantic-classifier-v2,training-semantic-registry-v2,7f7c6e88f31a7e4be4fb03761b58b380c6b37070297172a713b2d8a5ba9f14f8,a619932df9f2c4241330826cdd4b728164df7fa1672b2941e04fab621da8a78a,[],[],UNMODELED,,,
1720,training-semantic-classifier-v2,training-semantic-registry-v2,7f7c6e88f31a7e4be4fb03761b58b380c6b37070297172a713b2d8a5ba9f14f8,a619932df9f2c4241330826cdd4b728164df7fa1672b2941e04fab621da8a78a,[],[],NO_CAPABILITY_APPLICABLE,,,
1721,training-semantic-classifier-v2,training-semantic-registry-v2,7f7c6e88f31a7e4be4fb03761b58b380c6b37070297172a713b2d8a5ba9f14f8,a619932df9f2c4241330826cdd4b728164df7fa1672b2941e04fab621da8a78a,[],[],NO_CAPABILITY_APPLICABLE,,,
1722,training-semantic-classifier-v2,training-semantic-registry-v2,7f7c6e88f31a7e4be4fb03761b58b380c6b37070297172a713b2d8a5ba9f14f8,a619932df9f2c4241330826cdd4b728164df7fa1672b2941e04fab621da8a78a,[],[],UNMODELED,,,
1723,training-semantic-classifier-v2,training-semantic-registry-v2,7f7c6e88f31a7e4be4fb03761b58b380c6b37070297172a713b2d8a5ba9f14f8,a619932df9f2c4241330826cdd4b728164df7fa1672b2941e04fab621da8a78a,[],[],NO_CAPABILITY_APPLICABLE,,,
1725,training-semantic-classifier-v2,training-semantic-registry-v2,7f7c6e88f31a7e4be4fb03761b58b380c6b37070297172a713b2d8a5ba9f14f8,a619932df9f2c4241330826cdd4b728164df7fa1672b2941e04fab621da8a78a,[],[],UNMODELED,,,
1727,training-semantic-classifier-v2,training-semantic-registry-v2,7f7c6e88f31a7e4be4fb03761b58b380c6b37070297172a713b2d8a5ba9f14f8,a619932df9f2c4241330826cdd4b728164df7fa1672b2941e04fab621da8a78a,[],[],UNMODELED,,,
1728,training-semantic-classifier-v2,training-semantic-registry-v2,7f7c6e88f31a7e4be4fb03761b58b380c6b37070297172a713b2d8a5ba9f14f8,a619932df9f2c4241330826cdd4b728164df7fa1672b2941e04fab621da8a78a,[],[],NO_CAPABILITY_APPLICABLE,,,
1729,training-semantic-classifier-v2,training-semantic-registry-v2,7f7c6e88f31a7e4be4fb03761b58b380c6b37070297172a713b2d8a5ba9f14f8,a619932df9f2c4241330826cdd4b728164df7fa1672b2941e04fab621da8a78a,[],[],NO_CAPABILITY_APPLICABLE,,,
1730,training-semantic-classifier-v2,training-semantic-registry-v2,7f7c6e88f31a7e4be4fb03761b58b380c6b37070297172a713b2d8a5ba9f14f8,a619932df9f2c4241330826cdd4b728164df7fa1672b2941e04fab621da8a78a,[],[],UNMODELED,,,
1731,training-semantic-classifier-v2,training-semantic-registry-v2,7f7c6e88f31a7e4be4fb03761b58b380c6b37070297172a713b2d8a5ba9f14f8,a619932df9f2c4241330826cdd4b728164df7fa1672b2941e04fab621da8a78a,[],[],UNMODELED,,,
1732,training-semantic-classifier-v2,training-semantic-registry-v2,7f7c6e88f31a7e4be4fb03761b58b380c6b37070297172a713b2d8a5ba9f14f8,a619932df9f2c4241330826cdd4b728164df7fa1672b2941e04fab621da8a78a,[],[],UNMODELED,,,
1734,training-semantic-classifier-v2,training-semantic-registry-v2,7f7c6e88f31a7e4be4fb03761b58b380c6b37070297172a713b2d8a5ba9f14f8,a619932df9f2c4241330826cdd4b728164df7fa1672b2941e04fab621da8a78a,[],[],NO_CAPABILITY_APPLICABLE,,,
1735,training-semantic-classifier-v2,training-semantic-registry-v2,7f7c6e88f31a7e4be4fb03761b58b380c6b37070297172a713b2d8a5ba9f14f8,a619932df9f2c4241330826cdd4b728164df7fa1672b2941e04fab621da8a78a,[],[],NO_CAPABILITY_APPLICABLE,,,
1737,training-semantic-classifier-v2,training-semantic-registry-v2,7f7c6e88f31a7e4be4fb03761b58b380c6b37070297172a713b2d8a5ba9f14f8,a619932df9f2c4241330826cdd4b728164df7fa1672b2941e04fab621da8a78a,[],[],NO_CAPABILITY_APPLICABLE,,,
1738,training-semantic-classifier-v2,training-semantic-registry-v2,7f7c6e88f31a7e4be4fb03761b58b380c6b37070297172a713b2d8a5ba9f14f8,a619932df9f2c4241330826cdd4b728164df7fa1672b2941e04fab621da8a78a,[],[],NO_CAPABILITY_APPLICABLE,,,
1739,training-semantic-classifier-v2,training-semantic-registry-v2,7f7c6e88f31a7e4be4fb03761b58b380c6b37070297172a713b2d8a5ba9f14f8,a619932df9f2c4241330826cdd4b728164df7fa1672b2941e04fab621da8a78a,[],[],NO_CAPABILITY_APPLICABLE,,,
1740,training-semantic-classifier-v2,training-semantic-registry-v2,7f7c6e88f31a7e4be4fb03761b58b380c6b37070297172a713b2d8a5ba9f14f8,a619932df9f2c4241330826cdd4b728164df7fa1672b2941e04fab621da8a78a,[],[],UNMODELED,,,
1741,training-semantic-classifier-v2,training-semantic-registry-v2,7f7c6e88f31a7e4be4fb03761b58b380c6b37070297172a713b2d8a5ba9f14f8,a619932df9f2c4241330826cdd4b728164df7fa1672b2941e04fab621da8a78a,[],[],NO_CAPABILITY_APPLICABLE,,,
1742,training-semantic-classifier-v2,training-semantic-registry-v2,7f7c6e88f31a7e4be4fb03761b58b380c6b37070297172a713b2d8a5ba9f14f8,a619932df9f2c4241330826cdd4b728164df7fa1672b2941e04fab621da8a78a,[],[],NO_CAPABILITY_APPLICABLE,,,
1744,training-semantic-classifier-v2,training-semantic-registry-v2,7f7c6e88f31a7e4be4fb03761b58b380c6b37070297172a713b2d8a5ba9f14f8,a619932df9f2c4241330826cdd4b728164df7fa1672b2941e04fab621da8a78a,[],[],NO_CAPABILITY_APPLICABLE,,,
1745,training-semantic-classifier-v2,training-semantic-registry-v2,7f7c6e88f31a7e4be4fb03761b58b380c6b37070297172a713b2d8a5ba9f14f8,a619932df9f2c4241330826cdd4b728164df7fa1672b2941e04fab621da8a78a,[],[],NO_CAPABILITY_APPLICABLE,,,
1746,training-semantic-classifier-v2,training-semantic-registry-v2,7f7c6e88f31a7e4be4fb03761b58b380c6b37070297172a713b2d8a5ba9f14f8,a619932df9f2c4241330826cdd4b728164df7fa1672b2941e04fab621da8a78a,[],[],NO_CAPABILITY_APPLICABLE,,,
1747,training-semantic-classifier-v2,training-semantic-registry-v2,7f7c6e88f31a7e4be4fb03761b58b380c6b37070297172a713b2d8a5ba9f14f8,a619932df9f2c4241330826cdd4b728164df7fa1672b2941e04fab621da8a78a,[],[],NO_CAPABILITY_APPLICABLE,,,
1748,training-semantic-classifier-v2,training-semantic-registry-v2,7f7c6e88f31a7e4be4fb03761b58b380c6b37070297172a713b2d8a5ba9f14f8,a619932df9f2c4241330826cdd4b728164df7fa1672b2941e04fab621da8a78a,[],[],NO_CAPABILITY_APPLICABLE,,,
1749,training-semantic-classifier-v2,training-semantic-registry-v2,7f7c6e88f31a7e4be4fb03761b58b380c6b37070297172a713b2d8a5ba9f14f8,a619932df9f2c4241330826cdd4b728164df7fa1672b2941e04fab621da8a78a,[],[],NO_CAPABILITY_APPLICABLE,,,
1750,training-semantic-classifier-v2,training-semantic-registry-v2,7f7c6e88f31a7e4be4fb03761b58b380c6b37070297172a713b2d8a5ba9f14f8,a619932df9f2c4241330826cdd4b728164df7fa1672b2941e04fab621da8a78a,[],[],NO_CAPABILITY_APPLICABLE,,,
1751,training-semantic-classifier-v2,training-semantic-registry-v2,7f7c6e88f31a7e4be4fb03761b58b380c6b37070297172a713b2d8a5ba9f14f8,a619932df9f2c4241330826cdd4b728164df7fa1672b2941e04fab621da8a78a,[],[],NO_CAPABILITY_APPLICABLE,,,
1752,training-semantic-classifier-v2,training-semantic-registry-v2,7f7c6e88f31a7e4be4fb03761b58b380c6b37070297172a713b2d8a5ba9f14f8,a619932df9f2c4241330826cdd4b728164df7fa1672b2941e04fab621da8a78a,[],[],NO_CAPABILITY_APPLICABLE,,,
1753,training-semantic-classifier-v2,training-semantic-registry-v2,7f7c6e88f31a7e4be4fb03761b58b380c6b37070297172a713b2d8a5ba9f14f8,a619932df9f2c4241330826cdd4b728164df7fa1672b2941e04fab621da8a78a,[],[],NO_CAPABILITY_APPLICABLE,,,
1754,training-semantic-classifier-v2,training-semantic-registry-v2,7f7c6e88f31a7e4be4fb03761b58b380c6b37070297172a713b2d8a5ba9f14f8,a619932df9f2c4241330826cdd4b728164df7fa1672b2941e04fab621da8a78a,[],[],NO_CAPABILITY_APPLICABLE,,,
1755,training-semantic-classifier-v2,training-semantic-registry-v2,7f7c6e88f31a7e4be4fb03761b58b380c6b37070297172a713b2d8a5ba9f14f8,a619932df9f2c4241330826cdd4b728164df7fa1672b2941e04fab621da8a78a,[],[],NO_CAPABILITY_APPLICABLE,,,
1756,training-semantic-classifier-v2,training-semantic-registry-v2,7f7c6e88f31a7e4be4fb03761b58b380c6b37070297172a713b2d8a5ba9f14f8,a619932df9f2c4241330826cdd4b728164df7fa1672b2941e04fab621da8a78a,[],[],NO_CAPABILITY_APPLICABLE,,,
1757,training-semantic-classifier-v2,training-semantic-registry-v2,7f7c6e88f31a7e4be4fb03761b58b380c6b37070297172a713b2d8a5ba9f14f8,a619932df9f2c4241330826cdd4b728164df7fa1672b2941e04fab621da8a78a,[],[],NO_CAPABILITY_APPLICABLE,,,
1758,training-semantic-classifier-v2,training-semantic-registry-v2,7f7c6e88f31a7e4be4fb03761b58b380c6b37070297172a713b2d8a5ba9f14f8,a619932df9f2c4241330826cdd4b728164df7fa1672b2941e04fab621da8a78a,[],[],NO_CAPABILITY_APPLICABLE,,,
1759,training-semantic-classifier-v2,training-semantic-registry-v2,7f7c6e88f31a7e4be4fb03761b58b380c6b37070297172a713b2d8a5ba9f14f8,a619932df9f2c4241330826cdd4b728164df7fa1672b2941e04fab621da8a78a,[],[],NO_CAPABILITY_APPLICABLE,,,
1760,training-semantic-classifier-v2,training-semantic-registry-v2,7f7c6e88f31a7e4be4fb03761b58b380c6b37070297172a713b2d8a5ba9f14f8,a619932df9f2c4241330826cdd4b728164df7fa1672b2941e04fab621da8a78a,[],[],NO_CAPABILITY_APPLICABLE,,,
1761,training-semantic-classifier-v2,training-semantic-registry-v2,7f7c6e88f31a7e4be4fb03761b58b380c6b37070297172a713b2d8a5ba9f14f8,a619932df9f2c4241330826cdd4b728164df7fa1672b2941e04fab621da8a78a,[],[],NO_CAPABILITY_APPLICABLE,,,
1762,training-semantic-classifier-v2,training-semantic-registry-v2,7f7c6e88f31a7e4be4fb03761b58b380c6b37070297172a713b2d8a5ba9f14f8,a619932df9f2c4241330826cdd4b728164df7fa1672b2941e04fab621da8a78a,[],[],NO_CAPABILITY_APPLICABLE,,,
1763,training-semantic-classifier-v2,training-semantic-registry-v2,7f7c6e88f31a7e4be4fb03761b58b380c6b37070297172a713b2d8a5ba9f14f8,a619932df9f2c4241330826cdd4b728164df7fa1672b2941e04fab621da8a78a,[],[],NO_CAPABILITY_APPLICABLE,,,
1764,training-semantic-classifier-v2,training-semantic-registry-v2,7f7c6e88f31a7e4be4fb03761b58b380c6b37070297172a713b2d8a5ba9f14f8,a619932df9f2c4241330826cdd4b728164df7fa1672b2941e04fab621da8a78a,[],[],NO_CAPABILITY_APPLICABLE,,,
1765,training-semantic-classifier-v2,training-semantic-registry-v2,7f7c6e88f31a7e4be4fb03761b58b380c6b37070297172a713b2d8a5ba9f14f8,a619932df9f2c4241330826cdd4b728164df7fa1672b2941e04fab621da8a78a,[],[],NO_CAPABILITY_APPLICABLE,,,
1766,training-semantic-classifier-v2,training-semantic-registry-v2,7f7c6e88f31a7e4be4fb03761b58b380c6b37070297172a713b2d8a5ba9f14f8,a619932df9f2c4241330826cdd4b728164df7fa1672b2941e04fab621da8a78a,[],[],UNMODELED,,,
1767,training-semantic-classifier-v2,training-semantic-registry-v2,7f7c6e88f31a7e4be4fb03761b58b380c6b37070297172a713b2d8a5ba9f14f8,a619932df9f2c4241330826cdd4b728164df7fa1672b2941e04fab621da8a78a,[],[],NO_CAPABILITY_APPLICABLE,,,
1768,training-semantic-classifier-v2,training-semantic-registry-v2,7f7c6e88f31a7e4be4fb03761b58b380c6b37070297172a713b2d8a5ba9f14f8,a619932df9f2c4241330826cdd4b728164df7fa1672b2941e04fab621da8a78a,[],[],NO_CAPABILITY_APPLICABLE,,,
1769,training-semantic-classifier-v2,training-semantic-registry-v2,7f7c6e88f31a7e4be4fb03761b58b380c6b37070297172a713b2d8a5ba9f14f8,a619932df9f2c4241330826cdd4b728164df7fa1672b2941e04fab621da8a78a,[],[],NO_CAPABILITY_APPLICABLE,,,
1770,training-semantic-classifier-v2,training-semantic-registry-v2,7f7c6e88f31a7e4be4fb03761b58b380c6b37070297172a713b2d8a5ba9f14f8,a619932df9f2c4241330826cdd4b728164df7fa1672b2941e04fab621da8a78a,[],[],NO_CAPABILITY_APPLICABLE,,,
1771,training-semantic-classifier-v2,training-semantic-registry-v2,7f7c6e88f31a7e4be4fb03761b58b380c6b37070297172a713b2d8a5ba9f14f8,a619932df9f2c4241330826cdd4b728164df7fa1672b2941e04fab621da8a78a,[],[],NO_CAPABILITY_APPLICABLE,,,
1772,training-semantic-classifier-v2,training-semantic-registry-v2,7f7c6e88f31a7e4be4fb03761b58b380c6b37070297172a713b2d8a5ba9f14f8,a619932df9f2c4241330826cdd4b728164df7fa1672b2941e04fab621da8a78a,[],[],NO_CAPABILITY_APPLICABLE,,,
1773,training-semantic-classifier-v2,training-semantic-registry-v2,7f7c6e88f31a7e4be4fb03761b58b380c6b37070297172a713b2d8a5ba9f14f8,a619932df9f2c4241330826cdd4b728164df7fa1672b2941e04fab621da8a78a,[],[],UNMODELED,,,
1774,training-semantic-classifier-v2,training-semantic-registry-v2,7f7c6e88f31a7e4be4fb03761b58b380c6b37070297172a713b2d8a5ba9f14f8,a619932df9f2c4241330826cdd4b728164df7fa1672b2941e04fab621da8a78a,[],[],UNMODELED,,,
1775,training-semantic-classifier-v2,training-semantic-registry-v2,7f7c6e88f31a7e4be4fb03761b58b380c6b37070297172a713b2d8a5ba9f14f8,a619932df9f2c4241330826cdd4b728164df7fa1672b2941e04fab621da8a78a,[],[],UNMODELED,,,
1776,training-semantic-classifier-v2,training-semantic-registry-v2,7f7c6e88f31a7e4be4fb03761b58b380c6b37070297172a713b2d8a5ba9f14f8,a619932df9f2c4241330826cdd4b728164df7fa1672b2941e04fab621da8a78a,"[{""capabilityCode"":""DIP"",""relationType"":""DIRECT"",""classificationConfidence"":""EXPLICIT""}]",[],UNMODELED,,,
1777,training-semantic-classifier-v2,training-semantic-registry-v2,7f7c6e88f31a7e4be4fb03761b58b380c6b37070297172a713b2d8a5ba9f14f8,a619932df9f2c4241330826cdd4b728164df7fa1672b2941e04fab621da8a78a,[],[],NO_CAPABILITY_APPLICABLE,,,
1778,training-semantic-classifier-v2,training-semantic-registry-v2,7f7c6e88f31a7e4be4fb03761b58b380c6b37070297172a713b2d8a5ba9f14f8,a619932df9f2c4241330826cdd4b728164df7fa1672b2941e04fab621da8a78a,[],[],NO_CAPABILITY_APPLICABLE,,,
1779,training-semantic-classifier-v2,training-semantic-registry-v2,7f7c6e88f31a7e4be4fb03761b58b380c6b37070297172a713b2d8a5ba9f14f8,a619932df9f2c4241330826cdd4b728164df7fa1672b2941e04fab621da8a78a,[],[],NO_CAPABILITY_APPLICABLE,,,
1781,training-semantic-classifier-v2,training-semantic-registry-v2,7f7c6e88f31a7e4be4fb03761b58b380c6b37070297172a713b2d8a5ba9f14f8,a619932df9f2c4241330826cdd4b728164df7fa1672b2941e04fab621da8a78a,[],[],UNMODELED,,,
1782,training-semantic-classifier-v2,training-semantic-registry-v2,7f7c6e88f31a7e4be4fb03761b58b380c6b37070297172a713b2d8a5ba9f14f8,a619932df9f2c4241330826cdd4b728164df7fa1672b2941e04fab621da8a78a,[],[],NO_CAPABILITY_APPLICABLE,,,
1783,training-semantic-classifier-v2,training-semantic-registry-v2,7f7c6e88f31a7e4be4fb03761b58b380c6b37070297172a713b2d8a5ba9f14f8,a619932df9f2c4241330826cdd4b728164df7fa1672b2941e04fab621da8a78a,[],[],NO_CAPABILITY_APPLICABLE,,,SQUAT:sentadilla
1785,training-semantic-classifier-v2,training-semantic-registry-v2,7f7c6e88f31a7e4be4fb03761b58b380c6b37070297172a713b2d8a5ba9f14f8,a619932df9f2c4241330826cdd4b728164df7fa1672b2941e04fab621da8a78a,"[{""capabilityCode"":""HIP_THRUST"",""relationType"":""DIRECT"",""classificationConfidence"":""EXPLICIT""}]",[],UNMODELED,,,
1786,training-semantic-classifier-v2,training-semantic-registry-v2,7f7c6e88f31a7e4be4fb03761b58b380c6b37070297172a713b2d8a5ba9f14f8,a619932df9f2c4241330826cdd4b728164df7fa1672b2941e04fab621da8a78a,[],[],NO_CAPABILITY_APPLICABLE,,,
1787,training-semantic-classifier-v2,training-semantic-registry-v2,7f7c6e88f31a7e4be4fb03761b58b380c6b37070297172a713b2d8a5ba9f14f8,a619932df9f2c4241330826cdd4b728164df7fa1672b2941e04fab621da8a78a,[],[],UNMODELED,,,
1788,training-semantic-classifier-v2,training-semantic-registry-v2,7f7c6e88f31a7e4be4fb03761b58b380c6b37070297172a713b2d8a5ba9f14f8,a619932df9f2c4241330826cdd4b728164df7fa1672b2941e04fab621da8a78a,[],[],NO_CAPABILITY_APPLICABLE,,,
1790,training-semantic-classifier-v2,training-semantic-registry-v2,7f7c6e88f31a7e4be4fb03761b58b380c6b37070297172a713b2d8a5ba9f14f8,a619932df9f2c4241330826cdd4b728164df7fa1672b2941e04fab621da8a78a,[],[],NO_CAPABILITY_APPLICABLE,,,
1791,training-semantic-classifier-v2,training-semantic-registry-v2,7f7c6e88f31a7e4be4fb03761b58b380c6b37070297172a713b2d8a5ba9f14f8,a619932df9f2c4241330826cdd4b728164df7fa1672b2941e04fab621da8a78a,[],[],NO_CAPABILITY_APPLICABLE,,,
1792,training-semantic-classifier-v2,training-semantic-registry-v2,7f7c6e88f31a7e4be4fb03761b58b380c6b37070297172a713b2d8a5ba9f14f8,a619932df9f2c4241330826cdd4b728164df7fa1672b2941e04fab621da8a78a,[],[],UNMODELED,,,
1793,training-semantic-classifier-v2,training-semantic-registry-v2,7f7c6e88f31a7e4be4fb03761b58b380c6b37070297172a713b2d8a5ba9f14f8,a619932df9f2c4241330826cdd4b728164df7fa1672b2941e04fab621da8a78a,[],[],UNMODELED,,,
1794,training-semantic-classifier-v2,training-semantic-registry-v2,7f7c6e88f31a7e4be4fb03761b58b380c6b37070297172a713b2d8a5ba9f14f8,a619932df9f2c4241330826cdd4b728164df7fa1672b2941e04fab621da8a78a,[],[],UNMODELED,,,
1795,training-semantic-classifier-v2,training-semantic-registry-v2,7f7c6e88f31a7e4be4fb03761b58b380c6b37070297172a713b2d8a5ba9f14f8,a619932df9f2c4241330826cdd4b728164df7fa1672b2941e04fab621da8a78a,[],[],UNMODELED,,,
1796,training-semantic-classifier-v2,training-semantic-registry-v2,7f7c6e88f31a7e4be4fb03761b58b380c6b37070297172a713b2d8a5ba9f14f8,a619932df9f2c4241330826cdd4b728164df7fa1672b2941e04fab621da8a78a,[],[],UNMODELED,,,SQUAT:squat
1797,training-semantic-classifier-v2,training-semantic-registry-v2,7f7c6e88f31a7e4be4fb03761b58b380c6b37070297172a713b2d8a5ba9f14f8,a619932df9f2c4241330826cdd4b728164df7fa1672b2941e04fab621da8a78a,[],[],UNMODELED,,,SQUAT:squat
1798,training-semantic-classifier-v2,training-semantic-registry-v2,7f7c6e88f31a7e4be4fb03761b58b380c6b37070297172a713b2d8a5ba9f14f8,a619932df9f2c4241330826cdd4b728164df7fa1672b2941e04fab621da8a78a,[],[],UNMODELED,,,SQUAT:squat
1800,training-semantic-classifier-v2,training-semantic-registry-v2,7f7c6e88f31a7e4be4fb03761b58b380c6b37070297172a713b2d8a5ba9f14f8,a619932df9f2c4241330826cdd4b728164df7fa1672b2941e04fab621da8a78a,[],[],UNMODELED,,,
1801,training-semantic-classifier-v2,training-semantic-registry-v2,7f7c6e88f31a7e4be4fb03761b58b380c6b37070297172a713b2d8a5ba9f14f8,a619932df9f2c4241330826cdd4b728164df7fa1672b2941e04fab621da8a78a,[],[],UNMODELED,,,
1802,training-semantic-classifier-v2,training-semantic-registry-v2,7f7c6e88f31a7e4be4fb03761b58b380c6b37070297172a713b2d8a5ba9f14f8,a619932df9f2c4241330826cdd4b728164df7fa1672b2941e04fab621da8a78a,[],[],UNMODELED,,,
1803,training-semantic-classifier-v2,training-semantic-registry-v2,7f7c6e88f31a7e4be4fb03761b58b380c6b37070297172a713b2d8a5ba9f14f8,a619932df9f2c4241330826cdd4b728164df7fa1672b2941e04fab621da8a78a,[],[],UNMODELED,,,
1804,training-semantic-classifier-v2,training-semantic-registry-v2,7f7c6e88f31a7e4be4fb03761b58b380c6b37070297172a713b2d8a5ba9f14f8,a619932df9f2c4241330826cdd4b728164df7fa1672b2941e04fab621da8a78a,[],[],UNMODELED,,,
1805,training-semantic-classifier-v2,training-semantic-registry-v2,7f7c6e88f31a7e4be4fb03761b58b380c6b37070297172a713b2d8a5ba9f14f8,a619932df9f2c4241330826cdd4b728164df7fa1672b2941e04fab621da8a78a,[],[],UNMODELED,,,
1806,training-semantic-classifier-v2,training-semantic-registry-v2,7f7c6e88f31a7e4be4fb03761b58b380c6b37070297172a713b2d8a5ba9f14f8,a619932df9f2c4241330826cdd4b728164df7fa1672b2941e04fab621da8a78a,[],[],UNMODELED,,,
1807,training-semantic-classifier-v2,training-semantic-registry-v2,7f7c6e88f31a7e4be4fb03761b58b380c6b37070297172a713b2d8a5ba9f14f8,a619932df9f2c4241330826cdd4b728164df7fa1672b2941e04fab621da8a78a,[],[],NO_CAPABILITY_APPLICABLE,,,
1808,training-semantic-classifier-v2,training-semantic-registry-v2,7f7c6e88f31a7e4be4fb03761b58b380c6b37070297172a713b2d8a5ba9f14f8,a619932df9f2c4241330826cdd4b728164df7fa1672b2941e04fab621da8a78a,[],[],NO_CAPABILITY_APPLICABLE,,,
1809,training-semantic-classifier-v2,training-semantic-registry-v2,7f7c6e88f31a7e4be4fb03761b58b380c6b37070297172a713b2d8a5ba9f14f8,a619932df9f2c4241330826cdd4b728164df7fa1672b2941e04fab621da8a78a,[],[],NO_CAPABILITY_APPLICABLE,,,
1810,training-semantic-classifier-v2,training-semantic-registry-v2,7f7c6e88f31a7e4be4fb03761b58b380c6b37070297172a713b2d8a5ba9f14f8,a619932df9f2c4241330826cdd4b728164df7fa1672b2941e04fab621da8a78a,"[{""capabilityCode"":""PULL_UP"",""relationType"":""DIRECT"",""classificationConfidence"":""EXPLICIT""}]",[],NO_CAPABILITY_APPLICABLE,,,
1811,training-semantic-classifier-v2,training-semantic-registry-v2,7f7c6e88f31a7e4be4fb03761b58b380c6b37070297172a713b2d8a5ba9f14f8,a619932df9f2c4241330826cdd4b728164df7fa1672b2941e04fab621da8a78a,[],"[{""functionCode"":""CABLE_RESISTANCE"",""relationType"":""DIRECT"",""classificationConfidence"":""EXPLICIT""},{""functionCode"":""MULTI_DIRECTIONAL_RESISTANCE"",""relationType"":""DIRECT"",""classificationConfidence"":""EXPLICIT""}]",NO_CAPABILITY_APPLICABLE,,Training Function assignment does not imply complete exercise semantic coverage.,
1812,training-semantic-classifier-v2,training-semantic-registry-v2,7f7c6e88f31a7e4be4fb03761b58b380c6b37070297172a713b2d8a5ba9f14f8,a619932df9f2c4241330826cdd4b728164df7fa1672b2941e04fab621da8a78a,[],"[{""functionCode"":""BARBELL_SUPPORT"",""relationType"":""DIRECT"",""classificationConfidence"":""EXPLICIT""},{""functionCode"":""CABLE_RESISTANCE"",""relationType"":""DIRECT"",""classificationConfidence"":""EXPLICIT""}]",NO_CAPABILITY_APPLICABLE,,Training Function assignment does not imply complete exercise semantic coverage.,
1813,training-semantic-classifier-v2,training-semantic-registry-v2,7f7c6e88f31a7e4be4fb03761b58b380c6b37070297172a713b2d8a5ba9f14f8,a619932df9f2c4241330826cdd4b728164df7fa1672b2941e04fab621da8a78a,[],"[{""functionCode"":""CABLE_RESISTANCE"",""relationType"":""DIRECT"",""classificationConfidence"":""EXPLICIT""}]",NO_CAPABILITY_APPLICABLE,,Training Function assignment does not imply complete exercise semantic coverage.,
1814,training-semantic-classifier-v2,training-semantic-registry-v2,7f7c6e88f31a7e4be4fb03761b58b380c6b37070297172a713b2d8a5ba9f14f8,a619932df9f2c4241330826cdd4b728164df7fa1672b2941e04fab621da8a78a,[],[],NO_CAPABILITY_APPLICABLE,,,
1815,training-semantic-classifier-v2,training-semantic-registry-v2,7f7c6e88f31a7e4be4fb03761b58b380c6b37070297172a713b2d8a5ba9f14f8,a619932df9f2c4241330826cdd4b728164df7fa1672b2941e04fab621da8a78a,[],[],NO_CAPABILITY_APPLICABLE,,,
1816,training-semantic-classifier-v2,training-semantic-registry-v2,7f7c6e88f31a7e4be4fb03761b58b380c6b37070297172a713b2d8a5ba9f14f8,a619932df9f2c4241330826cdd4b728164df7fa1672b2941e04fab621da8a78a,[],[],NO_CAPABILITY_APPLICABLE,,,
1817,training-semantic-classifier-v2,training-semantic-registry-v2,7f7c6e88f31a7e4be4fb03761b58b380c6b37070297172a713b2d8a5ba9f14f8,a619932df9f2c4241330826cdd4b728164df7fa1672b2941e04fab621da8a78a,[],"[{""functionCode"":""BODYWEIGHT_SUPPORT"",""relationType"":""DIRECT"",""classificationConfidence"":""HIGH""}]",NO_CAPABILITY_APPLICABLE,,Training Function assignment does not imply complete exercise semantic coverage.,
1818,training-semantic-classifier-v2,training-semantic-registry-v2,7f7c6e88f31a7e4be4fb03761b58b380c6b37070297172a713b2d8a5ba9f14f8,a619932df9f2c4241330826cdd4b728164df7fa1672b2941e04fab621da8a78a,[],[],UNMODELED,,,
1819,training-semantic-classifier-v2,training-semantic-registry-v2,7f7c6e88f31a7e4be4fb03761b58b380c6b37070297172a713b2d8a5ba9f14f8,a619932df9f2c4241330826cdd4b728164df7fa1672b2941e04fab621da8a78a,[],[],UNMODELED,,,
1820,training-semantic-classifier-v2,training-semantic-registry-v2,7f7c6e88f31a7e4be4fb03761b58b380c6b37070297172a713b2d8a5ba9f14f8,a619932df9f2c4241330826cdd4b728164df7fa1672b2941e04fab621da8a78a,[],[],UNMODELED,,,
1821,training-semantic-classifier-v2,training-semantic-registry-v2,7f7c6e88f31a7e4be4fb03761b58b380c6b37070297172a713b2d8a5ba9f14f8,a619932df9f2c4241330826cdd4b728164df7fa1672b2941e04fab621da8a78a,[],[],UNMODELED,,,
1822,training-semantic-classifier-v2,training-semantic-registry-v2,7f7c6e88f31a7e4be4fb03761b58b380c6b37070297172a713b2d8a5ba9f14f8,a619932df9f2c4241330826cdd4b728164df7fa1672b2941e04fab621da8a78a,[],[],UNMODELED,,,
1823,training-semantic-classifier-v2,training-semantic-registry-v2,7f7c6e88f31a7e4be4fb03761b58b380c6b37070297172a713b2d8a5ba9f14f8,a619932df9f2c4241330826cdd4b728164df7fa1672b2941e04fab621da8a78a,[],[],INSUFFICIENT_EVIDENCE,,,
1824,training-semantic-classifier-v2,training-semantic-registry-v2,7f7c6e88f31a7e4be4fb03761b58b380c6b37070297172a713b2d8a5ba9f14f8,a619932df9f2c4241330826cdd4b728164df7fa1672b2941e04fab621da8a78a,[],[],NO_CAPABILITY_APPLICABLE,,,
1825,training-semantic-classifier-v2,training-semantic-registry-v2,7f7c6e88f31a7e4be4fb03761b58b380c6b37070297172a713b2d8a5ba9f14f8,a619932df9f2c4241330826cdd4b728164df7fa1672b2941e04fab621da8a78a,[],[],NO_CAPABILITY_APPLICABLE,,,SQUAT:sentadilla
1826,training-semantic-classifier-v2,training-semantic-registry-v2,7f7c6e88f31a7e4be4fb03761b58b380c6b37070297172a713b2d8a5ba9f14f8,a619932df9f2c4241330826cdd4b728164df7fa1672b2941e04fab621da8a78a,[],[],UNMODELED,,,
1827,training-semantic-classifier-v2,training-semantic-registry-v2,7f7c6e88f31a7e4be4fb03761b58b380c6b37070297172a713b2d8a5ba9f14f8,a619932df9f2c4241330826cdd4b728164df7fa1672b2941e04fab621da8a78a,[],[],UNMODELED,,,
1828,training-semantic-classifier-v2,training-semantic-registry-v2,7f7c6e88f31a7e4be4fb03761b58b380c6b37070297172a713b2d8a5ba9f14f8,a619932df9f2c4241330826cdd4b728164df7fa1672b2941e04fab621da8a78a,[],[],UNMODELED,,,
1829,training-semantic-classifier-v2,training-semantic-registry-v2,7f7c6e88f31a7e4be4fb03761b58b380c6b37070297172a713b2d8a5ba9f14f8,a619932df9f2c4241330826cdd4b728164df7fa1672b2941e04fab621da8a78a,[],[],UNMODELED,,,
1830,training-semantic-classifier-v2,training-semantic-registry-v2,7f7c6e88f31a7e4be4fb03761b58b380c6b37070297172a713b2d8a5ba9f14f8,a619932df9f2c4241330826cdd4b728164df7fa1672b2941e04fab621da8a78a,[],[],UNMODELED,,,
1831,training-semantic-classifier-v2,training-semantic-registry-v2,7f7c6e88f31a7e4be4fb03761b58b380c6b37070297172a713b2d8a5ba9f14f8,a619932df9f2c4241330826cdd4b728164df7fa1672b2941e04fab621da8a78a,[],[],UNMODELED,,,
1832,training-semantic-classifier-v2,training-semantic-registry-v2,7f7c6e88f31a7e4be4fb03761b58b380c6b37070297172a713b2d8a5ba9f14f8,a619932df9f2c4241330826cdd4b728164df7fa1672b2941e04fab621da8a78a,"[{""capabilityCode"":""BICEPS_CURL"",""relationType"":""DIRECT"",""classificationConfidence"":""EXPLICIT""}]",[],NO_CAPABILITY_APPLICABLE,,,
1833,training-semantic-classifier-v2,training-semantic-registry-v2,7f7c6e88f31a7e4be4fb03761b58b380c6b37070297172a713b2d8a5ba9f14f8,a619932df9f2c4241330826cdd4b728164df7fa1672b2941e04fab621da8a78a,[],[],NO_CAPABILITY_APPLICABLE,,,
1834,training-semantic-classifier-v2,training-semantic-registry-v2,7f7c6e88f31a7e4be4fb03761b58b380c6b37070297172a713b2d8a5ba9f14f8,a619932df9f2c4241330826cdd4b728164df7fa1672b2941e04fab621da8a78a,[],[],NO_CAPABILITY_APPLICABLE,,,
1835,training-semantic-classifier-v2,training-semantic-registry-v2,7f7c6e88f31a7e4be4fb03761b58b380c6b37070297172a713b2d8a5ba9f14f8,a619932df9f2c4241330826cdd4b728164df7fa1672b2941e04fab621da8a78a,[],[],NO_CAPABILITY_APPLICABLE,,,
1836,training-semantic-classifier-v2,training-semantic-registry-v2,7f7c6e88f31a7e4be4fb03761b58b380c6b37070297172a713b2d8a5ba9f14f8,a619932df9f2c4241330826cdd4b728164df7fa1672b2941e04fab621da8a78a,[],[],NO_CAPABILITY_APPLICABLE,,,
1837,training-semantic-classifier-v2,training-semantic-registry-v2,7f7c6e88f31a7e4be4fb03761b58b380c6b37070297172a713b2d8a5ba9f14f8,a619932df9f2c4241330826cdd4b728164df7fa1672b2941e04fab621da8a78a,[],[],NO_CAPABILITY_APPLICABLE,,,
1838,training-semantic-classifier-v2,training-semantic-registry-v2,7f7c6e88f31a7e4be4fb03761b58b380c6b37070297172a713b2d8a5ba9f14f8,a619932df9f2c4241330826cdd4b728164df7fa1672b2941e04fab621da8a78a,[],[],NO_CAPABILITY_APPLICABLE,,,
1839,training-semantic-classifier-v2,training-semantic-registry-v2,7f7c6e88f31a7e4be4fb03761b58b380c6b37070297172a713b2d8a5ba9f14f8,a619932df9f2c4241330826cdd4b728164df7fa1672b2941e04fab621da8a78a,[],[],UNMODELED,,,
1840,training-semantic-classifier-v2,training-semantic-registry-v2,7f7c6e88f31a7e4be4fb03761b58b380c6b37070297172a713b2d8a5ba9f14f8,a619932df9f2c4241330826cdd4b728164df7fa1672b2941e04fab621da8a78a,[],[],UNMODELED,,,
1841,training-semantic-classifier-v2,training-semantic-registry-v2,7f7c6e88f31a7e4be4fb03761b58b380c6b37070297172a713b2d8a5ba9f14f8,a619932df9f2c4241330826cdd4b728164df7fa1672b2941e04fab621da8a78a,[],[],UNMODELED,,,
1842,training-semantic-classifier-v2,training-semantic-registry-v2,7f7c6e88f31a7e4be4fb03761b58b380c6b37070297172a713b2d8a5ba9f14f8,a619932df9f2c4241330826cdd4b728164df7fa1672b2941e04fab621da8a78a,[],[],UNMODELED,,,
1843,training-semantic-classifier-v2,training-semantic-registry-v2,7f7c6e88f31a7e4be4fb03761b58b380c6b37070297172a713b2d8a5ba9f14f8,a619932df9f2c4241330826cdd4b728164df7fa1672b2941e04fab621da8a78a,[],[],UNMODELED,,,
1844,training-semantic-classifier-v2,training-semantic-registry-v2,7f7c6e88f31a7e4be4fb03761b58b380c6b37070297172a713b2d8a5ba9f14f8,a619932df9f2c4241330826cdd4b728164df7fa1672b2941e04fab621da8a78a,[],[],UNMODELED,,,
1845,training-semantic-classifier-v2,training-semantic-registry-v2,7f7c6e88f31a7e4be4fb03761b58b380c6b37070297172a713b2d8a5ba9f14f8,a619932df9f2c4241330826cdd4b728164df7fa1672b2941e04fab621da8a78a,[],[],UNMODELED,,,
1846,training-semantic-classifier-v2,training-semantic-registry-v2,7f7c6e88f31a7e4be4fb03761b58b380c6b37070297172a713b2d8a5ba9f14f8,a619932df9f2c4241330826cdd4b728164df7fa1672b2941e04fab621da8a78a,[],[],UNMODELED,,,
1847,training-semantic-classifier-v2,training-semantic-registry-v2,7f7c6e88f31a7e4be4fb03761b58b380c6b37070297172a713b2d8a5ba9f14f8,a619932df9f2c4241330826cdd4b728164df7fa1672b2941e04fab621da8a78a,[],[],UNMODELED,,,
1848,training-semantic-classifier-v2,training-semantic-registry-v2,7f7c6e88f31a7e4be4fb03761b58b380c6b37070297172a713b2d8a5ba9f14f8,a619932df9f2c4241330826cdd4b728164df7fa1672b2941e04fab621da8a78a,[],[],UNMODELED,,,
1849,training-semantic-classifier-v2,training-semantic-registry-v2,7f7c6e88f31a7e4be4fb03761b58b380c6b37070297172a713b2d8a5ba9f14f8,a619932df9f2c4241330826cdd4b728164df7fa1672b2941e04fab621da8a78a,[],[],UNMODELED,,,
1850,training-semantic-classifier-v2,training-semantic-registry-v2,7f7c6e88f31a7e4be4fb03761b58b380c6b37070297172a713b2d8a5ba9f14f8,a619932df9f2c4241330826cdd4b728164df7fa1672b2941e04fab621da8a78a,[],[],UNMODELED,,,
1851,training-semantic-classifier-v2,training-semantic-registry-v2,7f7c6e88f31a7e4be4fb03761b58b380c6b37070297172a713b2d8a5ba9f14f8,a619932df9f2c4241330826cdd4b728164df7fa1672b2941e04fab621da8a78a,[],[],UNMODELED,,,
1852,training-semantic-classifier-v2,training-semantic-registry-v2,7f7c6e88f31a7e4be4fb03761b58b380c6b37070297172a713b2d8a5ba9f14f8,a619932df9f2c4241330826cdd4b728164df7fa1672b2941e04fab621da8a78a,[],[],NO_CAPABILITY_APPLICABLE,,,
1853,training-semantic-classifier-v2,training-semantic-registry-v2,7f7c6e88f31a7e4be4fb03761b58b380c6b37070297172a713b2d8a5ba9f14f8,a619932df9f2c4241330826cdd4b728164df7fa1672b2941e04fab621da8a78a,[],[],UNMODELED,,,
1854,training-semantic-classifier-v2,training-semantic-registry-v2,7f7c6e88f31a7e4be4fb03761b58b380c6b37070297172a713b2d8a5ba9f14f8,a619932df9f2c4241330826cdd4b728164df7fa1672b2941e04fab621da8a78a,[],[],UNMODELED,,,
1855,training-semantic-classifier-v2,training-semantic-registry-v2,7f7c6e88f31a7e4be4fb03761b58b380c6b37070297172a713b2d8a5ba9f14f8,a619932df9f2c4241330826cdd4b728164df7fa1672b2941e04fab621da8a78a,[],[],UNMODELED,,,
1856,training-semantic-classifier-v2,training-semantic-registry-v2,7f7c6e88f31a7e4be4fb03761b58b380c6b37070297172a713b2d8a5ba9f14f8,a619932df9f2c4241330826cdd4b728164df7fa1672b2941e04fab621da8a78a,"[{""capabilityCode"":""DIP"",""relationType"":""DIRECT"",""classificationConfidence"":""EXPLICIT""},{""capabilityCode"":""PULL_UP"",""relationType"":""DIRECT"",""classificationConfidence"":""HIGH""}]","[{""functionCode"":""BARBELL_SUPPORT"",""relationType"":""DIRECT"",""classificationConfidence"":""EXPLICIT""},{""functionCode"":""BODYWEIGHT_SUPPORT"",""relationType"":""DIRECT"",""classificationConfidence"":""HIGH""}]",UNMODELED,,,
1857,training-semantic-classifier-v2,training-semantic-registry-v2,7f7c6e88f31a7e4be4fb03761b58b380c6b37070297172a713b2d8a5ba9f14f8,a619932df9f2c4241330826cdd4b728164df7fa1672b2941e04fab621da8a78a,[],[],UNMODELED,,,
1858,training-semantic-classifier-v2,training-semantic-registry-v2,7f7c6e88f31a7e4be4fb03761b58b380c6b37070297172a713b2d8a5ba9f14f8,a619932df9f2c4241330826cdd4b728164df7fa1672b2941e04fab621da8a78a,"[{""capabilityCode"":""PULL_UP"",""relationType"":""DIRECT"",""classificationConfidence"":""EXPLICIT""}]",[],UNMODELED,,,
1859,training-semantic-classifier-v2,training-semantic-registry-v2,7f7c6e88f31a7e4be4fb03761b58b380c6b37070297172a713b2d8a5ba9f14f8,a619932df9f2c4241330826cdd4b728164df7fa1672b2941e04fab621da8a78a,[],[],UNMODELED,,,
1860,training-semantic-classifier-v2,training-semantic-registry-v2,7f7c6e88f31a7e4be4fb03761b58b380c6b37070297172a713b2d8a5ba9f14f8,a619932df9f2c4241330826cdd4b728164df7fa1672b2941e04fab621da8a78a,[],[],UNMODELED,,,
1861,training-semantic-classifier-v2,training-semantic-registry-v2,7f7c6e88f31a7e4be4fb03761b58b380c6b37070297172a713b2d8a5ba9f14f8,a619932df9f2c4241330826cdd4b728164df7fa1672b2941e04fab621da8a78a,[],[],UNMODELED,,,
1862,training-semantic-classifier-v2,training-semantic-registry-v2,7f7c6e88f31a7e4be4fb03761b58b380c6b37070297172a713b2d8a5ba9f14f8,a619932df9f2c4241330826cdd4b728164df7fa1672b2941e04fab621da8a78a,"[{""capabilityCode"":""PULL_UP"",""relationType"":""SUPPORTED"",""classificationConfidence"":""HIGH""}]","[{""functionCode"":""GUIDED_BARBELL_SUPPORT"",""relationType"":""DIRECT"",""classificationConfidence"":""EXPLICIT""}]",UNMODELED,,SUPPORTED assignment requires explicit module/configuration evidence.,
1863,training-semantic-classifier-v2,training-semantic-registry-v2,7f7c6e88f31a7e4be4fb03761b58b380c6b37070297172a713b2d8a5ba9f14f8,a619932df9f2c4241330826cdd4b728164df7fa1672b2941e04fab621da8a78a,[],[],NO_CAPABILITY_APPLICABLE,,,
1864,training-semantic-classifier-v2,training-semantic-registry-v2,7f7c6e88f31a7e4be4fb03761b58b380c6b37070297172a713b2d8a5ba9f14f8,a619932df9f2c4241330826cdd4b728164df7fa1672b2941e04fab621da8a78a,[],[],UNMODELED,,,
1865,training-semantic-classifier-v2,training-semantic-registry-v2,7f7c6e88f31a7e4be4fb03761b58b380c6b37070297172a713b2d8a5ba9f14f8,a619932df9f2c4241330826cdd4b728164df7fa1672b2941e04fab621da8a78a,[],[],NO_CAPABILITY_APPLICABLE,,,
1866,training-semantic-classifier-v2,training-semantic-registry-v2,7f7c6e88f31a7e4be4fb03761b58b380c6b37070297172a713b2d8a5ba9f14f8,a619932df9f2c4241330826cdd4b728164df7fa1672b2941e04fab621da8a78a,[],[],UNMODELED,,,
1867,training-semantic-classifier-v2,training-semantic-registry-v2,7f7c6e88f31a7e4be4fb03761b58b380c6b37070297172a713b2d8a5ba9f14f8,a619932df9f2c4241330826cdd4b728164df7fa1672b2941e04fab621da8a78a,[],[],NO_CAPABILITY_APPLICABLE,,,
1868,training-semantic-classifier-v2,training-semantic-registry-v2,7f7c6e88f31a7e4be4fb03761b58b380c6b37070297172a713b2d8a5ba9f14f8,a619932df9f2c4241330826cdd4b728164df7fa1672b2941e04fab621da8a78a,[],[],NO_CAPABILITY_APPLICABLE,,,
1869,training-semantic-classifier-v2,training-semantic-registry-v2,7f7c6e88f31a7e4be4fb03761b58b380c6b37070297172a713b2d8a5ba9f14f8,a619932df9f2c4241330826cdd4b728164df7fa1672b2941e04fab621da8a78a,[],[],NO_CAPABILITY_APPLICABLE,,,SQUAT:sentadilla
1870,training-semantic-classifier-v2,training-semantic-registry-v2,7f7c6e88f31a7e4be4fb03761b58b380c6b37070297172a713b2d8a5ba9f14f8,a619932df9f2c4241330826cdd4b728164df7fa1672b2941e04fab621da8a78a,[],[],NO_CAPABILITY_APPLICABLE,,,
1871,training-semantic-classifier-v2,training-semantic-registry-v2,7f7c6e88f31a7e4be4fb03761b58b380c6b37070297172a713b2d8a5ba9f14f8,a619932df9f2c4241330826cdd4b728164df7fa1672b2941e04fab621da8a78a,[],[],NO_CAPABILITY_APPLICABLE,,,
1872,training-semantic-classifier-v2,training-semantic-registry-v2,7f7c6e88f31a7e4be4fb03761b58b380c6b37070297172a713b2d8a5ba9f14f8,a619932df9f2c4241330826cdd4b728164df7fa1672b2941e04fab621da8a78a,[],[],UNMODELED,,,
1873,training-semantic-classifier-v2,training-semantic-registry-v2,7f7c6e88f31a7e4be4fb03761b58b380c6b37070297172a713b2d8a5ba9f14f8,a619932df9f2c4241330826cdd4b728164df7fa1672b2941e04fab621da8a78a,[],[],NO_CAPABILITY_APPLICABLE,,,BICEPS_CURL:biceps curl
1874,training-semantic-classifier-v2,training-semantic-registry-v2,7f7c6e88f31a7e4be4fb03761b58b380c6b37070297172a713b2d8a5ba9f14f8,a619932df9f2c4241330826cdd4b728164df7fa1672b2941e04fab621da8a78a,[],[],NO_CAPABILITY_APPLICABLE,,,
1875,training-semantic-classifier-v2,training-semantic-registry-v2,7f7c6e88f31a7e4be4fb03761b58b380c6b37070297172a713b2d8a5ba9f14f8,a619932df9f2c4241330826cdd4b728164df7fa1672b2941e04fab621da8a78a,[],[],NO_CAPABILITY_APPLICABLE,,,
1876,training-semantic-classifier-v2,training-semantic-registry-v2,7f7c6e88f31a7e4be4fb03761b58b380c6b37070297172a713b2d8a5ba9f14f8,a619932df9f2c4241330826cdd4b728164df7fa1672b2941e04fab621da8a78a,[],[],NO_CAPABILITY_APPLICABLE,,,
1877,training-semantic-classifier-v2,training-semantic-registry-v2,7f7c6e88f31a7e4be4fb03761b58b380c6b37070297172a713b2d8a5ba9f14f8,a619932df9f2c4241330826cdd4b728164df7fa1672b2941e04fab621da8a78a,[],[],NO_CAPABILITY_APPLICABLE,,,
1878,training-semantic-classifier-v2,training-semantic-registry-v2,7f7c6e88f31a7e4be4fb03761b58b380c6b37070297172a713b2d8a5ba9f14f8,a619932df9f2c4241330826cdd4b728164df7fa1672b2941e04fab621da8a78a,[],[],NO_CAPABILITY_APPLICABLE,,,
1879,training-semantic-classifier-v2,training-semantic-registry-v2,7f7c6e88f31a7e4be4fb03761b58b380c6b37070297172a713b2d8a5ba9f14f8,a619932df9f2c4241330826cdd4b728164df7fa1672b2941e04fab621da8a78a,[],[],NO_CAPABILITY_APPLICABLE,,,
1880,training-semantic-classifier-v2,training-semantic-registry-v2,7f7c6e88f31a7e4be4fb03761b58b380c6b37070297172a713b2d8a5ba9f14f8,a619932df9f2c4241330826cdd4b728164df7fa1672b2941e04fab621da8a78a,"[{""capabilityCode"":""BICEPS_CURL"",""relationType"":""DIRECT"",""classificationConfidence"":""EXPLICIT""},{""capabilityCode"":""TRICEPS_EXTENSION"",""relationType"":""DIRECT"",""classificationConfidence"":""EXPLICIT""}]",[],UNMODELED,,,
1881,training-semantic-classifier-v2,training-semantic-registry-v2,7f7c6e88f31a7e4be4fb03761b58b380c6b37070297172a713b2d8a5ba9f14f8,a619932df9f2c4241330826cdd4b728164df7fa1672b2941e04fab621da8a78a,[],[],UNMODELED,,,
1882,training-semantic-classifier-v2,training-semantic-registry-v2,7f7c6e88f31a7e4be4fb03761b58b380c6b37070297172a713b2d8a5ba9f14f8,a619932df9f2c4241330826cdd4b728164df7fa1672b2941e04fab621da8a78a,[],[],UNMODELED,,,
1883,training-semantic-classifier-v2,training-semantic-registry-v2,7f7c6e88f31a7e4be4fb03761b58b380c6b37070297172a713b2d8a5ba9f14f8,a619932df9f2c4241330826cdd4b728164df7fa1672b2941e04fab621da8a78a,[],[],NO_CAPABILITY_APPLICABLE,,,
1884,training-semantic-classifier-v2,training-semantic-registry-v2,7f7c6e88f31a7e4be4fb03761b58b380c6b37070297172a713b2d8a5ba9f14f8,a619932df9f2c4241330826cdd4b728164df7fa1672b2941e04fab621da8a78a,"[{""capabilityCode"":""HACK_SQUAT"",""relationType"":""DIRECT"",""classificationConfidence"":""EXPLICIT""}]",[],UNMODELED,,,SQUAT:squat
1885,training-semantic-classifier-v2,training-semantic-registry-v2,7f7c6e88f31a7e4be4fb03761b58b380c6b37070297172a713b2d8a5ba9f14f8,a619932df9f2c4241330826cdd4b728164df7fa1672b2941e04fab621da8a78a,"[{""capabilityCode"":""ROW"",""relationType"":""DIRECT"",""classificationConfidence"":""EXPLICIT""}]",[],UNMODELED,,,
1886,training-semantic-classifier-v2,training-semantic-registry-v2,7f7c6e88f31a7e4be4fb03761b58b380c6b37070297172a713b2d8a5ba9f14f8,a619932df9f2c4241330826cdd4b728164df7fa1672b2941e04fab621da8a78a,"[{""capabilityCode"":""ROW"",""relationType"":""DIRECT"",""classificationConfidence"":""EXPLICIT""}]",[],UNMODELED,,,
1887,training-semantic-classifier-v2,training-semantic-registry-v2,7f7c6e88f31a7e4be4fb03761b58b380c6b37070297172a713b2d8a5ba9f14f8,a619932df9f2c4241330826cdd4b728164df7fa1672b2941e04fab621da8a78a,"[{""capabilityCode"":""LAT_PULLDOWN"",""relationType"":""DIRECT"",""classificationConfidence"":""EXPLICIT""},{""capabilityCode"":""ROW"",""relationType"":""DIRECT"",""classificationConfidence"":""EXPLICIT""}]","[{""functionCode"":""CABLE_RESISTANCE"",""relationType"":""DIRECT"",""classificationConfidence"":""EXPLICIT""}]",UNMODELED,,,
1888,training-semantic-classifier-v2,training-semantic-registry-v2,7f7c6e88f31a7e4be4fb03761b58b380c6b37070297172a713b2d8a5ba9f14f8,a619932df9f2c4241330826cdd4b728164df7fa1672b2941e04fab621da8a78a,[],[],NO_CAPABILITY_APPLICABLE,,,
1890,training-semantic-classifier-v2,training-semantic-registry-v2,7f7c6e88f31a7e4be4fb03761b58b380c6b37070297172a713b2d8a5ba9f14f8,a619932df9f2c4241330826cdd4b728164df7fa1672b2941e04fab621da8a78a,[],[],UNMODELED,,,
1892,training-semantic-classifier-v2,training-semantic-registry-v2,7f7c6e88f31a7e4be4fb03761b58b380c6b37070297172a713b2d8a5ba9f14f8,a619932df9f2c4241330826cdd4b728164df7fa1672b2941e04fab621da8a78a,[],[],NO_CAPABILITY_APPLICABLE,,,
1893,training-semantic-classifier-v2,training-semantic-registry-v2,7f7c6e88f31a7e4be4fb03761b58b380c6b37070297172a713b2d8a5ba9f14f8,a619932df9f2c4241330826cdd4b728164df7fa1672b2941e04fab621da8a78a,[],[],NO_CAPABILITY_APPLICABLE,,,
1894,training-semantic-classifier-v2,training-semantic-registry-v2,7f7c6e88f31a7e4be4fb03761b58b380c6b37070297172a713b2d8a5ba9f14f8,a619932df9f2c4241330826cdd4b728164df7fa1672b2941e04fab621da8a78a,[],[],UNMODELED,,,
1895,training-semantic-classifier-v2,training-semantic-registry-v2,7f7c6e88f31a7e4be4fb03761b58b380c6b37070297172a713b2d8a5ba9f14f8,a619932df9f2c4241330826cdd4b728164df7fa1672b2941e04fab621da8a78a,[],[],UNMODELED,,,
1896,training-semantic-classifier-v2,training-semantic-registry-v2,7f7c6e88f31a7e4be4fb03761b58b380c6b37070297172a713b2d8a5ba9f14f8,a619932df9f2c4241330826cdd4b728164df7fa1672b2941e04fab621da8a78a,[],[],NO_CAPABILITY_APPLICABLE,,,
1898,training-semantic-classifier-v2,training-semantic-registry-v2,7f7c6e88f31a7e4be4fb03761b58b380c6b37070297172a713b2d8a5ba9f14f8,a619932df9f2c4241330826cdd4b728164df7fa1672b2941e04fab621da8a78a,[],[],NO_CAPABILITY_APPLICABLE,,,
1899,training-semantic-classifier-v2,training-semantic-registry-v2,7f7c6e88f31a7e4be4fb03761b58b380c6b37070297172a713b2d8a5ba9f14f8,a619932df9f2c4241330826cdd4b728164df7fa1672b2941e04fab621da8a78a,[],[],UNMODELED,,,
1900,training-semantic-classifier-v2,training-semantic-registry-v2,7f7c6e88f31a7e4be4fb03761b58b380c6b37070297172a713b2d8a5ba9f14f8,a619932df9f2c4241330826cdd4b728164df7fa1672b2941e04fab621da8a78a,[],[],NO_CAPABILITY_APPLICABLE,,,
1901,training-semantic-classifier-v2,training-semantic-registry-v2,7f7c6e88f31a7e4be4fb03761b58b380c6b37070297172a713b2d8a5ba9f14f8,a619932df9f2c4241330826cdd4b728164df7fa1672b2941e04fab621da8a78a,[],[],NO_CAPABILITY_APPLICABLE,,,
1902,training-semantic-classifier-v2,training-semantic-registry-v2,7f7c6e88f31a7e4be4fb03761b58b380c6b37070297172a713b2d8a5ba9f14f8,a619932df9f2c4241330826cdd4b728164df7fa1672b2941e04fab621da8a78a,[],[],NO_CAPABILITY_APPLICABLE,,,
1903,training-semantic-classifier-v2,training-semantic-registry-v2,7f7c6e88f31a7e4be4fb03761b58b380c6b37070297172a713b2d8a5ba9f14f8,a619932df9f2c4241330826cdd4b728164df7fa1672b2941e04fab621da8a78a,[],[],NO_CAPABILITY_APPLICABLE,,,
1904,training-semantic-classifier-v2,training-semantic-registry-v2,7f7c6e88f31a7e4be4fb03761b58b380c6b37070297172a713b2d8a5ba9f14f8,a619932df9f2c4241330826cdd4b728164df7fa1672b2941e04fab621da8a78a,[],[],UNMODELED,,,
1905,training-semantic-classifier-v2,training-semantic-registry-v2,7f7c6e88f31a7e4be4fb03761b58b380c6b37070297172a713b2d8a5ba9f14f8,a619932df9f2c4241330826cdd4b728164df7fa1672b2941e04fab621da8a78a,[],[],NO_CAPABILITY_APPLICABLE,,,
1906,training-semantic-classifier-v2,training-semantic-registry-v2,7f7c6e88f31a7e4be4fb03761b58b380c6b37070297172a713b2d8a5ba9f14f8,a619932df9f2c4241330826cdd4b728164df7fa1672b2941e04fab621da8a78a,[],[],NO_CAPABILITY_APPLICABLE,,,
1907,training-semantic-classifier-v2,training-semantic-registry-v2,7f7c6e88f31a7e4be4fb03761b58b380c6b37070297172a713b2d8a5ba9f14f8,a619932df9f2c4241330826cdd4b728164df7fa1672b2941e04fab621da8a78a,[],[],NO_CAPABILITY_APPLICABLE,,,
1908,training-semantic-classifier-v2,training-semantic-registry-v2,7f7c6e88f31a7e4be4fb03761b58b380c6b37070297172a713b2d8a5ba9f14f8,a619932df9f2c4241330826cdd4b728164df7fa1672b2941e04fab621da8a78a,[],[],NO_CAPABILITY_APPLICABLE,,,
1909,training-semantic-classifier-v2,training-semantic-registry-v2,7f7c6e88f31a7e4be4fb03761b58b380c6b37070297172a713b2d8a5ba9f14f8,a619932df9f2c4241330826cdd4b728164df7fa1672b2941e04fab621da8a78a,[],[],UNMODELED,,,
1910,training-semantic-classifier-v2,training-semantic-registry-v2,7f7c6e88f31a7e4be4fb03761b58b380c6b37070297172a713b2d8a5ba9f14f8,a619932df9f2c4241330826cdd4b728164df7fa1672b2941e04fab621da8a78a,[],[],NO_CAPABILITY_APPLICABLE,,,
1911,training-semantic-classifier-v2,training-semantic-registry-v2,7f7c6e88f31a7e4be4fb03761b58b380c6b37070297172a713b2d8a5ba9f14f8,a619932df9f2c4241330826cdd4b728164df7fa1672b2941e04fab621da8a78a,"[{""capabilityCode"":""HIP_THRUST"",""relationType"":""DIRECT"",""classificationConfidence"":""EXPLICIT""}]",[],UNMODELED,,,
1912,training-semantic-classifier-v2,training-semantic-registry-v2,7f7c6e88f31a7e4be4fb03761b58b380c6b37070297172a713b2d8a5ba9f14f8,a619932df9f2c4241330826cdd4b728164df7fa1672b2941e04fab621da8a78a,[],[],UNMODELED,,,
1913,training-semantic-classifier-v2,training-semantic-registry-v2,7f7c6e88f31a7e4be4fb03761b58b380c6b37070297172a713b2d8a5ba9f14f8,a619932df9f2c4241330826cdd4b728164df7fa1672b2941e04fab621da8a78a,[],[],NO_CAPABILITY_APPLICABLE,,,
1915,training-semantic-classifier-v2,training-semantic-registry-v2,7f7c6e88f31a7e4be4fb03761b58b380c6b37070297172a713b2d8a5ba9f14f8,a619932df9f2c4241330826cdd4b728164df7fa1672b2941e04fab621da8a78a,[],[],UNMODELED,,,
1917,training-semantic-classifier-v2,training-semantic-registry-v2,7f7c6e88f31a7e4be4fb03761b58b380c6b37070297172a713b2d8a5ba9f14f8,a619932df9f2c4241330826cdd4b728164df7fa1672b2941e04fab621da8a78a,[],"[{""functionCode"":""CABLE_RESISTANCE"",""relationType"":""FAMILY_DERIVED"",""classificationConfidence"":""HIGH""}]",NO_CAPABILITY_APPLICABLE,,Training Function assignment does not imply complete exercise semantic coverage.,
1918,training-semantic-classifier-v2,training-semantic-registry-v2,7f7c6e88f31a7e4be4fb03761b58b380c6b37070297172a713b2d8a5ba9f14f8,a619932df9f2c4241330826cdd4b728164df7fa1672b2941e04fab621da8a78a,[],[],UNMODELED,,,
1919,training-semantic-classifier-v2,training-semantic-registry-v2,7f7c6e88f31a7e4be4fb03761b58b380c6b37070297172a713b2d8a5ba9f14f8,a619932df9f2c4241330826cdd4b728164df7fa1672b2941e04fab621da8a78a,[],"[{""functionCode"":""BARBELL_SUPPORT"",""relationType"":""DIRECT"",""classificationConfidence"":""EXPLICIT""}]",NO_CAPABILITY_APPLICABLE,,Training Function assignment does not imply complete exercise semantic coverage.,
1920,training-semantic-classifier-v2,training-semantic-registry-v2,7f7c6e88f31a7e4be4fb03761b58b380c6b37070297172a713b2d8a5ba9f14f8,a619932df9f2c4241330826cdd4b728164df7fa1672b2941e04fab621da8a78a,[],[],NO_CAPABILITY_APPLICABLE,,,
1921,training-semantic-classifier-v2,training-semantic-registry-v2,7f7c6e88f31a7e4be4fb03761b58b380c6b37070297172a713b2d8a5ba9f14f8,a619932df9f2c4241330826cdd4b728164df7fa1672b2941e04fab621da8a78a,[],"[{""functionCode"":""CABLE_RESISTANCE"",""relationType"":""DIRECT"",""classificationConfidence"":""HIGH""},{""functionCode"":""MULTI_DIRECTIONAL_RESISTANCE"",""relationType"":""DIRECT"",""classificationConfidence"":""EXPLICIT""}]",UNMODELED,,Training Function assignment does not imply complete exercise semantic coverage.,
1922,training-semantic-classifier-v2,training-semantic-registry-v2,7f7c6e88f31a7e4be4fb03761b58b380c6b37070297172a713b2d8a5ba9f14f8,a619932df9f2c4241330826cdd4b728164df7fa1672b2941e04fab621da8a78a,[],"[{""functionCode"":""CABLE_RESISTANCE"",""relationType"":""DIRECT"",""classificationConfidence"":""HIGH""},{""functionCode"":""GUIDED_BARBELL_SUPPORT"",""relationType"":""DIRECT"",""classificationConfidence"":""EXPLICIT""}]",UNMODELED,,Training Function assignment does not imply complete exercise semantic coverage.,
1923,training-semantic-classifier-v2,training-semantic-registry-v2,7f7c6e88f31a7e4be4fb03761b58b380c6b37070297172a713b2d8a5ba9f14f8,a619932df9f2c4241330826cdd4b728164df7fa1672b2941e04fab621da8a78a,"[{""capabilityCode"":""LEG_PRESS"",""relationType"":""DIRECT"",""classificationConfidence"":""EXPLICIT""}]",[],UNMODELED,,,
1924,training-semantic-classifier-v2,training-semantic-registry-v2,7f7c6e88f31a7e4be4fb03761b58b380c6b37070297172a713b2d8a5ba9f14f8,a619932df9f2c4241330826cdd4b728164df7fa1672b2941e04fab621da8a78a,"[{""capabilityCode"":""LEG_PRESS"",""relationType"":""DIRECT"",""classificationConfidence"":""EXPLICIT""}]",[],UNMODELED,,,
1925,training-semantic-classifier-v2,training-semantic-registry-v2,7f7c6e88f31a7e4be4fb03761b58b380c6b37070297172a713b2d8a5ba9f14f8,a619932df9f2c4241330826cdd4b728164df7fa1672b2941e04fab621da8a78a,[],[],UNMODELED,,,
1926,training-semantic-classifier-v2,training-semantic-registry-v2,7f7c6e88f31a7e4be4fb03761b58b380c6b37070297172a713b2d8a5ba9f14f8,a619932df9f2c4241330826cdd4b728164df7fa1672b2941e04fab621da8a78a,[],[],UNMODELED,,,
1927,training-semantic-classifier-v2,training-semantic-registry-v2,7f7c6e88f31a7e4be4fb03761b58b380c6b37070297172a713b2d8a5ba9f14f8,a619932df9f2c4241330826cdd4b728164df7fa1672b2941e04fab621da8a78a,[],[],UNMODELED,,,
1928,training-semantic-classifier-v2,training-semantic-registry-v2,7f7c6e88f31a7e4be4fb03761b58b380c6b37070297172a713b2d8a5ba9f14f8,a619932df9f2c4241330826cdd4b728164df7fa1672b2941e04fab621da8a78a,[],[],UNMODELED,,,
1929,training-semantic-classifier-v2,training-semantic-registry-v2,7f7c6e88f31a7e4be4fb03761b58b380c6b37070297172a713b2d8a5ba9f14f8,a619932df9f2c4241330826cdd4b728164df7fa1672b2941e04fab621da8a78a,[],[],UNMODELED,,,
1930,training-semantic-classifier-v2,training-semantic-registry-v2,7f7c6e88f31a7e4be4fb03761b58b380c6b37070297172a713b2d8a5ba9f14f8,a619932df9f2c4241330826cdd4b728164df7fa1672b2941e04fab621da8a78a,[],[],UNMODELED,,,
1931,training-semantic-classifier-v2,training-semantic-registry-v2,7f7c6e88f31a7e4be4fb03761b58b380c6b37070297172a713b2d8a5ba9f14f8,a619932df9f2c4241330826cdd4b728164df7fa1672b2941e04fab621da8a78a,[],[],UNMODELED,,,
1932,training-semantic-classifier-v2,training-semantic-registry-v2,7f7c6e88f31a7e4be4fb03761b58b380c6b37070297172a713b2d8a5ba9f14f8,a619932df9f2c4241330826cdd4b728164df7fa1672b2941e04fab621da8a78a,[],[],UNMODELED,,,
1933,training-semantic-classifier-v2,training-semantic-registry-v2,7f7c6e88f31a7e4be4fb03761b58b380c6b37070297172a713b2d8a5ba9f14f8,a619932df9f2c4241330826cdd4b728164df7fa1672b2941e04fab621da8a78a,[],[],NO_CAPABILITY_APPLICABLE,,,
1934,training-semantic-classifier-v2,training-semantic-registry-v2,7f7c6e88f31a7e4be4fb03761b58b380c6b37070297172a713b2d8a5ba9f14f8,a619932df9f2c4241330826cdd4b728164df7fa1672b2941e04fab621da8a78a,[],[],NO_CAPABILITY_APPLICABLE,,,
1935,training-semantic-classifier-v2,training-semantic-registry-v2,7f7c6e88f31a7e4be4fb03761b58b380c6b37070297172a713b2d8a5ba9f14f8,a619932df9f2c4241330826cdd4b728164df7fa1672b2941e04fab621da8a78a,[],[],UNMODELED,,,
1936,training-semantic-classifier-v2,training-semantic-registry-v2,7f7c6e88f31a7e4be4fb03761b58b380c6b37070297172a713b2d8a5ba9f14f8,a619932df9f2c4241330826cdd4b728164df7fa1672b2941e04fab621da8a78a,[],[],UNMODELED,,,
1937,training-semantic-classifier-v2,training-semantic-registry-v2,7f7c6e88f31a7e4be4fb03761b58b380c6b37070297172a713b2d8a5ba9f14f8,a619932df9f2c4241330826cdd4b728164df7fa1672b2941e04fab621da8a78a,[],[],UNMODELED,,,
1938,training-semantic-classifier-v2,training-semantic-registry-v2,7f7c6e88f31a7e4be4fb03761b58b380c6b37070297172a713b2d8a5ba9f14f8,a619932df9f2c4241330826cdd4b728164df7fa1672b2941e04fab621da8a78a,[],[],UNMODELED,,,
1939,training-semantic-classifier-v2,training-semantic-registry-v2,7f7c6e88f31a7e4be4fb03761b58b380c6b37070297172a713b2d8a5ba9f14f8,a619932df9f2c4241330826cdd4b728164df7fa1672b2941e04fab621da8a78a,[],"[{""functionCode"":""BARBELL_SUPPORT"",""relationType"":""DIRECT"",""classificationConfidence"":""EXPLICIT""}]",NO_CAPABILITY_APPLICABLE,,Training Function assignment does not imply complete exercise semantic coverage.,
1941,training-semantic-classifier-v2,training-semantic-registry-v2,7f7c6e88f31a7e4be4fb03761b58b380c6b37070297172a713b2d8a5ba9f14f8,a619932df9f2c4241330826cdd4b728164df7fa1672b2941e04fab621da8a78a,[],"[{""functionCode"":""BARBELL_SUPPORT"",""relationType"":""DIRECT"",""classificationConfidence"":""EXPLICIT""}]",NO_CAPABILITY_APPLICABLE,,Training Function assignment does not imply complete exercise semantic coverage.,
1942,training-semantic-classifier-v2,training-semantic-registry-v2,7f7c6e88f31a7e4be4fb03761b58b380c6b37070297172a713b2d8a5ba9f14f8,a619932df9f2c4241330826cdd4b728164df7fa1672b2941e04fab621da8a78a,[],[],NO_CAPABILITY_APPLICABLE,,,
1943,training-semantic-classifier-v2,training-semantic-registry-v2,7f7c6e88f31a7e4be4fb03761b58b380c6b37070297172a713b2d8a5ba9f14f8,a619932df9f2c4241330826cdd4b728164df7fa1672b2941e04fab621da8a78a,[],[],NO_CAPABILITY_APPLICABLE,,,
1944,training-semantic-classifier-v2,training-semantic-registry-v2,7f7c6e88f31a7e4be4fb03761b58b380c6b37070297172a713b2d8a5ba9f14f8,a619932df9f2c4241330826cdd4b728164df7fa1672b2941e04fab621da8a78a,[],[],UNMODELED,,,
1945,training-semantic-classifier-v2,training-semantic-registry-v2,7f7c6e88f31a7e4be4fb03761b58b380c6b37070297172a713b2d8a5ba9f14f8,a619932df9f2c4241330826cdd4b728164df7fa1672b2941e04fab621da8a78a,[],[],UNMODELED,,,
1946,training-semantic-classifier-v2,training-semantic-registry-v2,7f7c6e88f31a7e4be4fb03761b58b380c6b37070297172a713b2d8a5ba9f14f8,a619932df9f2c4241330826cdd4b728164df7fa1672b2941e04fab621da8a78a,[],[],UNMODELED,,,
1947,training-semantic-classifier-v2,training-semantic-registry-v2,7f7c6e88f31a7e4be4fb03761b58b380c6b37070297172a713b2d8a5ba9f14f8,a619932df9f2c4241330826cdd4b728164df7fa1672b2941e04fab621da8a78a,[],[],UNMODELED,,,
1948,training-semantic-classifier-v2,training-semantic-registry-v2,7f7c6e88f31a7e4be4fb03761b58b380c6b37070297172a713b2d8a5ba9f14f8,a619932df9f2c4241330826cdd4b728164df7fa1672b2941e04fab621da8a78a,[],[],UNMODELED,,,
1949,training-semantic-classifier-v2,training-semantic-registry-v2,7f7c6e88f31a7e4be4fb03761b58b380c6b37070297172a713b2d8a5ba9f14f8,a619932df9f2c4241330826cdd4b728164df7fa1672b2941e04fab621da8a78a,[],[],UNMODELED,,,
1950,training-semantic-classifier-v2,training-semantic-registry-v2,7f7c6e88f31a7e4be4fb03761b58b380c6b37070297172a713b2d8a5ba9f14f8,a619932df9f2c4241330826cdd4b728164df7fa1672b2941e04fab621da8a78a,[],[],NO_CAPABILITY_APPLICABLE,,,
1951,training-semantic-classifier-v2,training-semantic-registry-v2,7f7c6e88f31a7e4be4fb03761b58b380c6b37070297172a713b2d8a5ba9f14f8,a619932df9f2c4241330826cdd4b728164df7fa1672b2941e04fab621da8a78a,[],[],NO_CAPABILITY_APPLICABLE,,,
1952,training-semantic-classifier-v2,training-semantic-registry-v2,7f7c6e88f31a7e4be4fb03761b58b380c6b37070297172a713b2d8a5ba9f14f8,a619932df9f2c4241330826cdd4b728164df7fa1672b2941e04fab621da8a78a,[],[],UNMODELED,,,
1953,training-semantic-classifier-v2,training-semantic-registry-v2,7f7c6e88f31a7e4be4fb03761b58b380c6b37070297172a713b2d8a5ba9f14f8,a619932df9f2c4241330826cdd4b728164df7fa1672b2941e04fab621da8a78a,[],[],UNMODELED,,,
1954,training-semantic-classifier-v2,training-semantic-registry-v2,7f7c6e88f31a7e4be4fb03761b58b380c6b37070297172a713b2d8a5ba9f14f8,a619932df9f2c4241330826cdd4b728164df7fa1672b2941e04fab621da8a78a,[],[],UNMODELED,,,
1955,training-semantic-classifier-v2,training-semantic-registry-v2,7f7c6e88f31a7e4be4fb03761b58b380c6b37070297172a713b2d8a5ba9f14f8,a619932df9f2c4241330826cdd4b728164df7fa1672b2941e04fab621da8a78a,[],[],UNMODELED,,,
1956,training-semantic-classifier-v2,training-semantic-registry-v2,7f7c6e88f31a7e4be4fb03761b58b380c6b37070297172a713b2d8a5ba9f14f8,a619932df9f2c4241330826cdd4b728164df7fa1672b2941e04fab621da8a78a,[],[],UNMODELED,,,
1957,training-semantic-classifier-v2,training-semantic-registry-v2,7f7c6e88f31a7e4be4fb03761b58b380c6b37070297172a713b2d8a5ba9f14f8,a619932df9f2c4241330826cdd4b728164df7fa1672b2941e04fab621da8a78a,[],[],UNMODELED,,,
1959,training-semantic-classifier-v2,training-semantic-registry-v2,7f7c6e88f31a7e4be4fb03761b58b380c6b37070297172a713b2d8a5ba9f14f8,a619932df9f2c4241330826cdd4b728164df7fa1672b2941e04fab621da8a78a,[],[],UNMODELED,,,
1960,training-semantic-classifier-v2,training-semantic-registry-v2,7f7c6e88f31a7e4be4fb03761b58b380c6b37070297172a713b2d8a5ba9f14f8,a619932df9f2c4241330826cdd4b728164df7fa1672b2941e04fab621da8a78a,[],[],UNMODELED,,,
1961,training-semantic-classifier-v2,training-semantic-registry-v2,7f7c6e88f31a7e4be4fb03761b58b380c6b37070297172a713b2d8a5ba9f14f8,a619932df9f2c4241330826cdd4b728164df7fa1672b2941e04fab621da8a78a,[],[],NO_CAPABILITY_APPLICABLE,,,
1962,training-semantic-classifier-v2,training-semantic-registry-v2,7f7c6e88f31a7e4be4fb03761b58b380c6b37070297172a713b2d8a5ba9f14f8,a619932df9f2c4241330826cdd4b728164df7fa1672b2941e04fab621da8a78a,[],[],NO_CAPABILITY_APPLICABLE,,,
1963,training-semantic-classifier-v2,training-semantic-registry-v2,7f7c6e88f31a7e4be4fb03761b58b380c6b37070297172a713b2d8a5ba9f14f8,a619932df9f2c4241330826cdd4b728164df7fa1672b2941e04fab621da8a78a,[],[],NO_CAPABILITY_APPLICABLE,,,
1964,training-semantic-classifier-v2,training-semantic-registry-v2,7f7c6e88f31a7e4be4fb03761b58b380c6b37070297172a713b2d8a5ba9f14f8,a619932df9f2c4241330826cdd4b728164df7fa1672b2941e04fab621da8a78a,[],[],NO_CAPABILITY_APPLICABLE,,,
1965,training-semantic-classifier-v2,training-semantic-registry-v2,7f7c6e88f31a7e4be4fb03761b58b380c6b37070297172a713b2d8a5ba9f14f8,a619932df9f2c4241330826cdd4b728164df7fa1672b2941e04fab621da8a78a,[],[],NO_CAPABILITY_APPLICABLE,,,
1966,training-semantic-classifier-v2,training-semantic-registry-v2,7f7c6e88f31a7e4be4fb03761b58b380c6b37070297172a713b2d8a5ba9f14f8,a619932df9f2c4241330826cdd4b728164df7fa1672b2941e04fab621da8a78a,[],[],UNMODELED,,,
1967,training-semantic-classifier-v2,training-semantic-registry-v2,7f7c6e88f31a7e4be4fb03761b58b380c6b37070297172a713b2d8a5ba9f14f8,a619932df9f2c4241330826cdd4b728164df7fa1672b2941e04fab621da8a78a,[],[],UNMODELED,,,
1968,training-semantic-classifier-v2,training-semantic-registry-v2,7f7c6e88f31a7e4be4fb03761b58b380c6b37070297172a713b2d8a5ba9f14f8,a619932df9f2c4241330826cdd4b728164df7fa1672b2941e04fab621da8a78a,[],[],UNMODELED,,,
1969,training-semantic-classifier-v2,training-semantic-registry-v2,7f7c6e88f31a7e4be4fb03761b58b380c6b37070297172a713b2d8a5ba9f14f8,a619932df9f2c4241330826cdd4b728164df7fa1672b2941e04fab621da8a78a,[],[],UNMODELED,,,
1970,training-semantic-classifier-v2,training-semantic-registry-v2,7f7c6e88f31a7e4be4fb03761b58b380c6b37070297172a713b2d8a5ba9f14f8,a619932df9f2c4241330826cdd4b728164df7fa1672b2941e04fab621da8a78a,[],[],UNMODELED,,,
1971,training-semantic-classifier-v2,training-semantic-registry-v2,7f7c6e88f31a7e4be4fb03761b58b380c6b37070297172a713b2d8a5ba9f14f8,a619932df9f2c4241330826cdd4b728164df7fa1672b2941e04fab621da8a78a,[],[],NO_CAPABILITY_APPLICABLE,,,
1972,training-semantic-classifier-v2,training-semantic-registry-v2,7f7c6e88f31a7e4be4fb03761b58b380c6b37070297172a713b2d8a5ba9f14f8,a619932df9f2c4241330826cdd4b728164df7fa1672b2941e04fab621da8a78a,[],[],NO_CAPABILITY_APPLICABLE,,,
1973,training-semantic-classifier-v2,training-semantic-registry-v2,7f7c6e88f31a7e4be4fb03761b58b380c6b37070297172a713b2d8a5ba9f14f8,a619932df9f2c4241330826cdd4b728164df7fa1672b2941e04fab621da8a78a,[],[],NO_CAPABILITY_APPLICABLE,,,
1974,training-semantic-classifier-v2,training-semantic-registry-v2,7f7c6e88f31a7e4be4fb03761b58b380c6b37070297172a713b2d8a5ba9f14f8,a619932df9f2c4241330826cdd4b728164df7fa1672b2941e04fab621da8a78a,[],"[{""functionCode"":""CABLE_RESISTANCE"",""relationType"":""DIRECT"",""classificationConfidence"":""HIGH""},{""functionCode"":""MULTI_DIRECTIONAL_RESISTANCE"",""relationType"":""DIRECT"",""classificationConfidence"":""EXPLICIT""}]",UNMODELED,,Training Function assignment does not imply complete exercise semantic coverage.,
1975,training-semantic-classifier-v2,training-semantic-registry-v2,7f7c6e88f31a7e4be4fb03761b58b380c6b37070297172a713b2d8a5ba9f14f8,a619932df9f2c4241330826cdd4b728164df7fa1672b2941e04fab621da8a78a,[],[],UNMODELED,,,
1976,training-semantic-classifier-v2,training-semantic-registry-v2,7f7c6e88f31a7e4be4fb03761b58b380c6b37070297172a713b2d8a5ba9f14f8,a619932df9f2c4241330826cdd4b728164df7fa1672b2941e04fab621da8a78a,[],[],NO_CAPABILITY_APPLICABLE,,,
1977,training-semantic-classifier-v2,training-semantic-registry-v2,7f7c6e88f31a7e4be4fb03761b58b380c6b37070297172a713b2d8a5ba9f14f8,a619932df9f2c4241330826cdd4b728164df7fa1672b2941e04fab621da8a78a,[],[],UNMODELED,,,
1978,training-semantic-classifier-v2,training-semantic-registry-v2,7f7c6e88f31a7e4be4fb03761b58b380c6b37070297172a713b2d8a5ba9f14f8,a619932df9f2c4241330826cdd4b728164df7fa1672b2941e04fab621da8a78a,[],[],UNMODELED,,,
1979,training-semantic-classifier-v2,training-semantic-registry-v2,7f7c6e88f31a7e4be4fb03761b58b380c6b37070297172a713b2d8a5ba9f14f8,a619932df9f2c4241330826cdd4b728164df7fa1672b2941e04fab621da8a78a,[],[],UNMODELED,,,
1981,training-semantic-classifier-v2,training-semantic-registry-v2,7f7c6e88f31a7e4be4fb03761b58b380c6b37070297172a713b2d8a5ba9f14f8,a619932df9f2c4241330826cdd4b728164df7fa1672b2941e04fab621da8a78a,[],[],NO_CAPABILITY_APPLICABLE,,,SQUAT:sentadilla
1982,training-semantic-classifier-v2,training-semantic-registry-v2,7f7c6e88f31a7e4be4fb03761b58b380c6b37070297172a713b2d8a5ba9f14f8,a619932df9f2c4241330826cdd4b728164df7fa1672b2941e04fab621da8a78a,[],[],NO_CAPABILITY_APPLICABLE,,,
1984,training-semantic-classifier-v2,training-semantic-registry-v2,7f7c6e88f31a7e4be4fb03761b58b380c6b37070297172a713b2d8a5ba9f14f8,a619932df9f2c4241330826cdd4b728164df7fa1672b2941e04fab621da8a78a,[],"[{""functionCode"":""CABLE_RESISTANCE"",""relationType"":""DIRECT"",""classificationConfidence"":""EXPLICIT""}]",INSUFFICIENT_EVIDENCE,,Training Function assignment does not imply complete exercise semantic coverage.,
1985,training-semantic-classifier-v2,training-semantic-registry-v2,7f7c6e88f31a7e4be4fb03761b58b380c6b37070297172a713b2d8a5ba9f14f8,a619932df9f2c4241330826cdd4b728164df7fa1672b2941e04fab621da8a78a,"[{""capabilityCode"":""HIP_THRUST"",""relationType"":""DIRECT"",""classificationConfidence"":""EXPLICIT""}]",[],UNMODELED,,,
1986,training-semantic-classifier-v2,training-semantic-registry-v2,7f7c6e88f31a7e4be4fb03761b58b380c6b37070297172a713b2d8a5ba9f14f8,a619932df9f2c4241330826cdd4b728164df7fa1672b2941e04fab621da8a78a,[],[],UNMODELED,,,
1987,training-semantic-classifier-v2,training-semantic-registry-v2,7f7c6e88f31a7e4be4fb03761b58b380c6b37070297172a713b2d8a5ba9f14f8,a619932df9f2c4241330826cdd4b728164df7fa1672b2941e04fab621da8a78a,[],[],NO_CAPABILITY_APPLICABLE,,,
1988,training-semantic-classifier-v2,training-semantic-registry-v2,7f7c6e88f31a7e4be4fb03761b58b380c6b37070297172a713b2d8a5ba9f14f8,a619932df9f2c4241330826cdd4b728164df7fa1672b2941e04fab621da8a78a,[],[],NO_CAPABILITY_APPLICABLE,,,BICEPS_CURL:biceps curl
1989,training-semantic-classifier-v2,training-semantic-registry-v2,7f7c6e88f31a7e4be4fb03761b58b380c6b37070297172a713b2d8a5ba9f14f8,a619932df9f2c4241330826cdd4b728164df7fa1672b2941e04fab621da8a78a,[],[],NO_CAPABILITY_APPLICABLE,,,
1991,training-semantic-classifier-v2,training-semantic-registry-v2,7f7c6e88f31a7e4be4fb03761b58b380c6b37070297172a713b2d8a5ba9f14f8,a619932df9f2c4241330826cdd4b728164df7fa1672b2941e04fab621da8a78a,[],[],NO_CAPABILITY_APPLICABLE,,,
1992,training-semantic-classifier-v2,training-semantic-registry-v2,7f7c6e88f31a7e4be4fb03761b58b380c6b37070297172a713b2d8a5ba9f14f8,a619932df9f2c4241330826cdd4b728164df7fa1672b2941e04fab621da8a78a,[],[],NO_CAPABILITY_APPLICABLE,,,
1993,training-semantic-classifier-v2,training-semantic-registry-v2,7f7c6e88f31a7e4be4fb03761b58b380c6b37070297172a713b2d8a5ba9f14f8,a619932df9f2c4241330826cdd4b728164df7fa1672b2941e04fab621da8a78a,[],[],NO_CAPABILITY_APPLICABLE,,,
1994,training-semantic-classifier-v2,training-semantic-registry-v2,7f7c6e88f31a7e4be4fb03761b58b380c6b37070297172a713b2d8a5ba9f14f8,a619932df9f2c4241330826cdd4b728164df7fa1672b2941e04fab621da8a78a,[],[],UNMODELED,,,
1995,training-semantic-classifier-v2,training-semantic-registry-v2,7f7c6e88f31a7e4be4fb03761b58b380c6b37070297172a713b2d8a5ba9f14f8,a619932df9f2c4241330826cdd4b728164df7fa1672b2941e04fab621da8a78a,[],[],NO_CAPABILITY_APPLICABLE,,,
1996,training-semantic-classifier-v2,training-semantic-registry-v2,7f7c6e88f31a7e4be4fb03761b58b380c6b37070297172a713b2d8a5ba9f14f8,a619932df9f2c4241330826cdd4b728164df7fa1672b2941e04fab621da8a78a,[],"[{""functionCode"":""CABLE_RESISTANCE"",""relationType"":""DIRECT"",""classificationConfidence"":""EXPLICIT""}]",NO_CAPABILITY_APPLICABLE,,Training Function assignment does not imply complete exercise semantic coverage.,
1997,training-semantic-classifier-v2,training-semantic-registry-v2,7f7c6e88f31a7e4be4fb03761b58b380c6b37070297172a713b2d8a5ba9f14f8,a619932df9f2c4241330826cdd4b728164df7fa1672b2941e04fab621da8a78a,[],[],NO_CAPABILITY_APPLICABLE,,,
1998,training-semantic-classifier-v2,training-semantic-registry-v2,7f7c6e88f31a7e4be4fb03761b58b380c6b37070297172a713b2d8a5ba9f14f8,a619932df9f2c4241330826cdd4b728164df7fa1672b2941e04fab621da8a78a,[],[],NO_CAPABILITY_APPLICABLE,,,
1999,training-semantic-classifier-v2,training-semantic-registry-v2,7f7c6e88f31a7e4be4fb03761b58b380c6b37070297172a713b2d8a5ba9f14f8,a619932df9f2c4241330826cdd4b728164df7fa1672b2941e04fab621da8a78a,[],"[{""functionCode"":""BARBELL_SUPPORT"",""relationType"":""DIRECT"",""classificationConfidence"":""EXPLICIT""},{""functionCode"":""CABLE_RESISTANCE"",""relationType"":""DIRECT"",""classificationConfidence"":""EXPLICIT""}]",NO_CAPABILITY_APPLICABLE,,Training Function assignment does not imply complete exercise semantic coverage.,
2000,training-semantic-classifier-v2,training-semantic-registry-v2,7f7c6e88f31a7e4be4fb03761b58b380c6b37070297172a713b2d8a5ba9f14f8,a619932df9f2c4241330826cdd4b728164df7fa1672b2941e04fab621da8a78a,[],[],NO_CAPABILITY_APPLICABLE,,,
2001,training-semantic-classifier-v2,training-semantic-registry-v2,7f7c6e88f31a7e4be4fb03761b58b380c6b37070297172a713b2d8a5ba9f14f8,a619932df9f2c4241330826cdd4b728164df7fa1672b2941e04fab621da8a78a,[],[],NO_CAPABILITY_APPLICABLE,,,
2002,training-semantic-classifier-v2,training-semantic-registry-v2,7f7c6e88f31a7e4be4fb03761b58b380c6b37070297172a713b2d8a5ba9f14f8,a619932df9f2c4241330826cdd4b728164df7fa1672b2941e04fab621da8a78a,[],[],NO_CAPABILITY_APPLICABLE,,,
2003,training-semantic-classifier-v2,training-semantic-registry-v2,7f7c6e88f31a7e4be4fb03761b58b380c6b37070297172a713b2d8a5ba9f14f8,a619932df9f2c4241330826cdd4b728164df7fa1672b2941e04fab621da8a78a,[],[],NO_CAPABILITY_APPLICABLE,,,
2004,training-semantic-classifier-v2,training-semantic-registry-v2,7f7c6e88f31a7e4be4fb03761b58b380c6b37070297172a713b2d8a5ba9f14f8,a619932df9f2c4241330826cdd4b728164df7fa1672b2941e04fab621da8a78a,[],"[{""functionCode"":""BODYWEIGHT_SUPPORT"",""relationType"":""DIRECT"",""classificationConfidence"":""HIGH""}]",NO_CAPABILITY_APPLICABLE,,Training Function assignment does not imply complete exercise semantic coverage.,
2005,training-semantic-classifier-v2,training-semantic-registry-v2,7f7c6e88f31a7e4be4fb03761b58b380c6b37070297172a713b2d8a5ba9f14f8,a619932df9f2c4241330826cdd4b728164df7fa1672b2941e04fab621da8a78a,[],[],NO_CAPABILITY_APPLICABLE,,,
2006,training-semantic-classifier-v2,training-semantic-registry-v2,7f7c6e88f31a7e4be4fb03761b58b380c6b37070297172a713b2d8a5ba9f14f8,a619932df9f2c4241330826cdd4b728164df7fa1672b2941e04fab621da8a78a,[],"[{""functionCode"":""CABLE_RESISTANCE"",""relationType"":""DIRECT"",""classificationConfidence"":""EXPLICIT""}]",NO_CAPABILITY_APPLICABLE,,Training Function assignment does not imply complete exercise semantic coverage.,
2007,training-semantic-classifier-v2,training-semantic-registry-v2,7f7c6e88f31a7e4be4fb03761b58b380c6b37070297172a713b2d8a5ba9f14f8,a619932df9f2c4241330826cdd4b728164df7fa1672b2941e04fab621da8a78a,"[{""capabilityCode"":""PULL_UP"",""relationType"":""DIRECT"",""classificationConfidence"":""EXPLICIT""}]",[],NO_CAPABILITY_APPLICABLE,,,
2008,training-semantic-classifier-v2,training-semantic-registry-v2,7f7c6e88f31a7e4be4fb03761b58b380c6b37070297172a713b2d8a5ba9f14f8,a619932df9f2c4241330826cdd4b728164df7fa1672b2941e04fab621da8a78a,[],"[{""functionCode"":""CABLE_RESISTANCE"",""relationType"":""DIRECT"",""classificationConfidence"":""EXPLICIT""}]",NO_CAPABILITY_APPLICABLE,,Training Function assignment does not imply complete exercise semantic coverage.,
2009,training-semantic-classifier-v2,training-semantic-registry-v2,7f7c6e88f31a7e4be4fb03761b58b380c6b37070297172a713b2d8a5ba9f14f8,a619932df9f2c4241330826cdd4b728164df7fa1672b2941e04fab621da8a78a,[],"[{""functionCode"":""BARBELL_SUPPORT"",""relationType"":""DIRECT"",""classificationConfidence"":""EXPLICIT""}]",NO_CAPABILITY_APPLICABLE,,Training Function assignment does not imply complete exercise semantic coverage.,
2010,training-semantic-classifier-v2,training-semantic-registry-v2,7f7c6e88f31a7e4be4fb03761b58b380c6b37070297172a713b2d8a5ba9f14f8,a619932df9f2c4241330826cdd4b728164df7fa1672b2941e04fab621da8a78a,"[{""capabilityCode"":""LEG_PRESS"",""relationType"":""DIRECT"",""classificationConfidence"":""EXPLICIT""}]",[],UNMODELED,,,
2011,training-semantic-classifier-v2,training-semantic-registry-v2,7f7c6e88f31a7e4be4fb03761b58b380c6b37070297172a713b2d8a5ba9f14f8,a619932df9f2c4241330826cdd4b728164df7fa1672b2941e04fab621da8a78a,[],[],INSUFFICIENT_EVIDENCE,,,
2012,training-semantic-classifier-v2,training-semantic-registry-v2,7f7c6e88f31a7e4be4fb03761b58b380c6b37070297172a713b2d8a5ba9f14f8,a619932df9f2c4241330826cdd4b728164df7fa1672b2941e04fab621da8a78a,"[{""capabilityCode"":""LAT_PULLDOWN"",""relationType"":""DIRECT"",""classificationConfidence"":""EXPLICIT""},{""capabilityCode"":""ROW"",""relationType"":""DIRECT"",""classificationConfidence"":""EXPLICIT""}]","[{""functionCode"":""CABLE_RESISTANCE"",""relationType"":""DIRECT"",""classificationConfidence"":""EXPLICIT""}]",UNMODELED,,,
2013,training-semantic-classifier-v2,training-semantic-registry-v2,7f7c6e88f31a7e4be4fb03761b58b380c6b37070297172a713b2d8a5ba9f14f8,a619932df9f2c4241330826cdd4b728164df7fa1672b2941e04fab621da8a78a,[],[],UNMODELED,,,
2014,training-semantic-classifier-v2,training-semantic-registry-v2,7f7c6e88f31a7e4be4fb03761b58b380c6b37070297172a713b2d8a5ba9f14f8,a619932df9f2c4241330826cdd4b728164df7fa1672b2941e04fab621da8a78a,[],"[{""functionCode"":""BARBELL_SUPPORT"",""relationType"":""DIRECT"",""classificationConfidence"":""EXPLICIT""}]",NO_CAPABILITY_APPLICABLE,,Training Function assignment does not imply complete exercise semantic coverage.,
2015,training-semantic-classifier-v2,training-semantic-registry-v2,7f7c6e88f31a7e4be4fb03761b58b380c6b37070297172a713b2d8a5ba9f14f8,a619932df9f2c4241330826cdd4b728164df7fa1672b2941e04fab621da8a78a,[],"[{""functionCode"":""BARBELL_SUPPORT"",""relationType"":""DIRECT"",""classificationConfidence"":""EXPLICIT""}]",NO_CAPABILITY_APPLICABLE,,Training Function assignment does not imply complete exercise semantic coverage.,
2016,training-semantic-classifier-v2,training-semantic-registry-v2,7f7c6e88f31a7e4be4fb03761b58b380c6b37070297172a713b2d8a5ba9f14f8,a619932df9f2c4241330826cdd4b728164df7fa1672b2941e04fab621da8a78a,[],[],NO_CAPABILITY_APPLICABLE,,,
2017,training-semantic-classifier-v2,training-semantic-registry-v2,7f7c6e88f31a7e4be4fb03761b58b380c6b37070297172a713b2d8a5ba9f14f8,a619932df9f2c4241330826cdd4b728164df7fa1672b2941e04fab621da8a78a,"[{""capabilityCode"":""PULL_UP"",""relationType"":""DIRECT"",""classificationConfidence"":""EXPLICIT""}]",[],NO_CAPABILITY_APPLICABLE,,,
2018,training-semantic-classifier-v2,training-semantic-registry-v2,7f7c6e88f31a7e4be4fb03761b58b380c6b37070297172a713b2d8a5ba9f14f8,a619932df9f2c4241330826cdd4b728164df7fa1672b2941e04fab621da8a78a,"[{""capabilityCode"":""LEG_PRESS"",""relationType"":""DIRECT"",""classificationConfidence"":""EXPLICIT""}]",[],UNMODELED,,,
2019,training-semantic-classifier-v2,training-semantic-registry-v2,7f7c6e88f31a7e4be4fb03761b58b380c6b37070297172a713b2d8a5ba9f14f8,a619932df9f2c4241330826cdd4b728164df7fa1672b2941e04fab621da8a78a,"[{""capabilityCode"":""HACK_SQUAT"",""relationType"":""DIRECT"",""classificationConfidence"":""EXPLICIT""}]",[],UNMODELED,,,SQUAT:squat
2020,training-semantic-classifier-v2,training-semantic-registry-v2,7f7c6e88f31a7e4be4fb03761b58b380c6b37070297172a713b2d8a5ba9f14f8,a619932df9f2c4241330826cdd4b728164df7fa1672b2941e04fab621da8a78a,"[{""capabilityCode"":""HIP_THRUST"",""relationType"":""DIRECT"",""classificationConfidence"":""EXPLICIT""}]",[],UNMODELED,,,
2021,training-semantic-classifier-v2,training-semantic-registry-v2,7f7c6e88f31a7e4be4fb03761b58b380c6b37070297172a713b2d8a5ba9f14f8,a619932df9f2c4241330826cdd4b728164df7fa1672b2941e04fab621da8a78a,"[{""capabilityCode"":""BELT_SQUAT"",""relationType"":""DIRECT"",""classificationConfidence"":""EXPLICIT""}]",[],UNMODELED,,,SQUAT:squat
2022,training-semantic-classifier-v2,training-semantic-registry-v2,7f7c6e88f31a7e4be4fb03761b58b380c6b37070297172a713b2d8a5ba9f14f8,a619932df9f2c4241330826cdd4b728164df7fa1672b2941e04fab621da8a78a,"[{""capabilityCode"":""REVERSE_HYPER"",""relationType"":""DIRECT"",""classificationConfidence"":""EXPLICIT""}]",[],UNMODELED,,,
2023,training-semantic-classifier-v2,training-semantic-registry-v2,7f7c6e88f31a7e4be4fb03761b58b380c6b37070297172a713b2d8a5ba9f14f8,a619932df9f2c4241330826cdd4b728164df7fa1672b2941e04fab621da8a78a,"[{""capabilityCode"":""ABDUCTOR"",""relationType"":""DIRECT"",""classificationConfidence"":""EXPLICIT""}]",[],UNMODELED,,,
2024,training-semantic-classifier-v2,training-semantic-registry-v2,7f7c6e88f31a7e4be4fb03761b58b380c6b37070297172a713b2d8a5ba9f14f8,a619932df9f2c4241330826cdd4b728164df7fa1672b2941e04fab621da8a78a,"[{""capabilityCode"":""HIP_THRUST"",""relationType"":""DIRECT"",""classificationConfidence"":""EXPLICIT""}]",[],UNMODELED,,,
2025,training-semantic-classifier-v2,training-semantic-registry-v2,7f7c6e88f31a7e4be4fb03761b58b380c6b37070297172a713b2d8a5ba9f14f8,a619932df9f2c4241330826cdd4b728164df7fa1672b2941e04fab621da8a78a,[],[],INSUFFICIENT_EVIDENCE,,,
2026,training-semantic-classifier-v2,training-semantic-registry-v2,7f7c6e88f31a7e4be4fb03761b58b380c6b37070297172a713b2d8a5ba9f14f8,a619932df9f2c4241330826cdd4b728164df7fa1672b2941e04fab621da8a78a,"[{""capabilityCode"":""DEADLIFT"",""relationType"":""DIRECT"",""classificationConfidence"":""EXPLICIT""}]",[],UNMODELED,,,
2028,training-semantic-classifier-v2,training-semantic-registry-v2,7f7c6e88f31a7e4be4fb03761b58b380c6b37070297172a713b2d8a5ba9f14f8,a619932df9f2c4241330826cdd4b728164df7fa1672b2941e04fab621da8a78a,[],[],NO_CAPABILITY_APPLICABLE,,,
2029,training-semantic-classifier-v2,training-semantic-registry-v2,7f7c6e88f31a7e4be4fb03761b58b380c6b37070297172a713b2d8a5ba9f14f8,a619932df9f2c4241330826cdd4b728164df7fa1672b2941e04fab621da8a78a,[],[],UNMODELED,,,
2030,training-semantic-classifier-v2,training-semantic-registry-v2,7f7c6e88f31a7e4be4fb03761b58b380c6b37070297172a713b2d8a5ba9f14f8,a619932df9f2c4241330826cdd4b728164df7fa1672b2941e04fab621da8a78a,[],[],UNMODELED,,,
2031,training-semantic-classifier-v2,training-semantic-registry-v2,7f7c6e88f31a7e4be4fb03761b58b380c6b37070297172a713b2d8a5ba9f14f8,a619932df9f2c4241330826cdd4b728164df7fa1672b2941e04fab621da8a78a,[],[],NO_CAPABILITY_APPLICABLE,,,
2032,training-semantic-classifier-v2,training-semantic-registry-v2,7f7c6e88f31a7e4be4fb03761b58b380c6b37070297172a713b2d8a5ba9f14f8,a619932df9f2c4241330826cdd4b728164df7fa1672b2941e04fab621da8a78a,[],[],NO_CAPABILITY_APPLICABLE,,,
2033,training-semantic-classifier-v2,training-semantic-registry-v2,7f7c6e88f31a7e4be4fb03761b58b380c6b37070297172a713b2d8a5ba9f14f8,a619932df9f2c4241330826cdd4b728164df7fa1672b2941e04fab621da8a78a,[],[],NO_CAPABILITY_APPLICABLE,,,
2034,training-semantic-classifier-v2,training-semantic-registry-v2,7f7c6e88f31a7e4be4fb03761b58b380c6b37070297172a713b2d8a5ba9f14f8,a619932df9f2c4241330826cdd4b728164df7fa1672b2941e04fab621da8a78a,[],[],UNMODELED,,,
2035,training-semantic-classifier-v2,training-semantic-registry-v2,7f7c6e88f31a7e4be4fb03761b58b380c6b37070297172a713b2d8a5ba9f14f8,a619932df9f2c4241330826cdd4b728164df7fa1672b2941e04fab621da8a78a,[],[],UNMODELED,,,
2036,training-semantic-classifier-v2,training-semantic-registry-v2,7f7c6e88f31a7e4be4fb03761b58b380c6b37070297172a713b2d8a5ba9f14f8,a619932df9f2c4241330826cdd4b728164df7fa1672b2941e04fab621da8a78a,[],[],UNMODELED,,,
2037,training-semantic-classifier-v2,training-semantic-registry-v2,7f7c6e88f31a7e4be4fb03761b58b380c6b37070297172a713b2d8a5ba9f14f8,a619932df9f2c4241330826cdd4b728164df7fa1672b2941e04fab621da8a78a,[],[],UNMODELED,,,
2039,training-semantic-classifier-v2,training-semantic-registry-v2,7f7c6e88f31a7e4be4fb03761b58b380c6b37070297172a713b2d8a5ba9f14f8,a619932df9f2c4241330826cdd4b728164df7fa1672b2941e04fab621da8a78a,[],[],NO_CAPABILITY_APPLICABLE,,,
2040,training-semantic-classifier-v2,training-semantic-registry-v2,7f7c6e88f31a7e4be4fb03761b58b380c6b37070297172a713b2d8a5ba9f14f8,a619932df9f2c4241330826cdd4b728164df7fa1672b2941e04fab621da8a78a,[],[],NO_CAPABILITY_APPLICABLE,,,
2041,training-semantic-classifier-v2,training-semantic-registry-v2,7f7c6e88f31a7e4be4fb03761b58b380c6b37070297172a713b2d8a5ba9f14f8,a619932df9f2c4241330826cdd4b728164df7fa1672b2941e04fab621da8a78a,[],[],NO_CAPABILITY_APPLICABLE,,,
2042,training-semantic-classifier-v2,training-semantic-registry-v2,7f7c6e88f31a7e4be4fb03761b58b380c6b37070297172a713b2d8a5ba9f14f8,a619932df9f2c4241330826cdd4b728164df7fa1672b2941e04fab621da8a78a,[],[],NO_CAPABILITY_APPLICABLE,,,
2043,training-semantic-classifier-v2,training-semantic-registry-v2,7f7c6e88f31a7e4be4fb03761b58b380c6b37070297172a713b2d8a5ba9f14f8,a619932df9f2c4241330826cdd4b728164df7fa1672b2941e04fab621da8a78a,[],[],NO_CAPABILITY_APPLICABLE,,,
2044,training-semantic-classifier-v2,training-semantic-registry-v2,7f7c6e88f31a7e4be4fb03761b58b380c6b37070297172a713b2d8a5ba9f14f8,a619932df9f2c4241330826cdd4b728164df7fa1672b2941e04fab621da8a78a,[],[],NO_CAPABILITY_APPLICABLE,,,
2045,training-semantic-classifier-v2,training-semantic-registry-v2,7f7c6e88f31a7e4be4fb03761b58b380c6b37070297172a713b2d8a5ba9f14f8,a619932df9f2c4241330826cdd4b728164df7fa1672b2941e04fab621da8a78a,[],[],NO_CAPABILITY_APPLICABLE,,,
2046,training-semantic-classifier-v2,training-semantic-registry-v2,7f7c6e88f31a7e4be4fb03761b58b380c6b37070297172a713b2d8a5ba9f14f8,a619932df9f2c4241330826cdd4b728164df7fa1672b2941e04fab621da8a78a,[],[],UNMODELED,,,
2047,training-semantic-classifier-v2,training-semantic-registry-v2,7f7c6e88f31a7e4be4fb03761b58b380c6b37070297172a713b2d8a5ba9f14f8,a619932df9f2c4241330826cdd4b728164df7fa1672b2941e04fab621da8a78a,[],[],UNMODELED,,,
2048,training-semantic-classifier-v2,training-semantic-registry-v2,7f7c6e88f31a7e4be4fb03761b58b380c6b37070297172a713b2d8a5ba9f14f8,a619932df9f2c4241330826cdd4b728164df7fa1672b2941e04fab621da8a78a,[],[],NO_CAPABILITY_APPLICABLE,,,
2049,training-semantic-classifier-v2,training-semantic-registry-v2,7f7c6e88f31a7e4be4fb03761b58b380c6b37070297172a713b2d8a5ba9f14f8,a619932df9f2c4241330826cdd4b728164df7fa1672b2941e04fab621da8a78a,[],[],NO_CAPABILITY_APPLICABLE,,,
2050,training-semantic-classifier-v2,training-semantic-registry-v2,7f7c6e88f31a7e4be4fb03761b58b380c6b37070297172a713b2d8a5ba9f14f8,a619932df9f2c4241330826cdd4b728164df7fa1672b2941e04fab621da8a78a,[],[],UNMODELED,,,
2051,training-semantic-classifier-v2,training-semantic-registry-v2,7f7c6e88f31a7e4be4fb03761b58b380c6b37070297172a713b2d8a5ba9f14f8,a619932df9f2c4241330826cdd4b728164df7fa1672b2941e04fab621da8a78a,[],[],UNMODELED,,,
2052,training-semantic-classifier-v2,training-semantic-registry-v2,7f7c6e88f31a7e4be4fb03761b58b380c6b37070297172a713b2d8a5ba9f14f8,a619932df9f2c4241330826cdd4b728164df7fa1672b2941e04fab621da8a78a,[],[],NO_CAPABILITY_APPLICABLE,,,
2053,training-semantic-classifier-v2,training-semantic-registry-v2,7f7c6e88f31a7e4be4fb03761b58b380c6b37070297172a713b2d8a5ba9f14f8,a619932df9f2c4241330826cdd4b728164df7fa1672b2941e04fab621da8a78a,[],[],UNMODELED,,,
2054,training-semantic-classifier-v2,training-semantic-registry-v2,7f7c6e88f31a7e4be4fb03761b58b380c6b37070297172a713b2d8a5ba9f14f8,a619932df9f2c4241330826cdd4b728164df7fa1672b2941e04fab621da8a78a,[],[],UNMODELED,,,
2055,training-semantic-classifier-v2,training-semantic-registry-v2,7f7c6e88f31a7e4be4fb03761b58b380c6b37070297172a713b2d8a5ba9f14f8,a619932df9f2c4241330826cdd4b728164df7fa1672b2941e04fab621da8a78a,[],[],UNMODELED,,,
2056,training-semantic-classifier-v2,training-semantic-registry-v2,7f7c6e88f31a7e4be4fb03761b58b380c6b37070297172a713b2d8a5ba9f14f8,a619932df9f2c4241330826cdd4b728164df7fa1672b2941e04fab621da8a78a,[],[],UNMODELED,,,
2057,training-semantic-classifier-v2,training-semantic-registry-v2,7f7c6e88f31a7e4be4fb03761b58b380c6b37070297172a713b2d8a5ba9f14f8,a619932df9f2c4241330826cdd4b728164df7fa1672b2941e04fab621da8a78a,[],[],UNMODELED,,,
2058,training-semantic-classifier-v2,training-semantic-registry-v2,7f7c6e88f31a7e4be4fb03761b58b380c6b37070297172a713b2d8a5ba9f14f8,a619932df9f2c4241330826cdd4b728164df7fa1672b2941e04fab621da8a78a,"[{""capabilityCode"":""DIP"",""relationType"":""SUPPORTED"",""classificationConfidence"":""HIGH""},{""capabilityCode"":""PULL_UP"",""relationType"":""SUPPORTED"",""classificationConfidence"":""HIGH""}]","[{""functionCode"":""BARBELL_SUPPORT"",""relationType"":""DIRECT"",""classificationConfidence"":""EXPLICIT""}]",UNMODELED,,SUPPORTED assignment requires explicit module/configuration evidence.,
2059,training-semantic-classifier-v2,training-semantic-registry-v2,7f7c6e88f31a7e4be4fb03761b58b380c6b37070297172a713b2d8a5ba9f14f8,a619932df9f2c4241330826cdd4b728164df7fa1672b2941e04fab621da8a78a,"[{""capabilityCode"":""PULL_UP"",""relationType"":""DIRECT"",""classificationConfidence"":""EXPLICIT""}]",[],UNMODELED,,,
2061,training-semantic-classifier-v2,training-semantic-registry-v2,7f7c6e88f31a7e4be4fb03761b58b380c6b37070297172a713b2d8a5ba9f14f8,a619932df9f2c4241330826cdd4b728164df7fa1672b2941e04fab621da8a78a,[],[],NO_CAPABILITY_APPLICABLE,,,
2062,training-semantic-classifier-v2,training-semantic-registry-v2,7f7c6e88f31a7e4be4fb03761b58b380c6b37070297172a713b2d8a5ba9f14f8,a619932df9f2c4241330826cdd4b728164df7fa1672b2941e04fab621da8a78a,[],[],NO_CAPABILITY_APPLICABLE,,,
2063,training-semantic-classifier-v2,training-semantic-registry-v2,7f7c6e88f31a7e4be4fb03761b58b380c6b37070297172a713b2d8a5ba9f14f8,a619932df9f2c4241330826cdd4b728164df7fa1672b2941e04fab621da8a78a,[],"[{""functionCode"":""BARBELL_SUPPORT"",""relationType"":""DIRECT"",""classificationConfidence"":""EXPLICIT""}]",UNMODELED,,Training Function assignment does not imply complete exercise semantic coverage.,
2064,training-semantic-classifier-v2,training-semantic-registry-v2,7f7c6e88f31a7e4be4fb03761b58b380c6b37070297172a713b2d8a5ba9f14f8,a619932df9f2c4241330826cdd4b728164df7fa1672b2941e04fab621da8a78a,"[{""capabilityCode"":""HIP_THRUST"",""relationType"":""DIRECT"",""classificationConfidence"":""EXPLICIT""}]",[],UNMODELED,,,
2065,training-semantic-classifier-v2,training-semantic-registry-v2,7f7c6e88f31a7e4be4fb03761b58b380c6b37070297172a713b2d8a5ba9f14f8,a619932df9f2c4241330826cdd4b728164df7fa1672b2941e04fab621da8a78a,"[{""capabilityCode"":""LEG_PRESS"",""relationType"":""DIRECT"",""classificationConfidence"":""EXPLICIT""}]",[],UNMODELED,,,
2066,training-semantic-classifier-v2,training-semantic-registry-v2,7f7c6e88f31a7e4be4fb03761b58b380c6b37070297172a713b2d8a5ba9f14f8,a619932df9f2c4241330826cdd4b728164df7fa1672b2941e04fab621da8a78a,[],[],UNMODELED,,,
2067,training-semantic-classifier-v2,training-semantic-registry-v2,7f7c6e88f31a7e4be4fb03761b58b380c6b37070297172a713b2d8a5ba9f14f8,a619932df9f2c4241330826cdd4b728164df7fa1672b2941e04fab621da8a78a,[],[],NO_CAPABILITY_APPLICABLE,,,
2068,training-semantic-classifier-v2,training-semantic-registry-v2,7f7c6e88f31a7e4be4fb03761b58b380c6b37070297172a713b2d8a5ba9f14f8,a619932df9f2c4241330826cdd4b728164df7fa1672b2941e04fab621da8a78a,[],"[{""functionCode"":""GUIDED_BARBELL_SUPPORT"",""relationType"":""DIRECT"",""classificationConfidence"":""EXPLICIT""}]",UNMODELED,,Training Function assignment does not imply complete exercise semantic coverage.,
2069,training-semantic-classifier-v2,training-semantic-registry-v2,7f7c6e88f31a7e4be4fb03761b58b380c6b37070297172a713b2d8a5ba9f14f8,a619932df9f2c4241330826cdd4b728164df7fa1672b2941e04fab621da8a78a,"[{""capabilityCode"":""LEG_EXTENSION"",""relationType"":""DIRECT"",""classificationConfidence"":""EXPLICIT""}]",[],UNMODELED,,,
2070,training-semantic-classifier-v2,training-semantic-registry-v2,7f7c6e88f31a7e4be4fb03761b58b380c6b37070297172a713b2d8a5ba9f14f8,a619932df9f2c4241330826cdd4b728164df7fa1672b2941e04fab621da8a78a,[],[],NO_CAPABILITY_APPLICABLE,,,
2071,training-semantic-classifier-v2,training-semantic-registry-v2,7f7c6e88f31a7e4be4fb03761b58b380c6b37070297172a713b2d8a5ba9f14f8,a619932df9f2c4241330826cdd4b728164df7fa1672b2941e04fab621da8a78a,[],[],NO_CAPABILITY_APPLICABLE,,,
2072,training-semantic-classifier-v2,training-semantic-registry-v2,7f7c6e88f31a7e4be4fb03761b58b380c6b37070297172a713b2d8a5ba9f14f8,a619932df9f2c4241330826cdd4b728164df7fa1672b2941e04fab621da8a78a,[],"[{""functionCode"":""GUIDED_BARBELL_SUPPORT"",""relationType"":""DIRECT"",""classificationConfidence"":""EXPLICIT""}]",UNMODELED,,Training Function assignment does not imply complete exercise semantic coverage.,
2073,training-semantic-classifier-v2,training-semantic-registry-v2,7f7c6e88f31a7e4be4fb03761b58b380c6b37070297172a713b2d8a5ba9f14f8,a619932df9f2c4241330826cdd4b728164df7fa1672b2941e04fab621da8a78a,[],[],UNMODELED,,,
2074,training-semantic-classifier-v2,training-semantic-registry-v2,7f7c6e88f31a7e4be4fb03761b58b380c6b37070297172a713b2d8a5ba9f14f8,a619932df9f2c4241330826cdd4b728164df7fa1672b2941e04fab621da8a78a,[],[],UNMODELED,,,
2075,training-semantic-classifier-v2,training-semantic-registry-v2,7f7c6e88f31a7e4be4fb03761b58b380c6b37070297172a713b2d8a5ba9f14f8,a619932df9f2c4241330826cdd4b728164df7fa1672b2941e04fab621da8a78a,[],[],NO_CAPABILITY_APPLICABLE,,,SQUAT:sentadilla
2076,training-semantic-classifier-v2,training-semantic-registry-v2,7f7c6e88f31a7e4be4fb03761b58b380c6b37070297172a713b2d8a5ba9f14f8,a619932df9f2c4241330826cdd4b728164df7fa1672b2941e04fab621da8a78a,[],[],INSUFFICIENT_EVIDENCE,,,
2077,training-semantic-classifier-v2,training-semantic-registry-v2,7f7c6e88f31a7e4be4fb03761b58b380c6b37070297172a713b2d8a5ba9f14f8,a619932df9f2c4241330826cdd4b728164df7fa1672b2941e04fab621da8a78a,[],[],UNMODELED,,,
2078,training-semantic-classifier-v2,training-semantic-registry-v2,7f7c6e88f31a7e4be4fb03761b58b380c6b37070297172a713b2d8a5ba9f14f8,a619932df9f2c4241330826cdd4b728164df7fa1672b2941e04fab621da8a78a,[],[],NO_CAPABILITY_APPLICABLE,,,
2079,training-semantic-classifier-v2,training-semantic-registry-v2,7f7c6e88f31a7e4be4fb03761b58b380c6b37070297172a713b2d8a5ba9f14f8,a619932df9f2c4241330826cdd4b728164df7fa1672b2941e04fab621da8a78a,[],[],UNMODELED,,,
2081,training-semantic-classifier-v2,training-semantic-registry-v2,7f7c6e88f31a7e4be4fb03761b58b380c6b37070297172a713b2d8a5ba9f14f8,a619932df9f2c4241330826cdd4b728164df7fa1672b2941e04fab621da8a78a,[],[],NO_CAPABILITY_APPLICABLE,,,
2082,training-semantic-classifier-v2,training-semantic-registry-v2,7f7c6e88f31a7e4be4fb03761b58b380c6b37070297172a713b2d8a5ba9f14f8,a619932df9f2c4241330826cdd4b728164df7fa1672b2941e04fab621da8a78a,[],[],NO_CAPABILITY_APPLICABLE,,,
2083,training-semantic-classifier-v2,training-semantic-registry-v2,7f7c6e88f31a7e4be4fb03761b58b380c6b37070297172a713b2d8a5ba9f14f8,a619932df9f2c4241330826cdd4b728164df7fa1672b2941e04fab621da8a78a,[],"[{""functionCode"":""BARBELL_SUPPORT"",""relationType"":""DIRECT"",""classificationConfidence"":""EXPLICIT""}]",NO_CAPABILITY_APPLICABLE,,Training Function assignment does not imply complete exercise semantic coverage.,
2084,training-semantic-classifier-v2,training-semantic-registry-v2,7f7c6e88f31a7e4be4fb03761b58b380c6b37070297172a713b2d8a5ba9f14f8,a619932df9f2c4241330826cdd4b728164df7fa1672b2941e04fab621da8a78a,[],[],UNMODELED,,,
2085,training-semantic-classifier-v2,training-semantic-registry-v2,7f7c6e88f31a7e4be4fb03761b58b380c6b37070297172a713b2d8a5ba9f14f8,a619932df9f2c4241330826cdd4b728164df7fa1672b2941e04fab621da8a78a,[],[],NO_CAPABILITY_APPLICABLE,,,
2086,training-semantic-classifier-v2,training-semantic-registry-v2,7f7c6e88f31a7e4be4fb03761b58b380c6b37070297172a713b2d8a5ba9f14f8,a619932df9f2c4241330826cdd4b728164df7fa1672b2941e04fab621da8a78a,[],[],NO_CAPABILITY_APPLICABLE,,,
2087,training-semantic-classifier-v2,training-semantic-registry-v2,7f7c6e88f31a7e4be4fb03761b58b380c6b37070297172a713b2d8a5ba9f14f8,a619932df9f2c4241330826cdd4b728164df7fa1672b2941e04fab621da8a78a,[],[],NO_CAPABILITY_APPLICABLE,,,
2088,training-semantic-classifier-v2,training-semantic-registry-v2,7f7c6e88f31a7e4be4fb03761b58b380c6b37070297172a713b2d8a5ba9f14f8,a619932df9f2c4241330826cdd4b728164df7fa1672b2941e04fab621da8a78a,"[{""capabilityCode"":""HIP_THRUST"",""relationType"":""DIRECT"",""classificationConfidence"":""EXPLICIT""}]",[],UNMODELED,,,
2089,training-semantic-classifier-v2,training-semantic-registry-v2,7f7c6e88f31a7e4be4fb03761b58b380c6b37070297172a713b2d8a5ba9f14f8,a619932df9f2c4241330826cdd4b728164df7fa1672b2941e04fab621da8a78a,"[{""capabilityCode"":""HIP_THRUST"",""relationType"":""DIRECT"",""classificationConfidence"":""EXPLICIT""}]",[],UNMODELED,,,
2090,training-semantic-classifier-v2,training-semantic-registry-v2,7f7c6e88f31a7e4be4fb03761b58b380c6b37070297172a713b2d8a5ba9f14f8,a619932df9f2c4241330826cdd4b728164df7fa1672b2941e04fab621da8a78a,[],[],UNMODELED,,,
2091,training-semantic-classifier-v2,training-semantic-registry-v2,7f7c6e88f31a7e4be4fb03761b58b380c6b37070297172a713b2d8a5ba9f14f8,a619932df9f2c4241330826cdd4b728164df7fa1672b2941e04fab621da8a78a,"[{""capabilityCode"":""PULLOVER"",""relationType"":""DIRECT"",""classificationConfidence"":""EXPLICIT""}]",[],UNMODELED,,,
2092,training-semantic-classifier-v2,training-semantic-registry-v2,7f7c6e88f31a7e4be4fb03761b58b380c6b37070297172a713b2d8a5ba9f14f8,a619932df9f2c4241330826cdd4b728164df7fa1672b2941e04fab621da8a78a,"[{""capabilityCode"":""ROW"",""relationType"":""DIRECT"",""classificationConfidence"":""EXPLICIT""}]",[],UNMODELED,,,
2093,training-semantic-classifier-v2,training-semantic-registry-v2,7f7c6e88f31a7e4be4fb03761b58b380c6b37070297172a713b2d8a5ba9f14f8,a619932df9f2c4241330826cdd4b728164df7fa1672b2941e04fab621da8a78a,[],[],NO_CAPABILITY_APPLICABLE,,,
2094,training-semantic-classifier-v2,training-semantic-registry-v2,7f7c6e88f31a7e4be4fb03761b58b380c6b37070297172a713b2d8a5ba9f14f8,a619932df9f2c4241330826cdd4b728164df7fa1672b2941e04fab621da8a78a,[],[],NO_CAPABILITY_APPLICABLE,,,
2095,training-semantic-classifier-v2,training-semantic-registry-v2,7f7c6e88f31a7e4be4fb03761b58b380c6b37070297172a713b2d8a5ba9f14f8,a619932df9f2c4241330826cdd4b728164df7fa1672b2941e04fab621da8a78a,[],"[{""functionCode"":""BARBELL_SUPPORT"",""relationType"":""DIRECT"",""classificationConfidence"":""EXPLICIT""}]",NO_CAPABILITY_APPLICABLE,,Training Function assignment does not imply complete exercise semantic coverage.,
2096,training-semantic-classifier-v2,training-semantic-registry-v2,7f7c6e88f31a7e4be4fb03761b58b380c6b37070297172a713b2d8a5ba9f14f8,a619932df9f2c4241330826cdd4b728164df7fa1672b2941e04fab621da8a78a,"[{""capabilityCode"":""PULL_UP"",""relationType"":""DIRECT"",""classificationConfidence"":""HIGH""}]","[{""functionCode"":""BODYWEIGHT_SUPPORT"",""relationType"":""DIRECT"",""classificationConfidence"":""HIGH""}]",NO_CAPABILITY_APPLICABLE,,,
2097,training-semantic-classifier-v2,training-semantic-registry-v2,7f7c6e88f31a7e4be4fb03761b58b380c6b37070297172a713b2d8a5ba9f14f8,a619932df9f2c4241330826cdd4b728164df7fa1672b2941e04fab621da8a78a,[],"[{""functionCode"":""BARBELL_SUPPORT"",""relationType"":""DIRECT"",""classificationConfidence"":""EXPLICIT""}]",NO_CAPABILITY_APPLICABLE,,Training Function assignment does not imply complete exercise semantic coverage.,
2098,training-semantic-classifier-v2,training-semantic-registry-v2,7f7c6e88f31a7e4be4fb03761b58b380c6b37070297172a713b2d8a5ba9f14f8,a619932df9f2c4241330826cdd4b728164df7fa1672b2941e04fab621da8a78a,[],"[{""functionCode"":""BARBELL_SUPPORT"",""relationType"":""DIRECT"",""classificationConfidence"":""EXPLICIT""}]",NO_CAPABILITY_APPLICABLE,,Training Function assignment does not imply complete exercise semantic coverage.,
2099,training-semantic-classifier-v2,training-semantic-registry-v2,7f7c6e88f31a7e4be4fb03761b58b380c6b37070297172a713b2d8a5ba9f14f8,a619932df9f2c4241330826cdd4b728164df7fa1672b2941e04fab621da8a78a,[],"[{""functionCode"":""BARBELL_SUPPORT"",""relationType"":""DIRECT"",""classificationConfidence"":""EXPLICIT""}]",NO_CAPABILITY_APPLICABLE,,Training Function assignment does not imply complete exercise semantic coverage.,
2100,training-semantic-classifier-v2,training-semantic-registry-v2,7f7c6e88f31a7e4be4fb03761b58b380c6b37070297172a713b2d8a5ba9f14f8,a619932df9f2c4241330826cdd4b728164df7fa1672b2941e04fab621da8a78a,[],"[{""functionCode"":""BARBELL_SUPPORT"",""relationType"":""DIRECT"",""classificationConfidence"":""EXPLICIT""}]",NO_CAPABILITY_APPLICABLE,,Training Function assignment does not imply complete exercise semantic coverage.,
2101,training-semantic-classifier-v2,training-semantic-registry-v2,7f7c6e88f31a7e4be4fb03761b58b380c6b37070297172a713b2d8a5ba9f14f8,a619932df9f2c4241330826cdd4b728164df7fa1672b2941e04fab621da8a78a,[],[],UNMODELED,,,
2102,training-semantic-classifier-v2,training-semantic-registry-v2,7f7c6e88f31a7e4be4fb03761b58b380c6b37070297172a713b2d8a5ba9f14f8,a619932df9f2c4241330826cdd4b728164df7fa1672b2941e04fab621da8a78a,[],[],NO_CAPABILITY_APPLICABLE,,,
2103,training-semantic-classifier-v2,training-semantic-registry-v2,7f7c6e88f31a7e4be4fb03761b58b380c6b37070297172a713b2d8a5ba9f14f8,a619932df9f2c4241330826cdd4b728164df7fa1672b2941e04fab621da8a78a,"[{""capabilityCode"":""LAT_PULLDOWN"",""relationType"":""DIRECT"",""classificationConfidence"":""EXPLICIT""}]","[{""functionCode"":""CABLE_RESISTANCE"",""relationType"":""FAMILY_DERIVED"",""classificationConfidence"":""HIGH""},{""functionCode"":""MULTI_DIRECTIONAL_RESISTANCE"",""relationType"":""DIRECT"",""classificationConfidence"":""EXPLICIT""}]",UNMODELED,,,
2104,training-semantic-classifier-v2,training-semantic-registry-v2,7f7c6e88f31a7e4be4fb03761b58b380c6b37070297172a713b2d8a5ba9f14f8,a619932df9f2c4241330826cdd4b728164df7fa1672b2941e04fab621da8a78a,[],"[{""functionCode"":""BARBELL_SUPPORT"",""relationType"":""DIRECT"",""classificationConfidence"":""EXPLICIT""}]",UNMODELED,,Training Function assignment does not imply complete exercise semantic coverage.,
2105,training-semantic-classifier-v2,training-semantic-registry-v2,7f7c6e88f31a7e4be4fb03761b58b380c6b37070297172a713b2d8a5ba9f14f8,a619932df9f2c4241330826cdd4b728164df7fa1672b2941e04fab621da8a78a,"[{""capabilityCode"":""LEG_CURL"",""relationType"":""DIRECT"",""classificationConfidence"":""EXPLICIT""}]",[],UNMODELED,,,
2106,training-semantic-classifier-v2,training-semantic-registry-v2,7f7c6e88f31a7e4be4fb03761b58b380c6b37070297172a713b2d8a5ba9f14f8,a619932df9f2c4241330826cdd4b728164df7fa1672b2941e04fab621da8a78a,"[{""capabilityCode"":""CHEST_PRESS"",""relationType"":""DIRECT"",""classificationConfidence"":""EXPLICIT""}]",[],UNMODELED,,,
2107,training-semantic-classifier-v2,training-semantic-registry-v2,7f7c6e88f31a7e4be4fb03761b58b380c6b37070297172a713b2d8a5ba9f14f8,a619932df9f2c4241330826cdd4b728164df7fa1672b2941e04fab621da8a78a,"[{""capabilityCode"":""ABDUCTOR"",""relationType"":""DIRECT"",""classificationConfidence"":""EXPLICIT""},{""capabilityCode"":""ADDUCTOR"",""relationType"":""DIRECT"",""classificationConfidence"":""EXPLICIT""}]",[],UNMODELED,,,
2109,training-semantic-classifier-v2,training-semantic-registry-v2,7f7c6e88f31a7e4be4fb03761b58b380c6b37070297172a713b2d8a5ba9f14f8,a619932df9f2c4241330826cdd4b728164df7fa1672b2941e04fab621da8a78a,[],"[{""functionCode"":""BARBELL_SUPPORT"",""relationType"":""DIRECT"",""classificationConfidence"":""EXPLICIT""}]",UNMODELED,,Training Function assignment does not imply complete exercise semantic coverage.,
2110,training-semantic-classifier-v2,training-semantic-registry-v2,7f7c6e88f31a7e4be4fb03761b58b380c6b37070297172a713b2d8a5ba9f14f8,a619932df9f2c4241330826cdd4b728164df7fa1672b2941e04fab621da8a78a,[],[],NO_CAPABILITY_APPLICABLE,,,
2111,training-semantic-classifier-v2,training-semantic-registry-v2,7f7c6e88f31a7e4be4fb03761b58b380c6b37070297172a713b2d8a5ba9f14f8,a619932df9f2c4241330826cdd4b728164df7fa1672b2941e04fab621da8a78a,[],[],UNMODELED,,,
2112,training-semantic-classifier-v2,training-semantic-registry-v2,7f7c6e88f31a7e4be4fb03761b58b380c6b37070297172a713b2d8a5ba9f14f8,a619932df9f2c4241330826cdd4b728164df7fa1672b2941e04fab621da8a78a,[],[],NO_CAPABILITY_APPLICABLE,,,
2113,training-semantic-classifier-v2,training-semantic-registry-v2,7f7c6e88f31a7e4be4fb03761b58b380c6b37070297172a713b2d8a5ba9f14f8,a619932df9f2c4241330826cdd4b728164df7fa1672b2941e04fab621da8a78a,[],[],UNMODELED,,,
2114,training-semantic-classifier-v2,training-semantic-registry-v2,7f7c6e88f31a7e4be4fb03761b58b380c6b37070297172a713b2d8a5ba9f14f8,a619932df9f2c4241330826cdd4b728164df7fa1672b2941e04fab621da8a78a,[],[],UNMODELED,,,
2115,training-semantic-classifier-v2,training-semantic-registry-v2,7f7c6e88f31a7e4be4fb03761b58b380c6b37070297172a713b2d8a5ba9f14f8,a619932df9f2c4241330826cdd4b728164df7fa1672b2941e04fab621da8a78a,[],[],UNMODELED,,,
2116,training-semantic-classifier-v2,training-semantic-registry-v2,7f7c6e88f31a7e4be4fb03761b58b380c6b37070297172a713b2d8a5ba9f14f8,a619932df9f2c4241330826cdd4b728164df7fa1672b2941e04fab621da8a78a,[],[],UNMODELED,,,
2117,training-semantic-classifier-v2,training-semantic-registry-v2,7f7c6e88f31a7e4be4fb03761b58b380c6b37070297172a713b2d8a5ba9f14f8,a619932df9f2c4241330826cdd4b728164df7fa1672b2941e04fab621da8a78a,[],[],UNMODELED,,,
2118,training-semantic-classifier-v2,training-semantic-registry-v2,7f7c6e88f31a7e4be4fb03761b58b380c6b37070297172a713b2d8a5ba9f14f8,a619932df9f2c4241330826cdd4b728164df7fa1672b2941e04fab621da8a78a,[],[],UNMODELED,,,
2119,training-semantic-classifier-v2,training-semantic-registry-v2,7f7c6e88f31a7e4be4fb03761b58b380c6b37070297172a713b2d8a5ba9f14f8,a619932df9f2c4241330826cdd4b728164df7fa1672b2941e04fab621da8a78a,[],[],UNMODELED,,,
2120,training-semantic-classifier-v2,training-semantic-registry-v2,7f7c6e88f31a7e4be4fb03761b58b380c6b37070297172a713b2d8a5ba9f14f8,a619932df9f2c4241330826cdd4b728164df7fa1672b2941e04fab621da8a78a,[],[],UNMODELED,,,
2121,training-semantic-classifier-v2,training-semantic-registry-v2,7f7c6e88f31a7e4be4fb03761b58b380c6b37070297172a713b2d8a5ba9f14f8,a619932df9f2c4241330826cdd4b728164df7fa1672b2941e04fab621da8a78a,[],[],UNMODELED,,,
2122,training-semantic-classifier-v2,training-semantic-registry-v2,7f7c6e88f31a7e4be4fb03761b58b380c6b37070297172a713b2d8a5ba9f14f8,a619932df9f2c4241330826cdd4b728164df7fa1672b2941e04fab621da8a78a,[],[],UNMODELED,,,
2123,training-semantic-classifier-v2,training-semantic-registry-v2,7f7c6e88f31a7e4be4fb03761b58b380c6b37070297172a713b2d8a5ba9f14f8,a619932df9f2c4241330826cdd4b728164df7fa1672b2941e04fab621da8a78a,[],[],UNMODELED,,,
2124,training-semantic-classifier-v2,training-semantic-registry-v2,7f7c6e88f31a7e4be4fb03761b58b380c6b37070297172a713b2d8a5ba9f14f8,a619932df9f2c4241330826cdd4b728164df7fa1672b2941e04fab621da8a78a,[],[],UNMODELED,,,
2125,training-semantic-classifier-v2,training-semantic-registry-v2,7f7c6e88f31a7e4be4fb03761b58b380c6b37070297172a713b2d8a5ba9f14f8,a619932df9f2c4241330826cdd4b728164df7fa1672b2941e04fab621da8a78a,[],[],NO_CAPABILITY_APPLICABLE,,,
2126,training-semantic-classifier-v2,training-semantic-registry-v2,7f7c6e88f31a7e4be4fb03761b58b380c6b37070297172a713b2d8a5ba9f14f8,a619932df9f2c4241330826cdd4b728164df7fa1672b2941e04fab621da8a78a,[],[],UNMODELED,,,
2127,training-semantic-classifier-v2,training-semantic-registry-v2,7f7c6e88f31a7e4be4fb03761b58b380c6b37070297172a713b2d8a5ba9f14f8,a619932df9f2c4241330826cdd4b728164df7fa1672b2941e04fab621da8a78a,[],[],UNMODELED,,,
2128,training-semantic-classifier-v2,training-semantic-registry-v2,7f7c6e88f31a7e4be4fb03761b58b380c6b37070297172a713b2d8a5ba9f14f8,a619932df9f2c4241330826cdd4b728164df7fa1672b2941e04fab621da8a78a,[],[],UNMODELED,,,
2129,training-semantic-classifier-v2,training-semantic-registry-v2,7f7c6e88f31a7e4be4fb03761b58b380c6b37070297172a713b2d8a5ba9f14f8,a619932df9f2c4241330826cdd4b728164df7fa1672b2941e04fab621da8a78a,"[{""capabilityCode"":""DIP"",""relationType"":""DIRECT"",""classificationConfidence"":""EXPLICIT""}]",[],UNMODELED,,,
2132,training-semantic-classifier-v2,training-semantic-registry-v2,7f7c6e88f31a7e4be4fb03761b58b380c6b37070297172a713b2d8a5ba9f14f8,a619932df9f2c4241330826cdd4b728164df7fa1672b2941e04fab621da8a78a,[],[],UNMODELED,,,
2133,training-semantic-classifier-v2,training-semantic-registry-v2,7f7c6e88f31a7e4be4fb03761b58b380c6b37070297172a713b2d8a5ba9f14f8,a619932df9f2c4241330826cdd4b728164df7fa1672b2941e04fab621da8a78a,[],"[{""functionCode"":""CABLE_RESISTANCE"",""relationType"":""DIRECT"",""classificationConfidence"":""HIGH""},{""functionCode"":""GUIDED_BARBELL_SUPPORT"",""relationType"":""DIRECT"",""classificationConfidence"":""EXPLICIT""}]",UNMODELED,,Training Function assignment does not imply complete exercise semantic coverage.,
2134,training-semantic-classifier-v2,training-semantic-registry-v2,7f7c6e88f31a7e4be4fb03761b58b380c6b37070297172a713b2d8a5ba9f14f8,a619932df9f2c4241330826cdd4b728164df7fa1672b2941e04fab621da8a78a,[],"[{""functionCode"":""CABLE_RESISTANCE"",""relationType"":""DIRECT"",""classificationConfidence"":""HIGH""},{""functionCode"":""GUIDED_BARBELL_SUPPORT"",""relationType"":""DIRECT"",""classificationConfidence"":""EXPLICIT""}]",UNMODELED,,Training Function assignment does not imply complete exercise semantic coverage.,
2135,training-semantic-classifier-v2,training-semantic-registry-v2,7f7c6e88f31a7e4be4fb03761b58b380c6b37070297172a713b2d8a5ba9f14f8,a619932df9f2c4241330826cdd4b728164df7fa1672b2941e04fab621da8a78a,[],[],NO_CAPABILITY_APPLICABLE,,,
2136,training-semantic-classifier-v2,training-semantic-registry-v2,7f7c6e88f31a7e4be4fb03761b58b380c6b37070297172a713b2d8a5ba9f14f8,a619932df9f2c4241330826cdd4b728164df7fa1672b2941e04fab621da8a78a,[],"[{""functionCode"":""BODYWEIGHT_SUPPORT"",""relationType"":""DIRECT"",""classificationConfidence"":""EXPLICIT""}]",UNMODELED,,Training Function assignment does not imply complete exercise semantic coverage.,
2137,training-semantic-classifier-v2,training-semantic-registry-v2,7f7c6e88f31a7e4be4fb03761b58b380c6b37070297172a713b2d8a5ba9f14f8,a619932df9f2c4241330826cdd4b728164df7fa1672b2941e04fab621da8a78a,[],[],NO_CAPABILITY_APPLICABLE,,,
2138,training-semantic-classifier-v2,training-semantic-registry-v2,7f7c6e88f31a7e4be4fb03761b58b380c6b37070297172a713b2d8a5ba9f14f8,a619932df9f2c4241330826cdd4b728164df7fa1672b2941e04fab621da8a78a,"[{""capabilityCode"":""HACK_SQUAT"",""relationType"":""DIRECT"",""classificationConfidence"":""EXPLICIT""}]",[],UNMODELED,,,SQUAT:squat
2139,training-semantic-classifier-v2,training-semantic-registry-v2,7f7c6e88f31a7e4be4fb03761b58b380c6b37070297172a713b2d8a5ba9f14f8,a619932df9f2c4241330826cdd4b728164df7fa1672b2941e04fab621da8a78a,[],"[{""functionCode"":""CABLE_RESISTANCE"",""relationType"":""DIRECT"",""classificationConfidence"":""EXPLICIT""}]",INSUFFICIENT_EVIDENCE,,Training Function assignment does not imply complete exercise semantic coverage.,
2140,training-semantic-classifier-v2,training-semantic-registry-v2,7f7c6e88f31a7e4be4fb03761b58b380c6b37070297172a713b2d8a5ba9f14f8,a619932df9f2c4241330826cdd4b728164df7fa1672b2941e04fab621da8a78a,"[{""capabilityCode"":""HIP_THRUST"",""relationType"":""DIRECT"",""classificationConfidence"":""EXPLICIT""}]",[],UNMODELED,,,
2141,training-semantic-classifier-v2,training-semantic-registry-v2,7f7c6e88f31a7e4be4fb03761b58b380c6b37070297172a713b2d8a5ba9f14f8,a619932df9f2c4241330826cdd4b728164df7fa1672b2941e04fab621da8a78a,"[{""capabilityCode"":""HIP_THRUST"",""relationType"":""DIRECT"",""classificationConfidence"":""EXPLICIT""}]",[],UNMODELED,,,
2142,training-semantic-classifier-v2,training-semantic-registry-v2,7f7c6e88f31a7e4be4fb03761b58b380c6b37070297172a713b2d8a5ba9f14f8,a619932df9f2c4241330826cdd4b728164df7fa1672b2941e04fab621da8a78a,"[{""capabilityCode"":""LAT_PULLDOWN"",""relationType"":""DIRECT"",""classificationConfidence"":""EXPLICIT""},{""capabilityCode"":""ROW"",""relationType"":""DIRECT"",""classificationConfidence"":""EXPLICIT""}]","[{""functionCode"":""CABLE_RESISTANCE"",""relationType"":""DIRECT"",""classificationConfidence"":""EXPLICIT""}]",UNMODELED,,,
2143,training-semantic-classifier-v2,training-semantic-registry-v2,7f7c6e88f31a7e4be4fb03761b58b380c6b37070297172a713b2d8a5ba9f14f8,a619932df9f2c4241330826cdd4b728164df7fa1672b2941e04fab621da8a78a,"[{""capabilityCode"":""HIP_THRUST"",""relationType"":""DIRECT"",""classificationConfidence"":""EXPLICIT""}]",[],UNMODELED,,,
2144,training-semantic-classifier-v2,training-semantic-registry-v2,7f7c6e88f31a7e4be4fb03761b58b380c6b37070297172a713b2d8a5ba9f14f8,a619932df9f2c4241330826cdd4b728164df7fa1672b2941e04fab621da8a78a,[],[],UNMODELED,,,
2145,training-semantic-classifier-v2,training-semantic-registry-v2,7f7c6e88f31a7e4be4fb03761b58b380c6b37070297172a713b2d8a5ba9f14f8,a619932df9f2c4241330826cdd4b728164df7fa1672b2941e04fab621da8a78a,[],[],NO_CAPABILITY_APPLICABLE,,,
2146,training-semantic-classifier-v2,training-semantic-registry-v2,7f7c6e88f31a7e4be4fb03761b58b380c6b37070297172a713b2d8a5ba9f14f8,a619932df9f2c4241330826cdd4b728164df7fa1672b2941e04fab621da8a78a,[],[],NO_CAPABILITY_APPLICABLE,,,
2147,training-semantic-classifier-v2,training-semantic-registry-v2,7f7c6e88f31a7e4be4fb03761b58b380c6b37070297172a713b2d8a5ba9f14f8,a619932df9f2c4241330826cdd4b728164df7fa1672b2941e04fab621da8a78a,[],[],NO_CAPABILITY_APPLICABLE,,,
2148,training-semantic-classifier-v2,training-semantic-registry-v2,7f7c6e88f31a7e4be4fb03761b58b380c6b37070297172a713b2d8a5ba9f14f8,a619932df9f2c4241330826cdd4b728164df7fa1672b2941e04fab621da8a78a,[],[],NO_CAPABILITY_APPLICABLE,,,
2149,training-semantic-classifier-v2,training-semantic-registry-v2,7f7c6e88f31a7e4be4fb03761b58b380c6b37070297172a713b2d8a5ba9f14f8,a619932df9f2c4241330826cdd4b728164df7fa1672b2941e04fab621da8a78a,[],[],UNMODELED,,,
2150,training-semantic-classifier-v2,training-semantic-registry-v2,7f7c6e88f31a7e4be4fb03761b58b380c6b37070297172a713b2d8a5ba9f14f8,a619932df9f2c4241330826cdd4b728164df7fa1672b2941e04fab621da8a78a,[],[],UNMODELED,,,
2151,training-semantic-classifier-v2,training-semantic-registry-v2,7f7c6e88f31a7e4be4fb03761b58b380c6b37070297172a713b2d8a5ba9f14f8,a619932df9f2c4241330826cdd4b728164df7fa1672b2941e04fab621da8a78a,[],[],UNMODELED,,,
2152,training-semantic-classifier-v2,training-semantic-registry-v2,7f7c6e88f31a7e4be4fb03761b58b380c6b37070297172a713b2d8a5ba9f14f8,a619932df9f2c4241330826cdd4b728164df7fa1672b2941e04fab621da8a78a,[],[],UNMODELED,,,
2153,training-semantic-classifier-v2,training-semantic-registry-v2,7f7c6e88f31a7e4be4fb03761b58b380c6b37070297172a713b2d8a5ba9f14f8,a619932df9f2c4241330826cdd4b728164df7fa1672b2941e04fab621da8a78a,[],[],UNMODELED,,,
2154,training-semantic-classifier-v2,training-semantic-registry-v2,7f7c6e88f31a7e4be4fb03761b58b380c6b37070297172a713b2d8a5ba9f14f8,a619932df9f2c4241330826cdd4b728164df7fa1672b2941e04fab621da8a78a,[],[],UNMODELED,,,
2155,training-semantic-classifier-v2,training-semantic-registry-v2,7f7c6e88f31a7e4be4fb03761b58b380c6b37070297172a713b2d8a5ba9f14f8,a619932df9f2c4241330826cdd4b728164df7fa1672b2941e04fab621da8a78a,[],[],NO_CAPABILITY_APPLICABLE,,,
2156,training-semantic-classifier-v2,training-semantic-registry-v2,7f7c6e88f31a7e4be4fb03761b58b380c6b37070297172a713b2d8a5ba9f14f8,a619932df9f2c4241330826cdd4b728164df7fa1672b2941e04fab621da8a78a,[],[],NO_CAPABILITY_APPLICABLE,,,
2158,training-semantic-classifier-v2,training-semantic-registry-v2,7f7c6e88f31a7e4be4fb03761b58b380c6b37070297172a713b2d8a5ba9f14f8,a619932df9f2c4241330826cdd4b728164df7fa1672b2941e04fab621da8a78a,[],[],NO_CAPABILITY_APPLICABLE,,,
2159,training-semantic-classifier-v2,training-semantic-registry-v2,7f7c6e88f31a7e4be4fb03761b58b380c6b37070297172a713b2d8a5ba9f14f8,a619932df9f2c4241330826cdd4b728164df7fa1672b2941e04fab621da8a78a,[],[],NO_CAPABILITY_APPLICABLE,,,
2160,training-semantic-classifier-v2,training-semantic-registry-v2,7f7c6e88f31a7e4be4fb03761b58b380c6b37070297172a713b2d8a5ba9f14f8,a619932df9f2c4241330826cdd4b728164df7fa1672b2941e04fab621da8a78a,[],[],NO_CAPABILITY_APPLICABLE,,,
2161,training-semantic-classifier-v2,training-semantic-registry-v2,7f7c6e88f31a7e4be4fb03761b58b380c6b37070297172a713b2d8a5ba9f14f8,a619932df9f2c4241330826cdd4b728164df7fa1672b2941e04fab621da8a78a,"[{""capabilityCode"":""DIP"",""relationType"":""SUPPORTED"",""classificationConfidence"":""EXPLICIT""}]","[{""functionCode"":""BARBELL_SUPPORT"",""relationType"":""DIRECT"",""classificationConfidence"":""EXPLICIT""}]",UNMODELED,,SUPPORTED assignment requires explicit module/configuration evidence.,SQUAT:squat
2162,training-semantic-classifier-v2,training-semantic-registry-v2,7f7c6e88f31a7e4be4fb03761b58b380c6b37070297172a713b2d8a5ba9f14f8,a619932df9f2c4241330826cdd4b728164df7fa1672b2941e04fab621da8a78a,[],[],NO_CAPABILITY_APPLICABLE,,,
2163,training-semantic-classifier-v2,training-semantic-registry-v2,7f7c6e88f31a7e4be4fb03761b58b380c6b37070297172a713b2d8a5ba9f14f8,a619932df9f2c4241330826cdd4b728164df7fa1672b2941e04fab621da8a78a,[],"[{""functionCode"":""BODYWEIGHT_SUPPORT"",""relationType"":""DIRECT"",""classificationConfidence"":""EXPLICIT""}]",UNMODELED,,Training Function assignment does not imply complete exercise semantic coverage.,
2164,training-semantic-classifier-v2,training-semantic-registry-v2,7f7c6e88f31a7e4be4fb03761b58b380c6b37070297172a713b2d8a5ba9f14f8,a619932df9f2c4241330826cdd4b728164df7fa1672b2941e04fab621da8a78a,[],[],UNMODELED,,,
2165,training-semantic-classifier-v2,training-semantic-registry-v2,7f7c6e88f31a7e4be4fb03761b58b380c6b37070297172a713b2d8a5ba9f14f8,a619932df9f2c4241330826cdd4b728164df7fa1672b2941e04fab621da8a78a,[],[],UNMODELED,,,
2166,training-semantic-classifier-v2,training-semantic-registry-v2,7f7c6e88f31a7e4be4fb03761b58b380c6b37070297172a713b2d8a5ba9f14f8,a619932df9f2c4241330826cdd4b728164df7fa1672b2941e04fab621da8a78a,[],[],UNMODELED,,,
2167,training-semantic-classifier-v2,training-semantic-registry-v2,7f7c6e88f31a7e4be4fb03761b58b380c6b37070297172a713b2d8a5ba9f14f8,a619932df9f2c4241330826cdd4b728164df7fa1672b2941e04fab621da8a78a,[],[],UNMODELED,,,
2168,training-semantic-classifier-v2,training-semantic-registry-v2,7f7c6e88f31a7e4be4fb03761b58b380c6b37070297172a713b2d8a5ba9f14f8,a619932df9f2c4241330826cdd4b728164df7fa1672b2941e04fab621da8a78a,[],[],NO_CAPABILITY_APPLICABLE,,,
2169,training-semantic-classifier-v2,training-semantic-registry-v2,7f7c6e88f31a7e4be4fb03761b58b380c6b37070297172a713b2d8a5ba9f14f8,a619932df9f2c4241330826cdd4b728164df7fa1672b2941e04fab621da8a78a,[],[],NO_CAPABILITY_APPLICABLE,,,
2170,training-semantic-classifier-v2,training-semantic-registry-v2,7f7c6e88f31a7e4be4fb03761b58b380c6b37070297172a713b2d8a5ba9f14f8,a619932df9f2c4241330826cdd4b728164df7fa1672b2941e04fab621da8a78a,[],[],NO_CAPABILITY_APPLICABLE,,,
2171,training-semantic-classifier-v2,training-semantic-registry-v2,7f7c6e88f31a7e4be4fb03761b58b380c6b37070297172a713b2d8a5ba9f14f8,a619932df9f2c4241330826cdd4b728164df7fa1672b2941e04fab621da8a78a,[],[],NO_CAPABILITY_APPLICABLE,,,
2172,training-semantic-classifier-v2,training-semantic-registry-v2,7f7c6e88f31a7e4be4fb03761b58b380c6b37070297172a713b2d8a5ba9f14f8,a619932df9f2c4241330826cdd4b728164df7fa1672b2941e04fab621da8a78a,[],[],NO_CAPABILITY_APPLICABLE,,,
2173,training-semantic-classifier-v2,training-semantic-registry-v2,7f7c6e88f31a7e4be4fb03761b58b380c6b37070297172a713b2d8a5ba9f14f8,a619932df9f2c4241330826cdd4b728164df7fa1672b2941e04fab621da8a78a,[],[],UNMODELED,,,
2174,training-semantic-classifier-v2,training-semantic-registry-v2,7f7c6e88f31a7e4be4fb03761b58b380c6b37070297172a713b2d8a5ba9f14f8,a619932df9f2c4241330826cdd4b728164df7fa1672b2941e04fab621da8a78a,[],[],NO_CAPABILITY_APPLICABLE,,,
2175,training-semantic-classifier-v2,training-semantic-registry-v2,7f7c6e88f31a7e4be4fb03761b58b380c6b37070297172a713b2d8a5ba9f14f8,a619932df9f2c4241330826cdd4b728164df7fa1672b2941e04fab621da8a78a,[],[],NO_CAPABILITY_APPLICABLE,,,
2176,training-semantic-classifier-v2,training-semantic-registry-v2,7f7c6e88f31a7e4be4fb03761b58b380c6b37070297172a713b2d8a5ba9f14f8,a619932df9f2c4241330826cdd4b728164df7fa1672b2941e04fab621da8a78a,[],[],NO_CAPABILITY_APPLICABLE,,,
2177,training-semantic-classifier-v2,training-semantic-registry-v2,7f7c6e88f31a7e4be4fb03761b58b380c6b37070297172a713b2d8a5ba9f14f8,a619932df9f2c4241330826cdd4b728164df7fa1672b2941e04fab621da8a78a,[],[],UNMODELED,,,
2178,training-semantic-classifier-v2,training-semantic-registry-v2,7f7c6e88f31a7e4be4fb03761b58b380c6b37070297172a713b2d8a5ba9f14f8,a619932df9f2c4241330826cdd4b728164df7fa1672b2941e04fab621da8a78a,[],[],NO_CAPABILITY_APPLICABLE,,,
2179,training-semantic-classifier-v2,training-semantic-registry-v2,7f7c6e88f31a7e4be4fb03761b58b380c6b37070297172a713b2d8a5ba9f14f8,a619932df9f2c4241330826cdd4b728164df7fa1672b2941e04fab621da8a78a,"[{""capabilityCode"":""BICEPS_CURL"",""relationType"":""DIRECT"",""classificationConfidence"":""EXPLICIT""},{""capabilityCode"":""TRICEPS_EXTENSION"",""relationType"":""DIRECT"",""classificationConfidence"":""EXPLICIT""}]",[],UNMODELED,,,
2181,training-semantic-classifier-v2,training-semantic-registry-v2,7f7c6e88f31a7e4be4fb03761b58b380c6b37070297172a713b2d8a5ba9f14f8,a619932df9f2c4241330826cdd4b728164df7fa1672b2941e04fab621da8a78a,[],[],NO_CAPABILITY_APPLICABLE,,,SQUAT:sentadilla
2182,training-semantic-classifier-v2,training-semantic-registry-v2,7f7c6e88f31a7e4be4fb03761b58b380c6b37070297172a713b2d8a5ba9f14f8,a619932df9f2c4241330826cdd4b728164df7fa1672b2941e04fab621da8a78a,"[{""capabilityCode"":""PULL_UP"",""relationType"":""SUPPORTED"",""classificationConfidence"":""HIGH""}]","[{""functionCode"":""CABLE_RESISTANCE"",""relationType"":""DIRECT"",""classificationConfidence"":""HIGH""}]",UNMODELED,,SUPPORTED assignment requires explicit module/configuration evidence.,
2183,training-semantic-classifier-v2,training-semantic-registry-v2,7f7c6e88f31a7e4be4fb03761b58b380c6b37070297172a713b2d8a5ba9f14f8,a619932df9f2c4241330826cdd4b728164df7fa1672b2941e04fab621da8a78a,[],[],NO_CAPABILITY_APPLICABLE,,,
2184,training-semantic-classifier-v2,training-semantic-registry-v2,7f7c6e88f31a7e4be4fb03761b58b380c6b37070297172a713b2d8a5ba9f14f8,a619932df9f2c4241330826cdd4b728164df7fa1672b2941e04fab621da8a78a,[],[],NO_CAPABILITY_APPLICABLE,,,
2185,training-semantic-classifier-v2,training-semantic-registry-v2,7f7c6e88f31a7e4be4fb03761b58b380c6b37070297172a713b2d8a5ba9f14f8,a619932df9f2c4241330826cdd4b728164df7fa1672b2941e04fab621da8a78a,[],[],NO_CAPABILITY_APPLICABLE,,,
2186,training-semantic-classifier-v2,training-semantic-registry-v2,7f7c6e88f31a7e4be4fb03761b58b380c6b37070297172a713b2d8a5ba9f14f8,a619932df9f2c4241330826cdd4b728164df7fa1672b2941e04fab621da8a78a,[],[],NO_CAPABILITY_APPLICABLE,,,
2187,training-semantic-classifier-v2,training-semantic-registry-v2,7f7c6e88f31a7e4be4fb03761b58b380c6b37070297172a713b2d8a5ba9f14f8,a619932df9f2c4241330826cdd4b728164df7fa1672b2941e04fab621da8a78a,[],[],UNMODELED,,,
2188,training-semantic-classifier-v2,training-semantic-registry-v2,7f7c6e88f31a7e4be4fb03761b58b380c6b37070297172a713b2d8a5ba9f14f8,a619932df9f2c4241330826cdd4b728164df7fa1672b2941e04fab621da8a78a,"[{""capabilityCode"":""LEG_PRESS"",""relationType"":""DIRECT"",""classificationConfidence"":""EXPLICIT""}]",[],UNMODELED,,,
2189,training-semantic-classifier-v2,training-semantic-registry-v2,7f7c6e88f31a7e4be4fb03761b58b380c6b37070297172a713b2d8a5ba9f14f8,a619932df9f2c4241330826cdd4b728164df7fa1672b2941e04fab621da8a78a,[],[],NO_CAPABILITY_APPLICABLE,,,
2190,training-semantic-classifier-v2,training-semantic-registry-v2,7f7c6e88f31a7e4be4fb03761b58b380c6b37070297172a713b2d8a5ba9f14f8,a619932df9f2c4241330826cdd4b728164df7fa1672b2941e04fab621da8a78a,[],"[{""functionCode"":""BARBELL_SUPPORT"",""relationType"":""DIRECT"",""classificationConfidence"":""EXPLICIT""}]",UNMODELED,,Training Function assignment does not imply complete exercise semantic coverage.,
2191,training-semantic-classifier-v2,training-semantic-registry-v2,7f7c6e88f31a7e4be4fb03761b58b380c6b37070297172a713b2d8a5ba9f14f8,a619932df9f2c4241330826cdd4b728164df7fa1672b2941e04fab621da8a78a,"[{""capabilityCode"":""ROW"",""relationType"":""DIRECT"",""classificationConfidence"":""EXPLICIT""}]",[],UNMODELED,,,
2192,training-semantic-classifier-v2,training-semantic-registry-v2,7f7c6e88f31a7e4be4fb03761b58b380c6b37070297172a713b2d8a5ba9f14f8,a619932df9f2c4241330826cdd4b728164df7fa1672b2941e04fab621da8a78a,[],[],NO_CAPABILITY_APPLICABLE,,,
2193,training-semantic-classifier-v2,training-semantic-registry-v2,7f7c6e88f31a7e4be4fb03761b58b380c6b37070297172a713b2d8a5ba9f14f8,a619932df9f2c4241330826cdd4b728164df7fa1672b2941e04fab621da8a78a,[],[],NO_CAPABILITY_APPLICABLE,,,
2194,training-semantic-classifier-v2,training-semantic-registry-v2,7f7c6e88f31a7e4be4fb03761b58b380c6b37070297172a713b2d8a5ba9f14f8,a619932df9f2c4241330826cdd4b728164df7fa1672b2941e04fab621da8a78a,[],[],UNMODELED,,,
2195,training-semantic-classifier-v2,training-semantic-registry-v2,7f7c6e88f31a7e4be4fb03761b58b380c6b37070297172a713b2d8a5ba9f14f8,a619932df9f2c4241330826cdd4b728164df7fa1672b2941e04fab621da8a78a,[],"[{""functionCode"":""CABLE_RESISTANCE"",""relationType"":""DIRECT"",""classificationConfidence"":""EXPLICIT""}]",NO_CAPABILITY_APPLICABLE,,Training Function assignment does not imply complete exercise semantic coverage.,
2196,training-semantic-classifier-v2,training-semantic-registry-v2,7f7c6e88f31a7e4be4fb03761b58b380c6b37070297172a713b2d8a5ba9f14f8,a619932df9f2c4241330826cdd4b728164df7fa1672b2941e04fab621da8a78a,[],"[{""functionCode"":""BARBELL_SUPPORT"",""relationType"":""DIRECT"",""classificationConfidence"":""EXPLICIT""}]",UNMODELED,,Training Function assignment does not imply complete exercise semantic coverage.,
2197,training-semantic-classifier-v2,training-semantic-registry-v2,7f7c6e88f31a7e4be4fb03761b58b380c6b37070297172a713b2d8a5ba9f14f8,a619932df9f2c4241330826cdd4b728164df7fa1672b2941e04fab621da8a78a,"[{""capabilityCode"":""LEG_CURL"",""relationType"":""DIRECT"",""classificationConfidence"":""EXPLICIT""}]",[],UNMODELED,,,
2198,training-semantic-classifier-v2,training-semantic-registry-v2,7f7c6e88f31a7e4be4fb03761b58b380c6b37070297172a713b2d8a5ba9f14f8,a619932df9f2c4241330826cdd4b728164df7fa1672b2941e04fab621da8a78a,[],[],UNMODELED,,,
2199,training-semantic-classifier-v2,training-semantic-registry-v2,7f7c6e88f31a7e4be4fb03761b58b380c6b37070297172a713b2d8a5ba9f14f8,a619932df9f2c4241330826cdd4b728164df7fa1672b2941e04fab621da8a78a,[],[],NO_CAPABILITY_APPLICABLE,,,
2201,training-semantic-classifier-v2,training-semantic-registry-v2,7f7c6e88f31a7e4be4fb03761b58b380c6b37070297172a713b2d8a5ba9f14f8,a619932df9f2c4241330826cdd4b728164df7fa1672b2941e04fab621da8a78a,[],[],NO_CAPABILITY_APPLICABLE,,,
2203,training-semantic-classifier-v2,training-semantic-registry-v2,7f7c6e88f31a7e4be4fb03761b58b380c6b37070297172a713b2d8a5ba9f14f8,a619932df9f2c4241330826cdd4b728164df7fa1672b2941e04fab621da8a78a,"[{""capabilityCode"":""LEG_CURL"",""relationType"":""DIRECT"",""classificationConfidence"":""EXPLICIT""}]","[{""functionCode"":""CABLE_RESISTANCE"",""relationType"":""DIRECT"",""classificationConfidence"":""HIGH""}]",INSUFFICIENT_EVIDENCE,,,
2204,training-semantic-classifier-v2,training-semantic-registry-v2,7f7c6e88f31a7e4be4fb03761b58b380c6b37070297172a713b2d8a5ba9f14f8,a619932df9f2c4241330826cdd4b728164df7fa1672b2941e04fab621da8a78a,[],[],NO_CAPABILITY_APPLICABLE,,,
2205,training-semantic-classifier-v2,training-semantic-registry-v2,7f7c6e88f31a7e4be4fb03761b58b380c6b37070297172a713b2d8a5ba9f14f8,a619932df9f2c4241330826cdd4b728164df7fa1672b2941e04fab621da8a78a,[],[],NO_CAPABILITY_APPLICABLE,,,
2206,training-semantic-classifier-v2,training-semantic-registry-v2,7f7c6e88f31a7e4be4fb03761b58b380c6b37070297172a713b2d8a5ba9f14f8,a619932df9f2c4241330826cdd4b728164df7fa1672b2941e04fab621da8a78a,[],[],UNMODELED,,,
2208,training-semantic-classifier-v2,training-semantic-registry-v2,7f7c6e88f31a7e4be4fb03761b58b380c6b37070297172a713b2d8a5ba9f14f8,a619932df9f2c4241330826cdd4b728164df7fa1672b2941e04fab621da8a78a,[],[],UNMODELED,,,
2209,training-semantic-classifier-v2,training-semantic-registry-v2,7f7c6e88f31a7e4be4fb03761b58b380c6b37070297172a713b2d8a5ba9f14f8,a619932df9f2c4241330826cdd4b728164df7fa1672b2941e04fab621da8a78a,[],[],NO_CAPABILITY_APPLICABLE,,,
2210,training-semantic-classifier-v2,training-semantic-registry-v2,7f7c6e88f31a7e4be4fb03761b58b380c6b37070297172a713b2d8a5ba9f14f8,a619932df9f2c4241330826cdd4b728164df7fa1672b2941e04fab621da8a78a,[],[],NO_CAPABILITY_APPLICABLE,,,
2212,training-semantic-classifier-v2,training-semantic-registry-v2,7f7c6e88f31a7e4be4fb03761b58b380c6b37070297172a713b2d8a5ba9f14f8,a619932df9f2c4241330826cdd4b728164df7fa1672b2941e04fab621da8a78a,[],[],UNMODELED,,,
2213,training-semantic-classifier-v2,training-semantic-registry-v2,7f7c6e88f31a7e4be4fb03761b58b380c6b37070297172a713b2d8a5ba9f14f8,a619932df9f2c4241330826cdd4b728164df7fa1672b2941e04fab621da8a78a,[],[],NO_CAPABILITY_APPLICABLE,,,
2214,training-semantic-classifier-v2,training-semantic-registry-v2,7f7c6e88f31a7e4be4fb03761b58b380c6b37070297172a713b2d8a5ba9f14f8,a619932df9f2c4241330826cdd4b728164df7fa1672b2941e04fab621da8a78a,[],[],NO_CAPABILITY_APPLICABLE,,,
2215,training-semantic-classifier-v2,training-semantic-registry-v2,7f7c6e88f31a7e4be4fb03761b58b380c6b37070297172a713b2d8a5ba9f14f8,a619932df9f2c4241330826cdd4b728164df7fa1672b2941e04fab621da8a78a,[],[],NO_CAPABILITY_APPLICABLE,,,
2217,training-semantic-classifier-v2,training-semantic-registry-v2,7f7c6e88f31a7e4be4fb03761b58b380c6b37070297172a713b2d8a5ba9f14f8,a619932df9f2c4241330826cdd4b728164df7fa1672b2941e04fab621da8a78a,[],[],UNMODELED,,,
2219,training-semantic-classifier-v2,training-semantic-registry-v2,7f7c6e88f31a7e4be4fb03761b58b380c6b37070297172a713b2d8a5ba9f14f8,a619932df9f2c4241330826cdd4b728164df7fa1672b2941e04fab621da8a78a,[],[],UNMODELED,,,
2220,training-semantic-classifier-v2,training-semantic-registry-v2,7f7c6e88f31a7e4be4fb03761b58b380c6b37070297172a713b2d8a5ba9f14f8,a619932df9f2c4241330826cdd4b728164df7fa1672b2941e04fab621da8a78a,[],[],UNMODELED,,,
2221,training-semantic-classifier-v2,training-semantic-registry-v2,7f7c6e88f31a7e4be4fb03761b58b380c6b37070297172a713b2d8a5ba9f14f8,a619932df9f2c4241330826cdd4b728164df7fa1672b2941e04fab621da8a78a,[],[],UNMODELED,,,
2222,training-semantic-classifier-v2,training-semantic-registry-v2,7f7c6e88f31a7e4be4fb03761b58b380c6b37070297172a713b2d8a5ba9f14f8,a619932df9f2c4241330826cdd4b728164df7fa1672b2941e04fab621da8a78a,[],[],NO_CAPABILITY_APPLICABLE,,,
2223,training-semantic-classifier-v2,training-semantic-registry-v2,7f7c6e88f31a7e4be4fb03761b58b380c6b37070297172a713b2d8a5ba9f14f8,a619932df9f2c4241330826cdd4b728164df7fa1672b2941e04fab621da8a78a,[],[],NO_CAPABILITY_APPLICABLE,,,
2224,training-semantic-classifier-v2,training-semantic-registry-v2,7f7c6e88f31a7e4be4fb03761b58b380c6b37070297172a713b2d8a5ba9f14f8,a619932df9f2c4241330826cdd4b728164df7fa1672b2941e04fab621da8a78a,[],[],NO_CAPABILITY_APPLICABLE,,,
2225,training-semantic-classifier-v2,training-semantic-registry-v2,7f7c6e88f31a7e4be4fb03761b58b380c6b37070297172a713b2d8a5ba9f14f8,a619932df9f2c4241330826cdd4b728164df7fa1672b2941e04fab621da8a78a,[],[],NO_CAPABILITY_APPLICABLE,,,
2226,training-semantic-classifier-v2,training-semantic-registry-v2,7f7c6e88f31a7e4be4fb03761b58b380c6b37070297172a713b2d8a5ba9f14f8,a619932df9f2c4241330826cdd4b728164df7fa1672b2941e04fab621da8a78a,[],[],NO_CAPABILITY_APPLICABLE,,,
2227,training-semantic-classifier-v2,training-semantic-registry-v2,7f7c6e88f31a7e4be4fb03761b58b380c6b37070297172a713b2d8a5ba9f14f8,a619932df9f2c4241330826cdd4b728164df7fa1672b2941e04fab621da8a78a,[],[],NO_CAPABILITY_APPLICABLE,,,
2228,training-semantic-classifier-v2,training-semantic-registry-v2,7f7c6e88f31a7e4be4fb03761b58b380c6b37070297172a713b2d8a5ba9f14f8,a619932df9f2c4241330826cdd4b728164df7fa1672b2941e04fab621da8a78a,[],"[{""functionCode"":""BARBELL_SUPPORT"",""relationType"":""DIRECT"",""classificationConfidence"":""EXPLICIT""}]",NO_CAPABILITY_APPLICABLE,,Training Function assignment does not imply complete exercise semantic coverage.,
2229,training-semantic-classifier-v2,training-semantic-registry-v2,7f7c6e88f31a7e4be4fb03761b58b380c6b37070297172a713b2d8a5ba9f14f8,a619932df9f2c4241330826cdd4b728164df7fa1672b2941e04fab621da8a78a,[],[],NO_CAPABILITY_APPLICABLE,,,
2230,training-semantic-classifier-v2,training-semantic-registry-v2,7f7c6e88f31a7e4be4fb03761b58b380c6b37070297172a713b2d8a5ba9f14f8,a619932df9f2c4241330826cdd4b728164df7fa1672b2941e04fab621da8a78a,[],[],NO_CAPABILITY_APPLICABLE,,,
2231,training-semantic-classifier-v2,training-semantic-registry-v2,7f7c6e88f31a7e4be4fb03761b58b380c6b37070297172a713b2d8a5ba9f14f8,a619932df9f2c4241330826cdd4b728164df7fa1672b2941e04fab621da8a78a,[],"[{""functionCode"":""CABLE_RESISTANCE"",""relationType"":""DIRECT"",""classificationConfidence"":""EXPLICIT""}]",INSUFFICIENT_EVIDENCE,,Training Function assignment does not imply complete exercise semantic coverage.,
2232,training-semantic-classifier-v2,training-semantic-registry-v2,7f7c6e88f31a7e4be4fb03761b58b380c6b37070297172a713b2d8a5ba9f14f8,a619932df9f2c4241330826cdd4b728164df7fa1672b2941e04fab621da8a78a,[],[],NO_CAPABILITY_APPLICABLE,,,
2233,training-semantic-classifier-v2,training-semantic-registry-v2,7f7c6e88f31a7e4be4fb03761b58b380c6b37070297172a713b2d8a5ba9f14f8,a619932df9f2c4241330826cdd4b728164df7fa1672b2941e04fab621da8a78a,[],[],NO_CAPABILITY_APPLICABLE,,,
2234,training-semantic-classifier-v2,training-semantic-registry-v2,7f7c6e88f31a7e4be4fb03761b58b380c6b37070297172a713b2d8a5ba9f14f8,a619932df9f2c4241330826cdd4b728164df7fa1672b2941e04fab621da8a78a,[],[],UNMODELED,,,
2235,training-semantic-classifier-v2,training-semantic-registry-v2,7f7c6e88f31a7e4be4fb03761b58b380c6b37070297172a713b2d8a5ba9f14f8,a619932df9f2c4241330826cdd4b728164df7fa1672b2941e04fab621da8a78a,[],[],NO_CAPABILITY_APPLICABLE,,,
2236,training-semantic-classifier-v2,training-semantic-registry-v2,7f7c6e88f31a7e4be4fb03761b58b380c6b37070297172a713b2d8a5ba9f14f8,a619932df9f2c4241330826cdd4b728164df7fa1672b2941e04fab621da8a78a,[],[],UNMODELED,,,
2237,training-semantic-classifier-v2,training-semantic-registry-v2,7f7c6e88f31a7e4be4fb03761b58b380c6b37070297172a713b2d8a5ba9f14f8,a619932df9f2c4241330826cdd4b728164df7fa1672b2941e04fab621da8a78a,[],[],UNMODELED,,,
2238,training-semantic-classifier-v2,training-semantic-registry-v2,7f7c6e88f31a7e4be4fb03761b58b380c6b37070297172a713b2d8a5ba9f14f8,a619932df9f2c4241330826cdd4b728164df7fa1672b2941e04fab621da8a78a,[],[],UNMODELED,,,
2239,training-semantic-classifier-v2,training-semantic-registry-v2,7f7c6e88f31a7e4be4fb03761b58b380c6b37070297172a713b2d8a5ba9f14f8,a619932df9f2c4241330826cdd4b728164df7fa1672b2941e04fab621da8a78a,[],[],UNMODELED,,,
2241,training-semantic-classifier-v2,training-semantic-registry-v2,7f7c6e88f31a7e4be4fb03761b58b380c6b37070297172a713b2d8a5ba9f14f8,a619932df9f2c4241330826cdd4b728164df7fa1672b2941e04fab621da8a78a,[],[],UNMODELED,,,
2242,training-semantic-classifier-v2,training-semantic-registry-v2,7f7c6e88f31a7e4be4fb03761b58b380c6b37070297172a713b2d8a5ba9f14f8,a619932df9f2c4241330826cdd4b728164df7fa1672b2941e04fab621da8a78a,[],[],NO_CAPABILITY_APPLICABLE,,,
2243,training-semantic-classifier-v2,training-semantic-registry-v2,7f7c6e88f31a7e4be4fb03761b58b380c6b37070297172a713b2d8a5ba9f14f8,a619932df9f2c4241330826cdd4b728164df7fa1672b2941e04fab621da8a78a,[],[],NO_CAPABILITY_APPLICABLE,,,
2244,training-semantic-classifier-v2,training-semantic-registry-v2,7f7c6e88f31a7e4be4fb03761b58b380c6b37070297172a713b2d8a5ba9f14f8,a619932df9f2c4241330826cdd4b728164df7fa1672b2941e04fab621da8a78a,[],[],NO_CAPABILITY_APPLICABLE,,,
2245,training-semantic-classifier-v2,training-semantic-registry-v2,7f7c6e88f31a7e4be4fb03761b58b380c6b37070297172a713b2d8a5ba9f14f8,a619932df9f2c4241330826cdd4b728164df7fa1672b2941e04fab621da8a78a,[],[],NO_CAPABILITY_APPLICABLE,,,
2246,training-semantic-classifier-v2,training-semantic-registry-v2,7f7c6e88f31a7e4be4fb03761b58b380c6b37070297172a713b2d8a5ba9f14f8,a619932df9f2c4241330826cdd4b728164df7fa1672b2941e04fab621da8a78a,[],[],NO_CAPABILITY_APPLICABLE,,,
2247,training-semantic-classifier-v2,training-semantic-registry-v2,7f7c6e88f31a7e4be4fb03761b58b380c6b37070297172a713b2d8a5ba9f14f8,a619932df9f2c4241330826cdd4b728164df7fa1672b2941e04fab621da8a78a,[],[],NO_CAPABILITY_APPLICABLE,,,
2248,training-semantic-classifier-v2,training-semantic-registry-v2,7f7c6e88f31a7e4be4fb03761b58b380c6b37070297172a713b2d8a5ba9f14f8,a619932df9f2c4241330826cdd4b728164df7fa1672b2941e04fab621da8a78a,[],[],NO_CAPABILITY_APPLICABLE,,,
2249,training-semantic-classifier-v2,training-semantic-registry-v2,7f7c6e88f31a7e4be4fb03761b58b380c6b37070297172a713b2d8a5ba9f14f8,a619932df9f2c4241330826cdd4b728164df7fa1672b2941e04fab621da8a78a,[],[],NO_CAPABILITY_APPLICABLE,,,
2250,training-semantic-classifier-v2,training-semantic-registry-v2,7f7c6e88f31a7e4be4fb03761b58b380c6b37070297172a713b2d8a5ba9f14f8,a619932df9f2c4241330826cdd4b728164df7fa1672b2941e04fab621da8a78a,[],[],UNMODELED,,,
2251,training-semantic-classifier-v2,training-semantic-registry-v2,7f7c6e88f31a7e4be4fb03761b58b380c6b37070297172a713b2d8a5ba9f14f8,a619932df9f2c4241330826cdd4b728164df7fa1672b2941e04fab621da8a78a,[],[],UNMODELED,,,
2252,training-semantic-classifier-v2,training-semantic-registry-v2,7f7c6e88f31a7e4be4fb03761b58b380c6b37070297172a713b2d8a5ba9f14f8,a619932df9f2c4241330826cdd4b728164df7fa1672b2941e04fab621da8a78a,[],[],UNMODELED,,,
2253,training-semantic-classifier-v2,training-semantic-registry-v2,7f7c6e88f31a7e4be4fb03761b58b380c6b37070297172a713b2d8a5ba9f14f8,a619932df9f2c4241330826cdd4b728164df7fa1672b2941e04fab621da8a78a,[],[],UNMODELED,,,
2254,training-semantic-classifier-v2,training-semantic-registry-v2,7f7c6e88f31a7e4be4fb03761b58b380c6b37070297172a713b2d8a5ba9f14f8,a619932df9f2c4241330826cdd4b728164df7fa1672b2941e04fab621da8a78a,[],[],UNMODELED,,,
2255,training-semantic-classifier-v2,training-semantic-registry-v2,7f7c6e88f31a7e4be4fb03761b58b380c6b37070297172a713b2d8a5ba9f14f8,a619932df9f2c4241330826cdd4b728164df7fa1672b2941e04fab621da8a78a,[],[],NO_CAPABILITY_APPLICABLE,,,
2256,training-semantic-classifier-v2,training-semantic-registry-v2,7f7c6e88f31a7e4be4fb03761b58b380c6b37070297172a713b2d8a5ba9f14f8,a619932df9f2c4241330826cdd4b728164df7fa1672b2941e04fab621da8a78a,[],[],NO_CAPABILITY_APPLICABLE,,,
2257,training-semantic-classifier-v2,training-semantic-registry-v2,7f7c6e88f31a7e4be4fb03761b58b380c6b37070297172a713b2d8a5ba9f14f8,a619932df9f2c4241330826cdd4b728164df7fa1672b2941e04fab621da8a78a,[],[],NO_CAPABILITY_APPLICABLE,,,
2258,training-semantic-classifier-v2,training-semantic-registry-v2,7f7c6e88f31a7e4be4fb03761b58b380c6b37070297172a713b2d8a5ba9f14f8,a619932df9f2c4241330826cdd4b728164df7fa1672b2941e04fab621da8a78a,[],[],NO_CAPABILITY_APPLICABLE,,,
2260,training-semantic-classifier-v2,training-semantic-registry-v2,7f7c6e88f31a7e4be4fb03761b58b380c6b37070297172a713b2d8a5ba9f14f8,a619932df9f2c4241330826cdd4b728164df7fa1672b2941e04fab621da8a78a,[],[],NO_CAPABILITY_APPLICABLE,,,
2261,training-semantic-classifier-v2,training-semantic-registry-v2,7f7c6e88f31a7e4be4fb03761b58b380c6b37070297172a713b2d8a5ba9f14f8,a619932df9f2c4241330826cdd4b728164df7fa1672b2941e04fab621da8a78a,[],[],UNMODELED,,,
2262,training-semantic-classifier-v2,training-semantic-registry-v2,7f7c6e88f31a7e4be4fb03761b58b380c6b37070297172a713b2d8a5ba9f14f8,a619932df9f2c4241330826cdd4b728164df7fa1672b2941e04fab621da8a78a,[],[],UNMODELED,,,
2263,training-semantic-classifier-v2,training-semantic-registry-v2,7f7c6e88f31a7e4be4fb03761b58b380c6b37070297172a713b2d8a5ba9f14f8,a619932df9f2c4241330826cdd4b728164df7fa1672b2941e04fab621da8a78a,[],[],NO_CAPABILITY_APPLICABLE,,,
2264,training-semantic-classifier-v2,training-semantic-registry-v2,7f7c6e88f31a7e4be4fb03761b58b380c6b37070297172a713b2d8a5ba9f14f8,a619932df9f2c4241330826cdd4b728164df7fa1672b2941e04fab621da8a78a,[],[],NO_CAPABILITY_APPLICABLE,,,
2265,training-semantic-classifier-v2,training-semantic-registry-v2,7f7c6e88f31a7e4be4fb03761b58b380c6b37070297172a713b2d8a5ba9f14f8,a619932df9f2c4241330826cdd4b728164df7fa1672b2941e04fab621da8a78a,[],[],UNMODELED,,,
2266,training-semantic-classifier-v2,training-semantic-registry-v2,7f7c6e88f31a7e4be4fb03761b58b380c6b37070297172a713b2d8a5ba9f14f8,a619932df9f2c4241330826cdd4b728164df7fa1672b2941e04fab621da8a78a,[],[],UNMODELED,,,
2267,training-semantic-classifier-v2,training-semantic-registry-v2,7f7c6e88f31a7e4be4fb03761b58b380c6b37070297172a713b2d8a5ba9f14f8,a619932df9f2c4241330826cdd4b728164df7fa1672b2941e04fab621da8a78a,[],[],UNMODELED,,,
2268,training-semantic-classifier-v2,training-semantic-registry-v2,7f7c6e88f31a7e4be4fb03761b58b380c6b37070297172a713b2d8a5ba9f14f8,a619932df9f2c4241330826cdd4b728164df7fa1672b2941e04fab621da8a78a,[],[],NO_CAPABILITY_APPLICABLE,,,
2269,training-semantic-classifier-v2,training-semantic-registry-v2,7f7c6e88f31a7e4be4fb03761b58b380c6b37070297172a713b2d8a5ba9f14f8,a619932df9f2c4241330826cdd4b728164df7fa1672b2941e04fab621da8a78a,[],[],NO_CAPABILITY_APPLICABLE,,,
2270,training-semantic-classifier-v2,training-semantic-registry-v2,7f7c6e88f31a7e4be4fb03761b58b380c6b37070297172a713b2d8a5ba9f14f8,a619932df9f2c4241330826cdd4b728164df7fa1672b2941e04fab621da8a78a,[],[],UNMODELED,,,
2271,training-semantic-classifier-v2,training-semantic-registry-v2,7f7c6e88f31a7e4be4fb03761b58b380c6b37070297172a713b2d8a5ba9f14f8,a619932df9f2c4241330826cdd4b728164df7fa1672b2941e04fab621da8a78a,[],[],UNMODELED,,,
2272,training-semantic-classifier-v2,training-semantic-registry-v2,7f7c6e88f31a7e4be4fb03761b58b380c6b37070297172a713b2d8a5ba9f14f8,a619932df9f2c4241330826cdd4b728164df7fa1672b2941e04fab621da8a78a,[],[],NO_CAPABILITY_APPLICABLE,,,
2273,training-semantic-classifier-v2,training-semantic-registry-v2,7f7c6e88f31a7e4be4fb03761b58b380c6b37070297172a713b2d8a5ba9f14f8,a619932df9f2c4241330826cdd4b728164df7fa1672b2941e04fab621da8a78a,[],[],NO_CAPABILITY_APPLICABLE,,,
2274,training-semantic-classifier-v2,training-semantic-registry-v2,7f7c6e88f31a7e4be4fb03761b58b380c6b37070297172a713b2d8a5ba9f14f8,a619932df9f2c4241330826cdd4b728164df7fa1672b2941e04fab621da8a78a,[],[],NO_CAPABILITY_APPLICABLE,,,
2275,training-semantic-classifier-v2,training-semantic-registry-v2,7f7c6e88f31a7e4be4fb03761b58b380c6b37070297172a713b2d8a5ba9f14f8,a619932df9f2c4241330826cdd4b728164df7fa1672b2941e04fab621da8a78a,[],[],NO_CAPABILITY_APPLICABLE,,,
2277,training-semantic-classifier-v2,training-semantic-registry-v2,7f7c6e88f31a7e4be4fb03761b58b380c6b37070297172a713b2d8a5ba9f14f8,a619932df9f2c4241330826cdd4b728164df7fa1672b2941e04fab621da8a78a,[],[],NO_CAPABILITY_APPLICABLE,,,
2278,training-semantic-classifier-v2,training-semantic-registry-v2,7f7c6e88f31a7e4be4fb03761b58b380c6b37070297172a713b2d8a5ba9f14f8,a619932df9f2c4241330826cdd4b728164df7fa1672b2941e04fab621da8a78a,[],[],NO_CAPABILITY_APPLICABLE,,,
2279,training-semantic-classifier-v2,training-semantic-registry-v2,7f7c6e88f31a7e4be4fb03761b58b380c6b37070297172a713b2d8a5ba9f14f8,a619932df9f2c4241330826cdd4b728164df7fa1672b2941e04fab621da8a78a,[],[],NO_CAPABILITY_APPLICABLE,,,
2280,training-semantic-classifier-v2,training-semantic-registry-v2,7f7c6e88f31a7e4be4fb03761b58b380c6b37070297172a713b2d8a5ba9f14f8,a619932df9f2c4241330826cdd4b728164df7fa1672b2941e04fab621da8a78a,[],[],INSUFFICIENT_EVIDENCE,,,
2281,training-semantic-classifier-v2,training-semantic-registry-v2,7f7c6e88f31a7e4be4fb03761b58b380c6b37070297172a713b2d8a5ba9f14f8,a619932df9f2c4241330826cdd4b728164df7fa1672b2941e04fab621da8a78a,[],[],UNMODELED,,,
2282,training-semantic-classifier-v2,training-semantic-registry-v2,7f7c6e88f31a7e4be4fb03761b58b380c6b37070297172a713b2d8a5ba9f14f8,a619932df9f2c4241330826cdd4b728164df7fa1672b2941e04fab621da8a78a,[],[],UNMODELED,,,
2283,training-semantic-classifier-v2,training-semantic-registry-v2,7f7c6e88f31a7e4be4fb03761b58b380c6b37070297172a713b2d8a5ba9f14f8,a619932df9f2c4241330826cdd4b728164df7fa1672b2941e04fab621da8a78a,[],[],NO_CAPABILITY_APPLICABLE,,,
2284,training-semantic-classifier-v2,training-semantic-registry-v2,7f7c6e88f31a7e4be4fb03761b58b380c6b37070297172a713b2d8a5ba9f14f8,a619932df9f2c4241330826cdd4b728164df7fa1672b2941e04fab621da8a78a,"[{""capabilityCode"":""DIP"",""relationType"":""DIRECT"",""classificationConfidence"":""EXPLICIT""}]",[],UNMODELED,,,
2285,training-semantic-classifier-v2,training-semantic-registry-v2,7f7c6e88f31a7e4be4fb03761b58b380c6b37070297172a713b2d8a5ba9f14f8,a619932df9f2c4241330826cdd4b728164df7fa1672b2941e04fab621da8a78a,[],"[{""functionCode"":""CABLE_RESISTANCE"",""relationType"":""FAMILY_DERIVED"",""classificationConfidence"":""HIGH""}]",NO_CAPABILITY_APPLICABLE,,Training Function assignment does not imply complete exercise semantic coverage.,
2286,training-semantic-classifier-v2,training-semantic-registry-v2,7f7c6e88f31a7e4be4fb03761b58b380c6b37070297172a713b2d8a5ba9f14f8,a619932df9f2c4241330826cdd4b728164df7fa1672b2941e04fab621da8a78a,[],[],NO_CAPABILITY_APPLICABLE,,,
2287,training-semantic-classifier-v2,training-semantic-registry-v2,7f7c6e88f31a7e4be4fb03761b58b380c6b37070297172a713b2d8a5ba9f14f8,a619932df9f2c4241330826cdd4b728164df7fa1672b2941e04fab621da8a78a,[],[],UNMODELED,,,
2288,training-semantic-classifier-v2,training-semantic-registry-v2,7f7c6e88f31a7e4be4fb03761b58b380c6b37070297172a713b2d8a5ba9f14f8,a619932df9f2c4241330826cdd4b728164df7fa1672b2941e04fab621da8a78a,[],[],NO_CAPABILITY_APPLICABLE,,,
2289,training-semantic-classifier-v2,training-semantic-registry-v2,7f7c6e88f31a7e4be4fb03761b58b380c6b37070297172a713b2d8a5ba9f14f8,a619932df9f2c4241330826cdd4b728164df7fa1672b2941e04fab621da8a78a,[],[],NO_CAPABILITY_APPLICABLE,,,
2290,training-semantic-classifier-v2,training-semantic-registry-v2,7f7c6e88f31a7e4be4fb03761b58b380c6b37070297172a713b2d8a5ba9f14f8,a619932df9f2c4241330826cdd4b728164df7fa1672b2941e04fab621da8a78a,[],[],UNMODELED,,,
2291,training-semantic-classifier-v2,training-semantic-registry-v2,7f7c6e88f31a7e4be4fb03761b58b380c6b37070297172a713b2d8a5ba9f14f8,a619932df9f2c4241330826cdd4b728164df7fa1672b2941e04fab621da8a78a,[],[],NO_CAPABILITY_APPLICABLE,,,
2292,training-semantic-classifier-v2,training-semantic-registry-v2,7f7c6e88f31a7e4be4fb03761b58b380c6b37070297172a713b2d8a5ba9f14f8,a619932df9f2c4241330826cdd4b728164df7fa1672b2941e04fab621da8a78a,[],[],UNMODELED,,,
2293,training-semantic-classifier-v2,training-semantic-registry-v2,7f7c6e88f31a7e4be4fb03761b58b380c6b37070297172a713b2d8a5ba9f14f8,a619932df9f2c4241330826cdd4b728164df7fa1672b2941e04fab621da8a78a,[],[],UNMODELED,,,
2294,training-semantic-classifier-v2,training-semantic-registry-v2,7f7c6e88f31a7e4be4fb03761b58b380c6b37070297172a713b2d8a5ba9f14f8,a619932df9f2c4241330826cdd4b728164df7fa1672b2941e04fab621da8a78a,[],[],UNMODELED,,,
2295,training-semantic-classifier-v2,training-semantic-registry-v2,7f7c6e88f31a7e4be4fb03761b58b380c6b37070297172a713b2d8a5ba9f14f8,a619932df9f2c4241330826cdd4b728164df7fa1672b2941e04fab621da8a78a,[],[],UNMODELED,,,
2296,training-semantic-classifier-v2,training-semantic-registry-v2,7f7c6e88f31a7e4be4fb03761b58b380c6b37070297172a713b2d8a5ba9f14f8,a619932df9f2c4241330826cdd4b728164df7fa1672b2941e04fab621da8a78a,[],[],UNMODELED,,,
2297,training-semantic-classifier-v2,training-semantic-registry-v2,7f7c6e88f31a7e4be4fb03761b58b380c6b37070297172a713b2d8a5ba9f14f8,a619932df9f2c4241330826cdd4b728164df7fa1672b2941e04fab621da8a78a,[],[],UNMODELED,,,
2298,training-semantic-classifier-v2,training-semantic-registry-v2,7f7c6e88f31a7e4be4fb03761b58b380c6b37070297172a713b2d8a5ba9f14f8,a619932df9f2c4241330826cdd4b728164df7fa1672b2941e04fab621da8a78a,"[{""capabilityCode"":""HACK_SQUAT"",""relationType"":""DIRECT"",""classificationConfidence"":""EXPLICIT""}]",[],UNMODELED,,,SQUAT:squat
2299,training-semantic-classifier-v2,training-semantic-registry-v2,7f7c6e88f31a7e4be4fb03761b58b380c6b37070297172a713b2d8a5ba9f14f8,a619932df9f2c4241330826cdd4b728164df7fa1672b2941e04fab621da8a78a,[],[],UNMODELED,,,
2300,training-semantic-classifier-v2,training-semantic-registry-v2,7f7c6e88f31a7e4be4fb03761b58b380c6b37070297172a713b2d8a5ba9f14f8,a619932df9f2c4241330826cdd4b728164df7fa1672b2941e04fab621da8a78a,"[{""capabilityCode"":""LAT_PULLDOWN"",""relationType"":""DIRECT"",""classificationConfidence"":""EXPLICIT""}]","[{""functionCode"":""CABLE_RESISTANCE"",""relationType"":""DIRECT"",""classificationConfidence"":""EXPLICIT""}]",UNMODELED,,,
2301,training-semantic-classifier-v2,training-semantic-registry-v2,7f7c6e88f31a7e4be4fb03761b58b380c6b37070297172a713b2d8a5ba9f14f8,a619932df9f2c4241330826cdd4b728164df7fa1672b2941e04fab621da8a78a,"[{""capabilityCode"":""LEG_CURL"",""relationType"":""DIRECT"",""classificationConfidence"":""EXPLICIT""}]",[],UNMODELED,,,
2302,training-semantic-classifier-v2,training-semantic-registry-v2,7f7c6e88f31a7e4be4fb03761b58b380c6b37070297172a713b2d8a5ba9f14f8,a619932df9f2c4241330826cdd4b728164df7fa1672b2941e04fab621da8a78a,"[{""capabilityCode"":""HIP_THRUST"",""relationType"":""DIRECT"",""classificationConfidence"":""EXPLICIT""}]",[],UNMODELED,,,
2303,training-semantic-classifier-v2,training-semantic-registry-v2,7f7c6e88f31a7e4be4fb03761b58b380c6b37070297172a713b2d8a5ba9f14f8,a619932df9f2c4241330826cdd4b728164df7fa1672b2941e04fab621da8a78a,[],[],NO_CAPABILITY_APPLICABLE,,,SQUAT:sentadilla
2304,training-semantic-classifier-v2,training-semantic-registry-v2,7f7c6e88f31a7e4be4fb03761b58b380c6b37070297172a713b2d8a5ba9f14f8,a619932df9f2c4241330826cdd4b728164df7fa1672b2941e04fab621da8a78a,[],[],UNMODELED,,,
2305,training-semantic-classifier-v2,training-semantic-registry-v2,7f7c6e88f31a7e4be4fb03761b58b380c6b37070297172a713b2d8a5ba9f14f8,a619932df9f2c4241330826cdd4b728164df7fa1672b2941e04fab621da8a78a,[],"[{""functionCode"":""BARBELL_SUPPORT"",""relationType"":""DIRECT"",""classificationConfidence"":""EXPLICIT""}]",NO_CAPABILITY_APPLICABLE,,Training Function assignment does not imply complete exercise semantic coverage.,
2306,training-semantic-classifier-v2,training-semantic-registry-v2,7f7c6e88f31a7e4be4fb03761b58b380c6b37070297172a713b2d8a5ba9f14f8,a619932df9f2c4241330826cdd4b728164df7fa1672b2941e04fab621da8a78a,[],[],NO_CAPABILITY_APPLICABLE,,,
